
Microenvironment summary: 
microenvironment: 
Microenvironment_private_data:
temporary_density_vectors1:
32.7636 0.5 0.5 0 
32.7636 0.5 0.5 0 
32.7635 0.5 0.5 0 
32.7635 0.5 0.5 0 
32.7634 0.5 0.5 0 
32.7634 0.5 0.5 0 
32.7633 0.5 0.5 0 
32.7632 0.5 0.5 0 
32.7631 0.5 0.5 0 
32.763 0.5 0.5 0 
32.7629 0.5 0.5 0 
32.7628 0.5 0.5 0 
32.7627 0.5 0.5 0 
32.7626 0.5 0.5 0 
32.7624 0.5 0.5 0 
32.7623 0.5 0.5 0 
32.7622 0.5 0.5 0 
32.7621 0.5 0.5 0 
32.762 0.5 0.5 0 
32.7619 0.5 0.5 0 
32.7619 0.5 0.5 0 
32.7618 0.5 0.5 0 
32.7617 0.5 0.5 0 
32.7617 0.5 0.5 0 
32.7617 0.5 0.5 0 
32.7617 0.5 0.5 0 
32.7617 0.5 0.5 0 
32.7617 0.5 0.5 0 
32.7618 0.5 0.5 0 
32.7618 0.5 0.5 0 
32.7619 0.5 0.5 0 
32.762 0.5 0.5 0 
32.7621 0.5 0.5 0 
32.7622 0.5 0.5 0 
32.7623 0.5 0.5 0 
32.7624 0.5 0.5 0 
32.7625 0.5 0.5 0 
32.7626 0.5 0.5 0 
32.7628 0.5 0.5 0 
32.7629 0.5 0.5 0 
32.763 0.5 0.5 0 
32.7631 0.5 0.5 0 
32.7632 0.5 0.5 0 
32.7632 0.5 0.5 0 
32.7633 0.5 0.5 0 
32.7634 0.5 0.5 0 
32.7634 0.5 0.5 0 
32.7635 0.5 0.5 0 
32.7635 0.5 0.5 0 
32.7635 0.5 0.5 0 
32.7636 0.5 0.5 0 
32.7635 0.5 0.5 0 
32.7635 0.5 0.5 0 
32.7635 0.5 0.5 0 
32.7634 0.5 0.5 0 
32.7634 0.5 0.5 0 
32.7633 0.5 0.5 0 
32.7632 0.5 0.5 0 
32.7631 0.5 0.5 0 
32.763 0.5 0.5 0 
32.7629 0.5 0.5 0 
32.7628 0.5 0.5 0 
32.7627 0.5 0.5 0 
32.7625 0.5 0.5 0 
32.7624 0.5 0.5 0 
32.7623 0.5 0.5 0 
32.7622 0.5 0.5 0 
32.7621 0.5 0.5 0 
32.762 0.5 0.5 0 
32.7619 0.5 0.5 0 
32.7618 0.5 0.5 0 
32.7618 0.5 0.5 0 
32.7617 0.5 0.5 0 
32.7617 0.5 0.5 0 
32.7616 0.5 0.5 0 
32.7616 0.5 0.5 0 
32.7617 0.5 0.5 0 
32.7617 0.5 0.5 0 
32.7617 0.5 0.5 0 
32.7618 0.5 0.5 0 
32.7619 0.5 0.5 0 
32.762 0.5 0.5 0 
32.7621 0.5 0.5 0 
32.7622 0.5 0.5 0 
32.7623 0.5 0.5 0 
32.7624 0.5 0.5 0 
32.7625 0.5 0.5 0 
32.7626 0.5 0.5 0 
32.7627 0.5 0.5 0 
32.7628 0.5 0.5 0 
32.7629 0.5 0.5 0 
32.763 0.5 0.5 0 
32.7631 0.5 0.5 0 
32.7632 0.5 0.5 0 
32.7633 0.5 0.5 0 
32.7634 0.5 0.5 0 
32.7634 0.5 0.5 0 
32.7635 0.5 0.5 0 
32.7635 0.5 0.5 0 
32.7635 0.5 0.5 0 
32.7635 0.5 0.5 0 
32.7635 0.5 0.5 0 
32.7635 0.5 0.5 0 
32.7634 0.5 0.5 0 
32.7634 0.5 0.5 0 
32.7633 0.5 0.5 0 
32.7632 0.5 0.5 0 
32.7632 0.5 0.5 0 
32.7631 0.5 0.5 0 
32.763 0.5 0.5 0 
32.7628 0.5 0.5 0 
32.7627 0.5 0.5 0 
32.7626 0.5 0.5 0 
32.7625 0.5 0.5 0 
32.7624 0.5 0.5 0 
32.7622 0.5 0.5 0 
32.7621 0.5 0.5 0 
32.762 0.5 0.5 0 
32.7619 0.5 0.5 0 
32.7618 0.5 0.5 0 
32.7617 0.5 0.5 0 
32.7617 0.5 0.5 0 
32.7616 0.5 0.5 0 
32.7616 0.5 0.5 0 
32.7616 0.5 0.5 0 
32.7616 0.5 0.5 0 
32.7616 0.5 0.5 0 
32.7616 0.5 0.5 0 
32.7617 0.5 0.5 0 
32.7617 0.5 0.5 0 
32.7618 0.5 0.5 0 
32.7619 0.5 0.5 0 
32.762 0.5 0.5 0 
32.7621 0.5 0.5 0 
32.7622 0.5 0.5 0 
32.7623 0.5 0.5 0 
32.7624 0.5 0.5 0 
32.7626 0.5 0.5 0 
32.7627 0.5 0.5 0 
32.7628 0.5 0.5 0 
32.7629 0.5 0.5 0 
32.763 0.5 0.5 0 
32.7631 0.5 0.5 0 
32.7632 0.5 0.5 0 
32.7633 0.5 0.5 0 
32.7633 0.5 0.5 0 
32.7634 0.5 0.5 0 
32.7634 0.5 0.5 0 
32.7635 0.5 0.5 0 
32.7635 0.5 0.5 0 
32.7635 0.5 0.5 0 
32.7635 0.5 0.5 0 
32.7634 0.5 0.5 0 
32.7634 0.5 0.5 0 
32.7633 0.5 0.5 0 
32.7633 0.5 0.5 0 
32.7632 0.5 0.5 0 
32.7631 0.5 0.5 0 
32.763 0.5 0.5 0 
32.7629 0.5 0.5 0 
32.7628 0.5 0.5 0 
32.7627 0.5 0.5 0 
32.7625 0.5 0.5 0 
32.7624 0.5 0.5 0 
32.7623 0.5 0.5 0 
32.7622 0.5 0.5 0 
32.762 0.5 0.5 0 
32.7619 0.5 0.5 0 
32.7618 0.5 0.5 0 
32.7617 0.5 0.5 0 
32.7616 0.5 0.5 0 
32.7615 0.5 0.5 0 
32.7615 0.5 0.5 0 
32.7615 0.5 0.5 0 
32.7614 0.5 0.5 0 
32.7614 0.5 0.5 0 
32.7614 0.5 0.5 0 
32.7615 0.5 0.5 0 
32.7615 0.5 0.5 0 
32.7616 0.5 0.5 0 
32.7617 0.5 0.5 0 
32.7618 0.5 0.5 0 
32.7619 0.5 0.5 0 
32.762 0.5 0.5 0 
32.7621 0.5 0.5 0 
32.7622 0.5 0.5 0 
32.7624 0.5 0.5 0 
32.7625 0.5 0.5 0 
32.7626 0.5 0.5 0 
32.7627 0.5 0.5 0 
32.7628 0.5 0.5 0 
32.763 0.5 0.5 0 
32.7631 0.5 0.5 0 
32.7631 0.5 0.5 0 
32.7632 0.5 0.5 0 
32.7633 0.5 0.5 0 
32.7633 0.5 0.5 0 
32.7634 0.5 0.5 0 
32.7634 0.5 0.5 0 
32.7634 0.5 0.5 0 
32.7634 0.5 0.5 0 
32.7634 0.5 0.5 0 
32.7634 0.5 0.5 0 
32.7633 0.5 0.5 0 
32.7633 0.5 0.5 0 
32.7632 0.5 0.5 0 
32.7631 0.5 0.5 0 
32.763 0.5 0.5 0 
32.7629 0.5 0.5 0 
32.7628 0.5 0.5 0 
32.7627 0.5 0.5 0 
32.7626 0.5 0.5 0 
32.7624 0.5 0.5 0 
32.7623 0.5 0.5 0 
32.7622 0.5 0.5 0 
32.762 0.5 0.5 0 
32.7619 0.5 0.5 0 
32.7618 0.5 0.5 0 
32.7617 0.5 0.5 0 
32.7616 0.5 0.5 0 
32.7615 0.5 0.5 0 
32.7614 0.5 0.5 0 
32.7613 0.5 0.5 0 
32.7613 0.5 0.5 0 
32.7613 0.5 0.5 0 
32.7613 0.5 0.5 0 
32.7613 0.5 0.5 0 
32.7613 0.5 0.5 0 
32.7614 0.5 0.5 0 
32.7614 0.5 0.5 0 
32.7615 0.5 0.5 0 
32.7616 0.5 0.5 0 
32.7617 0.5 0.5 0 
32.7619 0.5 0.5 0 
32.762 0.5 0.5 0 
32.7621 0.5 0.5 0 
32.7623 0.5 0.5 0 
32.7624 0.5 0.5 0 
32.7625 0.5 0.5 0 
32.7626 0.5 0.5 0 
32.7628 0.5 0.5 0 
32.7629 0.5 0.5 0 
32.763 0.5 0.5 0 
32.7631 0.5 0.5 0 
32.7632 0.5 0.5 0 
32.7632 0.5 0.5 0 
32.7633 0.5 0.5 0 
32.7633 0.5 0.5 0 
32.7634 0.5 0.5 0 
32.7634 0.5 0.5 0 
32.7634 0.5 0.5 0 
32.7634 0.5 0.5 0 
32.7633 0.5 0.5 0 
32.7633 0.5 0.5 0 
32.7632 0.5 0.5 0 
32.7631 0.5 0.5 0 
32.7631 0.5 0.5 0 
32.763 0.5 0.5 0 
32.7628 0.5 0.5 0 
32.7627 0.5 0.5 0 
32.7626 0.5 0.5 0 
32.7625 0.5 0.5 0 
32.7623 0.5 0.5 0 
32.7622 0.5 0.5 0 
32.762 0.5 0.5 0 
32.7619 0.5 0.5 0 
32.7617 0.5 0.5 0 
32.7616 0.5 0.5 0 
32.7615 0.5 0.5 0 
32.7614 0.5 0.5 0 
32.7613 0.5 0.5 0 
32.7612 0.5 0.5 0 
32.7611 0.5 0.5 0 
32.7611 0.5 0.5 0 
32.761 0.5 0.5 0 
32.761 0.5 0.5 0 
32.7611 0.5 0.5 0 
32.7611 0.5 0.5 0 
32.7612 0.5 0.5 0 
32.7612 0.5 0.5 0 
32.7613 0.5 0.5 0 
32.7614 0.5 0.5 0 
32.7616 0.5 0.5 0 
32.7617 0.5 0.5 0 
32.7618 0.5 0.5 0 
32.762 0.5 0.5 0 
32.7621 0.5 0.5 0 
32.7623 0.5 0.5 0 
32.7624 0.5 0.5 0 
32.7625 0.5 0.5 0 
32.7627 0.5 0.5 0 
32.7628 0.5 0.5 0 
32.7629 0.5 0.5 0 
32.763 0.5 0.5 0 
32.7631 0.5 0.5 0 
32.7632 0.5 0.5 0 
32.7632 0.5 0.5 0 
32.7633 0.5 0.5 0 
32.7633 0.5 0.5 0 
32.7633 0.5 0.5 0 
32.7633 0.5 0.5 0 
32.7633 0.5 0.5 0 
32.7632 0.5 0.5 0 
32.7632 0.5 0.5 0 
32.7631 0.5 0.5 0 
32.7631 0.5 0.5 0 
32.763 0.5 0.5 0 
32.7629 0.5 0.5 0 
32.7627 0.5 0.5 0 
32.7626 0.5 0.5 0 
32.7625 0.5 0.5 0 
32.7623 0.5 0.5 0 
32.7622 0.5 0.5 0 
32.762 0.5 0.5 0 
32.7619 0.5 0.5 0 
32.7617 0.5 0.5 0 
32.7615 0.5 0.5 0 
32.7614 0.5 0.5 0 
32.7613 0.5 0.5 0 
32.7611 0.5 0.5 0 
32.761 0.5 0.5 0 
32.7609 0.5 0.5 0 
32.7609 0.5 0.5 0 
32.7608 0.5 0.5 0 
32.7608 0.5 0.5 0 
32.7608 0.5 0.5 0 
32.7608 0.5 0.5 0 
32.7608 0.5 0.5 0 
32.7609 0.5 0.5 0 
32.761 0.5 0.5 0 
32.7611 0.5 0.5 0 
32.7612 0.5 0.5 0 
32.7614 0.5 0.5 0 
32.7615 0.5 0.5 0 
32.7616 0.5 0.5 0 
32.7618 0.5 0.5 0 
32.762 0.5 0.5 0 
32.7621 0.5 0.5 0 
32.7623 0.5 0.5 0 
32.7624 0.5 0.5 0 
32.7625 0.5 0.5 0 
32.7627 0.5 0.5 0 
32.7628 0.5 0.5 0 
32.7629 0.5 0.5 0 
32.763 0.5 0.5 0 
32.7631 0.5 0.5 0 
32.7631 0.5 0.5 0 
32.7632 0.5 0.5 0 
32.7632 0.5 0.5 0 
32.7632 0.5 0.5 0 
32.7632 0.5 0.5 0 
32.7632 0.5 0.5 0 
32.7632 0.5 0.5 0 
32.7631 0.5 0.5 0 
32.763 0.5 0.5 0 
32.7629 0.5 0.5 0 
32.7628 0.5 0.5 0 
32.7627 0.5 0.5 0 
32.7626 0.5 0.5 0 
32.7625 0.5 0.5 0 
32.7623 0.5 0.5 0 
32.7622 0.5 0.5 0 
32.762 0.5 0.5 0 
32.7618 0.5 0.5 0 
32.7617 0.5 0.5 0 
32.7615 0.5 0.5 0 
32.7613 0.5 0.5 0 
32.7611 0.5 0.5 0 
32.761 0.5 0.5 0 
32.7609 0.5 0.5 0 
32.7607 0.5 0.5 0 
32.7606 0.5 0.5 0 
32.7606 0.5 0.5 0 
32.7605 0.5 0.5 0 
32.7605 0.5 0.5 0 
32.7605 0.5 0.5 0 
32.7605 0.5 0.5 0 
32.7605 0.5 0.5 0 
32.7606 0.5 0.5 0 
32.7607 0.5 0.5 0 
32.7608 0.5 0.5 0 
32.761 0.5 0.5 0 
32.7611 0.5 0.5 0 
32.7613 0.5 0.5 0 
32.7614 0.5 0.5 0 
32.7616 0.5 0.5 0 
32.7618 0.5 0.5 0 
32.7619 0.5 0.5 0 
32.7621 0.5 0.5 0 
32.7623 0.5 0.5 0 
32.7624 0.5 0.5 0 
32.7625 0.5 0.5 0 
32.7627 0.5 0.5 0 
32.7628 0.5 0.5 0 
32.7629 0.5 0.5 0 
32.763 0.5 0.5 0 
32.763 0.5 0.5 0 
32.7631 0.5 0.5 0 
32.7631 0.5 0.5 0 
32.7631 0.5 0.5 0 
32.7631 0.5 0.5 0 
32.7631 0.5 0.5 0 
32.7631 0.5 0.5 0 
32.763 0.5 0.5 0 
32.7629 0.5 0.5 0 
32.7628 0.5 0.5 0 
32.7627 0.5 0.5 0 
32.7626 0.5 0.5 0 
32.7625 0.5 0.5 0 
32.7623 0.5 0.5 0 
32.7622 0.5 0.5 0 
32.762 0.5 0.5 0 
32.7618 0.5 0.5 0 
32.7616 0.5 0.5 0 
32.7614 0.5 0.5 0 
32.7612 0.5 0.5 0 
32.761 0.5 0.5 0 
32.7609 0.5 0.5 0 
32.7607 0.5 0.5 0 
32.7605 0.5 0.5 0 
32.7604 0.5 0.5 0 
32.7603 0.5 0.5 0 
32.7602 0.5 0.5 0 
32.7601 0.5 0.5 0 
32.7601 0.5 0.5 0 
32.7601 0.5 0.5 0 
32.7601 0.5 0.5 0 
32.7602 0.5 0.5 0 
32.7603 0.5 0.5 0 
32.7604 0.5 0.5 0 
32.7605 0.5 0.5 0 
32.7607 0.5 0.5 0 
32.7608 0.5 0.5 0 
32.761 0.5 0.5 0 
32.7612 0.5 0.5 0 
32.7614 0.5 0.5 0 
32.7616 0.5 0.5 0 
32.7617 0.5 0.5 0 
32.7619 0.5 0.5 0 
32.7621 0.5 0.5 0 
32.7623 0.5 0.5 0 
32.7624 0.5 0.5 0 
32.7625 0.5 0.5 0 
32.7627 0.5 0.5 0 
32.7628 0.5 0.5 0 
32.7629 0.5 0.5 0 
32.7629 0.5 0.5 0 
32.763 0.5 0.5 0 
32.763 0.5 0.5 0 
32.763 0.5 0.5 0 
32.763 0.5 0.5 0 
32.763 0.5 0.5 0 
32.7629 0.5 0.5 0 
32.7629 0.5 0.5 0 
32.7628 0.5 0.5 0 
32.7627 0.5 0.5 0 
32.7626 0.5 0.5 0 
32.7625 0.5 0.5 0 
32.7623 0.5 0.5 0 
32.7622 0.5 0.5 0 
32.762 0.5 0.5 0 
32.7618 0.5 0.5 0 
32.7616 0.5 0.5 0 
32.7614 0.5 0.5 0 
32.7612 0.5 0.5 0 
32.761 0.5 0.5 0 
32.7608 0.5 0.5 0 
32.7606 0.5 0.5 0 
32.7604 0.5 0.5 0 
32.7602 0.5 0.5 0 
32.76 0.5 0.5 0 
32.7599 0.5 0.5 0 
32.7598 0.5 0.5 0 
32.7597 0.5 0.5 0 
32.7597 0.5 0.5 0 
32.7597 0.5 0.5 0 
32.7597 0.5 0.5 0 
32.7598 0.5 0.5 0 
32.7599 0.5 0.5 0 
32.76 0.5 0.5 0 
32.7602 0.5 0.5 0 
32.7603 0.5 0.5 0 
32.7605 0.5 0.5 0 
32.7607 0.5 0.5 0 
32.7609 0.5 0.5 0 
32.7611 0.5 0.5 0 
32.7613 0.5 0.5 0 
32.7615 0.5 0.5 0 
32.7617 0.5 0.5 0 
32.7619 0.5 0.5 0 
32.7621 0.5 0.5 0 
32.7622 0.5 0.5 0 
32.7624 0.5 0.5 0 
32.7625 0.5 0.5 0 
32.7626 0.5 0.5 0 
32.7627 0.5 0.5 0 
32.7628 0.5 0.5 0 
32.7629 0.5 0.5 0 
32.7629 0.5 0.5 0 
32.7629 0.5 0.5 0 
32.7629 0.5 0.5 0 
32.7629 0.5 0.5 0 
32.7628 0.5 0.5 0 
32.7628 0.5 0.5 0 
32.7627 0.5 0.5 0 
32.7626 0.5 0.5 0 
32.7625 0.5 0.5 0 
32.7623 0.5 0.5 0 
32.7621 0.5 0.5 0 
32.762 0.5 0.5 0 
32.7618 0.5 0.5 0 
32.7616 0.5 0.5 0 
32.7614 0.5 0.5 0 
32.7611 0.5 0.5 0 
32.7609 0.5 0.5 0 
32.7607 0.5 0.5 0 
32.7604 0.5 0.5 0 
32.7602 0.5 0.5 0 
32.76 0.5 0.5 0 
32.7598 0.5 0.5 0 
32.7596 0.5 0.5 0 
32.7594 0.5 0.5 0 
32.7593 0.5 0.5 0 
32.7592 0.5 0.5 0 
32.7592 0.5 0.5 0 
32.7592 0.5 0.5 0 
32.7592 0.5 0.5 0 
32.7593 0.5 0.5 0 
32.7594 0.5 0.5 0 
32.7596 0.5 0.5 0 
32.7597 0.5 0.5 0 
32.7599 0.5 0.5 0 
32.7602 0.5 0.5 0 
32.7604 0.5 0.5 0 
32.7606 0.5 0.5 0 
32.7608 0.5 0.5 0 
32.7611 0.5 0.5 0 
32.7613 0.5 0.5 0 
32.7615 0.5 0.5 0 
32.7617 0.5 0.5 0 
32.7619 0.5 0.5 0 
32.7621 0.5 0.5 0 
32.7622 0.5 0.5 0 
32.7624 0.5 0.5 0 
32.7625 0.5 0.5 0 
32.7626 0.5 0.5 0 
32.7627 0.5 0.5 0 
32.7628 0.5 0.5 0 
32.7628 0.5 0.5 0 
32.7628 0.5 0.5 0 
32.7628 0.5 0.5 0 
32.7628 0.5 0.5 0 
32.7627 0.5 0.5 0 
32.7626 0.5 0.5 0 
32.7626 0.5 0.5 0 
32.7624 0.5 0.5 0 
32.7623 0.5 0.5 0 
32.7621 0.5 0.5 0 
32.762 0.5 0.5 0 
32.7618 0.5 0.5 0 
32.7616 0.5 0.5 0 
32.7613 0.5 0.5 0 
32.7611 0.5 0.5 0 
32.7609 0.5 0.5 0 
32.7606 0.5 0.5 0 
32.7603 0.5 0.5 0 
32.7601 0.5 0.5 0 
32.7598 0.5 0.5 0 
32.7596 0.5 0.5 0 
32.7593 0.5 0.5 0 
32.7591 0.5 0.5 0 
32.7589 0.5 0.5 0 
32.7588 0.5 0.5 0 
32.7587 0.5 0.5 0 
32.7586 0.5 0.5 0 
32.7586 0.5 0.5 0 
32.7587 0.5 0.5 0 
32.7588 0.5 0.5 0 
32.7589 0.5 0.5 0 
32.7591 0.5 0.5 0 
32.7593 0.5 0.5 0 
32.7595 0.5 0.5 0 
32.7598 0.5 0.5 0 
32.76 0.5 0.5 0 
32.7603 0.5 0.5 0 
32.7605 0.5 0.5 0 
32.7608 0.5 0.5 0 
32.761 0.5 0.5 0 
32.7613 0.5 0.5 0 
32.7615 0.5 0.5 0 
32.7617 0.5 0.5 0 
32.7619 0.5 0.5 0 
32.7621 0.5 0.5 0 
32.7622 0.5 0.5 0 
32.7624 0.5 0.5 0 
32.7625 0.5 0.5 0 
32.7626 0.5 0.5 0 
32.7626 0.5 0.5 0 
32.7627 0.5 0.5 0 
32.7627 0.5 0.5 0 
32.7627 0.5 0.5 0 
32.7626 0.5 0.5 0 
32.7626 0.5 0.5 0 
32.7625 0.5 0.5 0 
32.7624 0.5 0.5 0 
32.7623 0.5 0.5 0 
32.7621 0.5 0.5 0 
32.762 0.5 0.5 0 
32.7618 0.5 0.5 0 
32.7616 0.5 0.5 0 
32.7613 0.5 0.5 0 
32.7611 0.5 0.5 0 
32.7608 0.5 0.5 0 
32.7606 0.5 0.5 0 
32.7603 0.5 0.5 0 
32.76 0.5 0.5 0 
32.7597 0.5 0.5 0 
32.7594 0.5 0.5 0 
32.7591 0.5 0.5 0 
32.7588 0.5 0.5 0 
32.7586 0.5 0.5 0 
32.7584 0.5 0.5 0 
32.7582 0.5 0.5 0 
32.7581 0.5 0.5 0 
32.758 0.5 0.5 0 
32.758 0.5 0.5 0 
32.7581 0.5 0.5 0 
32.7582 0.5 0.5 0 
32.7583 0.5 0.5 0 
32.7585 0.5 0.5 0 
32.7588 0.5 0.5 0 
32.759 0.5 0.5 0 
32.7593 0.5 0.5 0 
32.7596 0.5 0.5 0 
32.7599 0.5 0.5 0 
32.7602 0.5 0.5 0 
32.7605 0.5 0.5 0 
32.7608 0.5 0.5 0 
32.761 0.5 0.5 0 
32.7613 0.5 0.5 0 
32.7615 0.5 0.5 0 
32.7617 0.5 0.5 0 
32.7619 0.5 0.5 0 
32.7621 0.5 0.5 0 
32.7622 0.5 0.5 0 
32.7623 0.5 0.5 0 
32.7624 0.5 0.5 0 
32.7625 0.5 0.5 0 
32.7626 0.5 0.5 0 
32.7626 0.5 0.5 0 
32.7625 0.5 0.5 0 
32.7625 0.5 0.5 0 
32.7625 0.5 0.5 0 
32.7624 0.5 0.5 0 
32.7623 0.5 0.5 0 
32.7621 0.5 0.5 0 
32.762 0.5 0.5 0 
32.7618 0.5 0.5 0 
32.7616 0.5 0.5 0 
32.7614 0.5 0.5 0 
32.7611 0.5 0.5 0 
32.7608 0.5 0.5 0 
32.7606 0.5 0.5 0 
32.7602 0.5 0.5 0 
32.7599 0.5 0.5 0 
32.7596 0.5 0.5 0 
32.7593 0.5 0.5 0 
32.7589 0.5 0.5 0 
32.7586 0.5 0.5 0 
32.7583 0.5 0.5 0 
32.758 0.5 0.5 0 
32.7577 0.5 0.5 0 
32.7575 0.5 0.5 0 
32.7574 0.5 0.5 0 
32.7573 0.5 0.5 0 
32.7573 0.5 0.5 0 
32.7574 0.5 0.5 0 
32.7575 0.5 0.5 0 
32.7577 0.5 0.5 0 
32.7579 0.5 0.5 0 
32.7582 0.5 0.5 0 
32.7585 0.5 0.5 0 
32.7589 0.5 0.5 0 
32.7592 0.5 0.5 0 
32.7595 0.5 0.5 0 
32.7599 0.5 0.5 0 
32.7602 0.5 0.5 0 
32.7605 0.5 0.5 0 
32.7608 0.5 0.5 0 
32.761 0.5 0.5 0 
32.7613 0.5 0.5 0 
32.7615 0.5 0.5 0 
32.7617 0.5 0.5 0 
32.7619 0.5 0.5 0 
32.7621 0.5 0.5 0 
32.7622 0.5 0.5 0 
32.7623 0.5 0.5 0 
32.7624 0.5 0.5 0 
32.7624 0.5 0.5 0 
32.7625 0.5 0.5 0 
32.7624 0.5 0.5 0 
32.7624 0.5 0.5 0 
32.7623 0.5 0.5 0 
32.7623 0.5 0.5 0 
32.7621 0.5 0.5 0 
32.762 0.5 0.5 0 
32.7618 0.5 0.5 0 
32.7616 0.5 0.5 0 
32.7614 0.5 0.5 0 
32.7612 0.5 0.5 0 
32.7609 0.5 0.5 0 
32.7606 0.5 0.5 0 
32.7603 0.5 0.5 0 
32.7599 0.5 0.5 0 
32.7596 0.5 0.5 0 
32.7592 0.5 0.5 0 
32.7588 0.5 0.5 0 
32.7584 0.5 0.5 0 
32.758 0.5 0.5 0 
32.7577 0.5 0.5 0 
32.7573 0.5 0.5 0 
32.757 0.5 0.5 0 
32.7568 0.5 0.5 0 
32.7566 0.5 0.5 0 
32.7565 0.5 0.5 0 
32.7565 0.5 0.5 0 
32.7566 0.5 0.5 0 
32.7567 0.5 0.5 0 
32.757 0.5 0.5 0 
32.7573 0.5 0.5 0 
32.7576 0.5 0.5 0 
32.758 0.5 0.5 0 
32.7583 0.5 0.5 0 
32.7587 0.5 0.5 0 
32.7591 0.5 0.5 0 
32.7595 0.5 0.5 0 
32.7598 0.5 0.5 0 
32.7602 0.5 0.5 0 
32.7605 0.5 0.5 0 
32.7608 0.5 0.5 0 
32.7611 0.5 0.5 0 
32.7613 0.5 0.5 0 
32.7616 0.5 0.5 0 
32.7617 0.5 0.5 0 
32.7619 0.5 0.5 0 
32.7621 0.5 0.5 0 
32.7622 0.5 0.5 0 
32.7623 0.5 0.5 0 
32.7623 0.5 0.5 0 
32.7623 0.5 0.5 0 
32.7623 0.5 0.5 0 
32.7623 0.5 0.5 0 
32.7622 0.5 0.5 0 
32.7621 0.5 0.5 0 
32.762 0.5 0.5 0 
32.7618 0.5 0.5 0 
32.7617 0.5 0.5 0 
32.7615 0.5 0.5 0 
32.7612 0.5 0.5 0 
32.7609 0.5 0.5 0 
32.7606 0.5 0.5 0 
32.7603 0.5 0.5 0 
32.76 0.5 0.5 0 
32.7596 0.5 0.5 0 
32.7592 0.5 0.5 0 
32.7588 0.5 0.5 0 
32.7583 0.5 0.5 0 
32.7579 0.5 0.5 0 
32.7574 0.5 0.5 0 
32.757 0.5 0.5 0 
32.7566 0.5 0.5 0 
32.7562 0.5 0.5 0 
32.7559 0.5 0.5 0 
32.7557 0.5 0.5 0 
32.7556 0.5 0.5 0 
32.7556 0.5 0.5 0 
32.7557 0.5 0.5 0 
32.7559 0.5 0.5 0 
32.7562 0.5 0.5 0 
32.7565 0.5 0.5 0 
32.7569 0.5 0.5 0 
32.7574 0.5 0.5 0 
32.7578 0.5 0.5 0 
32.7582 0.5 0.5 0 
32.7587 0.5 0.5 0 
32.7591 0.5 0.5 0 
32.7595 0.5 0.5 0 
32.7599 0.5 0.5 0 
32.7602 0.5 0.5 0 
32.7606 0.5 0.5 0 
32.7609 0.5 0.5 0 
32.7611 0.5 0.5 0 
32.7614 0.5 0.5 0 
32.7616 0.5 0.5 0 
32.7618 0.5 0.5 0 
32.7619 0.5 0.5 0 
32.762 0.5 0.5 0 
32.7621 0.5 0.5 0 
32.7622 0.5 0.5 0 
32.7622 0.5 0.5 0 
32.7622 0.5 0.5 0 
32.7622 0.5 0.5 0 
32.7621 0.5 0.5 0 
32.762 0.5 0.5 0 
32.7619 0.5 0.5 0 
32.7617 0.5 0.5 0 
32.7615 0.5 0.5 0 
32.7613 0.5 0.5 0 
32.761 0.5 0.5 0 
32.7607 0.5 0.5 0 
32.7604 0.5 0.5 0 
32.76 0.5 0.5 0 
32.7597 0.5 0.5 0 
32.7592 0.5 0.5 0 
32.7588 0.5 0.5 0 
32.7583 0.5 0.5 0 
32.7578 0.5 0.5 0 
32.7573 0.5 0.5 0 
32.7568 0.5 0.5 0 
32.7563 0.5 0.5 0 
32.7558 0.5 0.5 0 
32.7554 0.5 0.5 0 
32.755 0.5 0.5 0 
32.7547 0.5 0.5 0 
32.7546 0.5 0.5 0 
32.7546 0.5 0.5 0 
32.7547 0.5 0.5 0 
32.7549 0.5 0.5 0 
32.7553 0.5 0.5 0 
32.7557 0.5 0.5 0 
32.7562 0.5 0.5 0 
32.7567 0.5 0.5 0 
32.7572 0.5 0.5 0 
32.7577 0.5 0.5 0 
32.7582 0.5 0.5 0 
32.7587 0.5 0.5 0 
32.7592 0.5 0.5 0 
32.7596 0.5 0.5 0 
32.76 0.5 0.5 0 
32.7603 0.5 0.5 0 
32.7606 0.5 0.5 0 
32.7609 0.5 0.5 0 
32.7612 0.5 0.5 0 
32.7614 0.5 0.5 0 
32.7616 0.5 0.5 0 
32.7618 0.5 0.5 0 
32.7619 0.5 0.5 0 
32.762 0.5 0.5 0 
32.7621 0.5 0.5 0 
32.7621 0.5 0.5 0 
32.7621 0.5 0.5 0 
32.762 0.5 0.5 0 
32.762 0.5 0.5 0 
32.7619 0.5 0.5 0 
32.7617 0.5 0.5 0 
32.7616 0.5 0.5 0 
32.7614 0.5 0.5 0 
32.7611 0.5 0.5 0 
32.7608 0.5 0.5 0 
32.7605 0.5 0.5 0 
32.7602 0.5 0.5 0 
32.7598 0.5 0.5 0 
32.7594 0.5 0.5 0 
32.7589 0.5 0.5 0 
32.7584 0.5 0.5 0 
32.7579 0.5 0.5 0 
32.7573 0.5 0.5 0 
32.7567 0.5 0.5 0 
32.7561 0.5 0.5 0 
32.7555 0.5 0.5 0 
32.7549 0.5 0.5 0 
32.7544 0.5 0.5 0 
32.7539 0.5 0.5 0 
32.7536 0.5 0.5 0 
32.7534 0.5 0.5 0 
32.7534 0.5 0.5 0 
32.7535 0.5 0.5 0 
32.7539 0.5 0.5 0 
32.7543 0.5 0.5 0 
32.7549 0.5 0.5 0 
32.7554 0.5 0.5 0 
32.756 0.5 0.5 0 
32.7566 0.5 0.5 0 
32.7572 0.5 0.5 0 
32.7578 0.5 0.5 0 
32.7583 0.5 0.5 0 
32.7588 0.5 0.5 0 
32.7593 0.5 0.5 0 
32.7597 0.5 0.5 0 
32.7601 0.5 0.5 0 
32.7604 0.5 0.5 0 
32.7607 0.5 0.5 0 
32.761 0.5 0.5 0 
32.7613 0.5 0.5 0 
32.7615 0.5 0.5 0 
32.7617 0.5 0.5 0 
32.7618 0.5 0.5 0 
32.7619 0.5 0.5 0 
32.762 0.5 0.5 0 
32.762 0.5 0.5 0 
32.762 0.5 0.5 0 
32.7619 0.5 0.5 0 
32.7619 0.5 0.5 0 
32.7618 0.5 0.5 0 
32.7616 0.5 0.5 0 
32.7614 0.5 0.5 0 
32.7612 0.5 0.5 0 
32.761 0.5 0.5 0 
32.7607 0.5 0.5 0 
32.7603 0.5 0.5 0 
32.7599 0.5 0.5 0 
32.7595 0.5 0.5 0 
32.7591 0.5 0.5 0 
32.7586 0.5 0.5 0 
32.758 0.5 0.5 0 
32.7574 0.5 0.5 0 
32.7568 0.5 0.5 0 
32.7561 0.5 0.5 0 
32.7554 0.5 0.5 0 
32.7547 0.5 0.5 0 
32.754 0.5 0.5 0 
32.7533 0.5 0.5 0 
32.7527 0.5 0.5 0 
32.7523 0.5 0.5 0 
32.752 0.5 0.5 0 
32.752 0.5 0.5 0 
32.7522 0.5 0.5 0 
32.7527 0.5 0.5 0 
32.7532 0.5 0.5 0 
32.7539 0.5 0.5 0 
32.7546 0.5 0.5 0 
32.7553 0.5 0.5 0 
32.756 0.5 0.5 0 
32.7567 0.5 0.5 0 
32.7573 0.5 0.5 0 
32.7579 0.5 0.5 0 
32.7585 0.5 0.5 0 
32.759 0.5 0.5 0 
32.7594 0.5 0.5 0 
32.7599 0.5 0.5 0 
32.7602 0.5 0.5 0 
32.7606 0.5 0.5 0 
32.7609 0.5 0.5 0 
32.7611 0.5 0.5 0 
32.7613 0.5 0.5 0 
32.7615 0.5 0.5 0 
32.7617 0.5 0.5 0 
32.7618 0.5 0.5 0 
32.7619 0.5 0.5 0 
32.7619 0.5 0.5 0 
32.7619 0.5 0.5 0 
32.7618 0.5 0.5 0 
32.7618 0.5 0.5 0 
32.7617 0.5 0.5 0 
32.7615 0.5 0.5 0 
32.7613 0.5 0.5 0 
32.7611 0.5 0.5 0 
32.7608 0.5 0.5 0 
32.7605 0.5 0.5 0 
32.7601 0.5 0.5 0 
32.7597 0.5 0.5 0 
32.7593 0.5 0.5 0 
32.7588 0.5 0.5 0 
32.7582 0.5 0.5 0 
32.7576 0.5 0.5 0 
32.757 0.5 0.5 0 
32.7563 0.5 0.5 0 
32.7555 0.5 0.5 0 
32.7547 0.5 0.5 0 
32.7539 0.5 0.5 0 
32.753 0.5 0.5 0 
32.7521 0.5 0.5 0 
32.7513 0.5 0.5 0 
32.7507 0.5 0.5 0 
32.7504 0.5 0.5 0 
32.7504 0.5 0.5 0 
32.7507 0.5 0.5 0 
32.7513 0.5 0.5 0 
32.752 0.5 0.5 0 
32.7529 0.5 0.5 0 
32.7537 0.5 0.5 0 
32.7546 0.5 0.5 0 
32.7554 0.5 0.5 0 
32.7562 0.5 0.5 0 
32.7569 0.5 0.5 0 
32.7575 0.5 0.5 0 
32.7581 0.5 0.5 0 
32.7587 0.5 0.5 0 
32.7592 0.5 0.5 0 
32.7596 0.5 0.5 0 
32.76 0.5 0.5 0 
32.7604 0.5 0.5 0 
32.7607 0.5 0.5 0 
32.761 0.5 0.5 0 
32.7612 0.5 0.5 0 
32.7614 0.5 0.5 0 
32.7616 0.5 0.5 0 
32.7617 0.5 0.5 0 
32.7618 0.5 0.5 0 
32.7618 0.5 0.5 0 
32.7618 0.5 0.5 0 
32.7618 0.5 0.5 0 
32.7617 0.5 0.5 0 
32.7616 0.5 0.5 0 
32.7614 0.5 0.5 0 
32.7612 0.5 0.5 0 
32.761 0.5 0.5 0 
32.7607 0.5 0.5 0 
32.7603 0.5 0.5 0 
32.76 0.5 0.5 0 
32.7595 0.5 0.5 0 
32.7591 0.5 0.5 0 
32.7585 0.5 0.5 0 
32.7579 0.5 0.5 0 
32.7573 0.5 0.5 0 
32.7566 0.5 0.5 0 
32.7558 0.5 0.5 0 
32.7549 0.5 0.5 0 
32.754 0.5 0.5 0 
32.753 0.5 0.5 0 
32.7519 0.5 0.5 0 
32.7508 0.5 0.5 0 
32.7498 0 0 0 
32.749 0 0 0 
32.7486 0 0 0 
32.7485 0 0 0 
32.7489 0 0 0 
32.7497 0 0 0 
32.7507 0.5 0.5 0 
32.7518 0.5 0.5 0 
32.7528 0.5 0.5 0 
32.7538 0.5 0.5 0 
32.7548 0.5 0.5 0 
32.7556 0.5 0.5 0 
32.7564 0.5 0.5 0 
32.7572 0.5 0.5 0 
32.7578 0.5 0.5 0 
32.7584 0.5 0.5 0 
32.759 0.5 0.5 0 
32.7594 0.5 0.5 0 
32.7599 0.5 0.5 0 
32.7603 0.5 0.5 0 
32.7606 0.5 0.5 0 
32.7609 0.5 0.5 0 
32.7611 0.5 0.5 0 
32.7613 0.5 0.5 0 
32.7615 0.5 0.5 0 
32.7616 0.5 0.5 0 
32.7617 0.5 0.5 0 
32.7617 0.5 0.5 0 
32.7617 0.5 0.5 0 
32.7617 0.5 0.5 0 
32.7616 0.5 0.5 0 
32.7615 0.5 0.5 0 
32.7613 0.5 0.5 0 
32.7611 0.5 0.5 0 
32.7609 0.5 0.5 0 
32.7606 0.5 0.5 0 
32.7602 0.5 0.5 0 
32.7598 0.5 0.5 0 
32.7594 0.5 0.5 0 
32.7589 0.5 0.5 0 
32.7583 0.5 0.5 0 
32.7577 0.5 0.5 0 
32.757 0.5 0.5 0 
32.7562 0.5 0.5 0 
32.7553 0.5 0.5 0 
32.7543 0.5 0.5 0 
32.7533 0.5 0.5 0 
32.7521 0.5 0.5 0 
32.7508 0.5 0.5 0 
32.7494 0.5 0.5 0 
32.7471 0 0 0 
32.7443 0 0 0 
32.7447 0 0 0 
32.7437 0 0 0 
32.7442 0 0 0 
32.747 0 0 0 
32.7492 0.5 0.5 0 
32.7506 0.5 0.5 0 
32.7519 0.5 0.5 0 
32.7531 0.5 0.5 0 
32.7542 0.5 0.5 0 
32.7552 0.5 0.5 0 
32.7561 0.5 0.5 0 
32.7568 0.5 0.5 0 
32.7576 0.5 0.5 0 
32.7582 0.5 0.5 0 
32.7588 0.5 0.5 0 
32.7593 0.5 0.5 0 
32.7597 0.5 0.5 0 
32.7601 0.5 0.5 0 
32.7605 0.5 0.5 0 
32.7608 0.5 0.5 0 
32.761 0.5 0.5 0 
32.7612 0.5 0.5 0 
32.7614 0.5 0.5 0 
32.7615 0.5 0.5 0 
32.7616 0.5 0.5 0 
32.7616 0.5 0.5 0 
32.7617 0.5 0.5 0 
32.7616 0.5 0.5 0 
32.7616 0.5 0.5 0 
32.7614 0.5 0.5 0 
32.7613 0.5 0.5 0 
32.761 0.5 0.5 0 
32.7608 0.5 0.5 0 
32.7605 0.5 0.5 0 
32.7601 0.5 0.5 0 
32.7597 0.5 0.5 0 
32.7593 0.5 0.5 0 
32.7587 0.5 0.5 0 
32.7581 0.5 0.5 0 
32.7575 0.5 0.5 0 
32.7567 0.5 0.5 0 
32.7559 0.5 0.5 0 
32.7549 0.5 0.5 0 
32.7539 0.5 0.5 0 
32.7527 0.5 0.5 0 
32.7513 0.5 0.5 0 
32.7498 0.5 0.5 0 
32.7482 0 0 0 
32.7451 0 0 0 
32.7445 0 0 0 
32.7441 0 0 0 
32.7431 0 0 0 
32.7445 0 0 0 
32.7456 0 0 0 
32.7473 0 0 0 
32.7496 0.5 0.5 0 
32.7511 0.5 0.5 0 
32.7525 0.5 0.5 0 
32.7537 0.5 0.5 0 
32.7548 0.5 0.5 0 
32.7557 0.5 0.5 0 
32.7566 0.5 0.5 0 
32.7573 0.5 0.5 0 
32.758 0.5 0.5 0 
32.7586 0.5 0.5 0 
32.7591 0.5 0.5 0 
32.7596 0.5 0.5 0 
32.76 0.5 0.5 0 
32.7604 0.5 0.5 0 
32.7607 0.5 0.5 0 
32.761 0.5 0.5 0 
32.7612 0.5 0.5 0 
32.7613 0.5 0.5 0 
32.7615 0.5 0.5 0 
32.7615 0.5 0.5 0 
32.7616 0.5 0.5 0 
32.7616 0.5 0.5 0 
32.7616 0.5 0.5 0 
32.7615 0.5 0.5 0 
32.7614 0.5 0.5 0 
32.7612 0.5 0.5 0 
32.761 0.5 0.5 0 
32.7607 0.5 0.5 0 
32.7604 0.5 0.5 0 
32.7601 0.5 0.5 0 
32.7596 0.5 0.5 0 
32.7592 0.5 0.5 0 
32.7586 0.5 0.5 0 
32.758 0.5 0.5 0 
32.7573 0.5 0.5 0 
32.7565 0.5 0.5 0 
32.7556 0.5 0.5 0 
32.7546 0.5 0.5 0 
32.7535 0.5 0.5 0 
32.7522 0.5 0.5 0 
32.7507 0.5 0.5 0 
32.7489 0 0 0 
32.7453 0 0 0 
32.7427 0 0 0 
32.7415 0 0 0 
32.7419 0 0 0 
32.7409 0 0 0 
32.7415 0 0 0 
32.7435 0 0 0 
32.7441 0 0 0 
32.7487 0 0 0 
32.7505 0.5 0.5 0 
32.752 0.5 0.5 0 
32.7533 0.5 0.5 0 
32.7545 0.5 0.5 0 
32.7555 0.5 0.5 0 
32.7564 0.5 0.5 0 
32.7572 0.5 0.5 0 
32.7579 0.5 0.5 0 
32.7585 0.5 0.5 0 
32.759 0.5 0.5 0 
32.7595 0.5 0.5 0 
32.76 0.5 0.5 0 
32.7603 0.5 0.5 0 
32.7606 0.5 0.5 0 
32.7609 0.5 0.5 0 
32.7611 0.5 0.5 0 
32.7613 0.5 0.5 0 
32.7614 0.5 0.5 0 
32.7615 0.5 0.5 0 
32.7615 0.5 0.5 0 
32.7616 0.5 0.5 0 
32.7616 0.5 0.5 0 
32.7615 0.5 0.5 0 
32.7614 0.5 0.5 0 
32.7612 0.5 0.5 0 
32.761 0.5 0.5 0 
32.7607 0.5 0.5 0 
32.7604 0.5 0.5 0 
32.76 0.5 0.5 0 
32.7596 0.5 0.5 0 
32.7591 0.5 0.5 0 
32.7585 0.5 0.5 0 
32.7579 0.5 0.5 0 
32.7572 0.5 0.5 0 
32.7564 0.5 0.5 0 
32.7555 0.5 0.5 0 
32.7545 0.5 0.5 0 
32.7533 0.5 0.5 0 
32.7519 0.5 0.5 0 
32.7503 0.5 0.5 0 
32.7476 0 0 0 
32.7456 0 0 0 
32.7439 0 0 0 
32.7418 0 0 0 
32.7423 0 0 0 
32.7421 0 0 0 
32.7418 0 0 0 
32.7438 0 0 0 
32.7453 0 0 0 
32.7473 0 0 0 
32.7501 0.5 0.5 0 
32.7517 0.5 0.5 0 
32.7531 0.5 0.5 0 
32.7543 0.5 0.5 0 
32.7554 0.5 0.5 0 
32.7563 0.5 0.5 0 
32.7571 0.5 0.5 0 
32.7578 0.5 0.5 0 
32.7584 0.5 0.5 0 
32.759 0.5 0.5 0 
32.7595 0.5 0.5 0 
32.7599 0.5 0.5 0 
32.7603 0.5 0.5 0 
32.7606 0.5 0.5 0 
32.7609 0.5 0.5 0 
32.7611 0.5 0.5 0 
32.7613 0.5 0.5 0 
32.7614 0.5 0.5 0 
32.7615 0.5 0.5 0 
32.7615 0.5 0.5 0 
32.7616 0.5 0.5 0 
32.7616 0.5 0.5 0 
32.7615 0.5 0.5 0 
32.7614 0.5 0.5 0 
32.7612 0.5 0.5 0 
32.761 0.5 0.5 0 
32.7607 0.5 0.5 0 
32.7604 0.5 0.5 0 
32.76 0.5 0.5 0 
32.7596 0.5 0.5 0 
32.7591 0.5 0.5 0 
32.7585 0.5 0.5 0 
32.7579 0.5 0.5 0 
32.7572 0.5 0.5 0 
32.7564 0.5 0.5 0 
32.7555 0.5 0.5 0 
32.7544 0.5 0.5 0 
32.7532 0.5 0.5 0 
32.7518 0.5 0.5 0 
32.7502 0.5 0.5 0 
32.7474 0 0 0 
32.7454 0 0 0 
32.7427 0 0 0 
32.7407 0 0 0 
32.7411 0 0 0 
32.7409 0 0 0 
32.7406 0 0 0 
32.7427 0 0 0 
32.7434 0 0 0 
32.7472 0 0 0 
32.75 0.5 0.5 0 
32.7516 0.5 0.5 0 
32.753 0.5 0.5 0 
32.7543 0.5 0.5 0 
32.7553 0.5 0.5 0 
32.7563 0.5 0.5 0 
32.7571 0.5 0.5 0 
32.7578 0.5 0.5 0 
32.7584 0.5 0.5 0 
32.759 0.5 0.5 0 
32.7595 0.5 0.5 0 
32.7599 0.5 0.5 0 
32.7603 0.5 0.5 0 
32.7606 0.5 0.5 0 
32.7609 0.5 0.5 0 
32.7611 0.5 0.5 0 
32.7613 0.5 0.5 0 
32.7614 0.5 0.5 0 
32.7615 0.5 0.5 0 
32.7615 0.5 0.5 0 
32.7616 0.5 0.5 0 
32.7616 0.5 0.5 0 
32.7615 0.5 0.5 0 
32.7614 0.5 0.5 0 
32.7612 0.5 0.5 0 
32.761 0.5 0.5 0 
32.7607 0.5 0.5 0 
32.7604 0.5 0.5 0 
32.76 0.5 0.5 0 
32.7596 0.5 0.5 0 
32.7591 0.5 0.5 0 
32.7586 0.5 0.5 0 
32.758 0.5 0.5 0 
32.7573 0.5 0.5 0 
32.7565 0.5 0.5 0 
32.7556 0.5 0.5 0 
32.7545 0.5 0.5 0 
32.7534 0.5 0.5 0 
32.7521 0.5 0.5 0 
32.7505 0.5 0.5 0 
32.7487 0 0 0 
32.7459 0 0 0 
32.7433 0 0 0 
32.743 0 0 0 
32.7425 0 0 0 
32.7415 0 0 0 
32.7429 0 0 0 
32.744 0 0 0 
32.7447 0 0 0 
32.7485 0 0 0 
32.7503 0.5 0.5 0 
32.7519 0.5 0.5 0 
32.7532 0.5 0.5 0 
32.7544 0.5 0.5 0 
32.7554 0.5 0.5 0 
32.7563 0.5 0.5 0 
32.7571 0.5 0.5 0 
32.7578 0.5 0.5 0 
32.7585 0.5 0.5 0 
32.759 0.5 0.5 0 
32.7595 0.5 0.5 0 
32.7599 0.5 0.5 0 
32.7603 0.5 0.5 0 
32.7606 0.5 0.5 0 
32.7609 0.5 0.5 0 
32.7611 0.5 0.5 0 
32.7613 0.5 0.5 0 
32.7614 0.5 0.5 0 
32.7615 0.5 0.5 0 
32.7615 0.5 0.5 0 
32.7616 0.5 0.5 0 
32.7616 0.5 0.5 0 
32.7615 0.5 0.5 0 
32.7614 0.5 0.5 0 
32.7612 0.5 0.5 0 
32.761 0.5 0.5 0 
32.7608 0.5 0.5 0 
32.7604 0.5 0.5 0 
32.7601 0.5 0.5 0 
32.7597 0.5 0.5 0 
32.7592 0.5 0.5 0 
32.7587 0.5 0.5 0 
32.7581 0.5 0.5 0 
32.7574 0.5 0.5 0 
32.7566 0.5 0.5 0 
32.7558 0.5 0.5 0 
32.7548 0.5 0.5 0 
32.7537 0.5 0.5 0 
32.7525 0.5 0.5 0 
32.751 0.5 0.5 0 
32.7494 0.5 0.5 0 
32.7467 0 0 0 
32.7432 0 0 0 
32.742 0 0 0 
32.7424 0 0 0 
32.7413 0 0 0 
32.7419 0 0 0 
32.7431 0 0 0 
32.7464 0 0 0 
32.7492 0.5 0.5 0 
32.7508 0.5 0.5 0 
32.7523 0.5 0.5 0 
32.7535 0.5 0.5 0 
32.7546 0.5 0.5 0 
32.7556 0.5 0.5 0 
32.7565 0.5 0.5 0 
32.7573 0.5 0.5 0 
32.7579 0.5 0.5 0 
32.7586 0.5 0.5 0 
32.7591 0.5 0.5 0 
32.7596 0.5 0.5 0 
32.76 0.5 0.5 0 
32.7603 0.5 0.5 0 
32.7607 0.5 0.5 0 
32.7609 0.5 0.5 0 
32.7611 0.5 0.5 0 
32.7613 0.5 0.5 0 
32.7614 0.5 0.5 0 
32.7615 0.5 0.5 0 
32.7616 0.5 0.5 0 
32.7617 0.5 0.5 0 
32.7616 0.5 0.5 0 
32.7616 0.5 0.5 0 
32.7614 0.5 0.5 0 
32.7613 0.5 0.5 0 
32.7611 0.5 0.5 0 
32.7608 0.5 0.5 0 
32.7605 0.5 0.5 0 
32.7602 0.5 0.5 0 
32.7598 0.5 0.5 0 
32.7593 0.5 0.5 0 
32.7588 0.5 0.5 0 
32.7582 0.5 0.5 0 
32.7576 0.5 0.5 0 
32.7568 0.5 0.5 0 
32.756 0.5 0.5 0 
32.7551 0.5 0.5 0 
32.7541 0.5 0.5 0 
32.753 0.5 0.5 0 
32.7518 0.5 0.5 0 
32.7504 0.5 0.5 0 
32.7489 0 0 0 
32.7468 0 0 0 
32.7436 0 0 0 
32.744 0 0 0 
32.7429 0 0 0 
32.7434 0 0 0 
32.7463 0 0 0 
32.7486 0 0 0 
32.7502 0.5 0.5 0 
32.7516 0.5 0.5 0 
32.7529 0.5 0.5 0 
32.754 0.5 0.5 0 
32.755 0.5 0.5 0 
32.7559 0.5 0.5 0 
32.7567 0.5 0.5 0 
32.7575 0.5 0.5 0 
32.7581 0.5 0.5 0 
32.7587 0.5 0.5 0 
32.7592 0.5 0.5 0 
32.7597 0.5 0.5 0 
32.7601 0.5 0.5 0 
32.7604 0.5 0.5 0 
32.7607 0.5 0.5 0 
32.761 0.5 0.5 0 
32.7612 0.5 0.5 0 
32.7614 0.5 0.5 0 
32.7615 0.5 0.5 0 
32.7616 0.5 0.5 0 
32.7616 0.5 0.5 0 
32.7617 0.5 0.5 0 
32.7617 0.5 0.5 0 
32.7616 0.5 0.5 0 
32.7615 0.5 0.5 0 
32.7613 0.5 0.5 0 
32.7611 0.5 0.5 0 
32.7609 0.5 0.5 0 
32.7606 0.5 0.5 0 
32.7603 0.5 0.5 0 
32.7599 0.5 0.5 0 
32.7595 0.5 0.5 0 
32.759 0.5 0.5 0 
32.7584 0.5 0.5 0 
32.7578 0.5 0.5 0 
32.7571 0.5 0.5 0 
32.7564 0.5 0.5 0 
32.7556 0.5 0.5 0 
32.7547 0.5 0.5 0 
32.7537 0.5 0.5 0 
32.7527 0.5 0.5 0 
32.7515 0.5 0.5 0 
32.7503 0.5 0.5 0 
32.7492 0.5 0.5 0 
32.7484 0 0 0 
32.748 0 0 0 
32.7479 0 0 0 
32.7482 0 0 0 
32.7491 0.5 0.5 0 
32.7502 0.5 0.5 0 
32.7514 0.5 0.5 0 
32.7525 0.5 0.5 0 
32.7536 0.5 0.5 0 
32.7545 0.5 0.5 0 
32.7554 0.5 0.5 0 
32.7563 0.5 0.5 0 
32.757 0.5 0.5 0 
32.7577 0.5 0.5 0 
32.7583 0.5 0.5 0 
32.7589 0.5 0.5 0 
32.7594 0.5 0.5 0 
32.7598 0.5 0.5 0 
32.7602 0.5 0.5 0 
32.7605 0.5 0.5 0 
32.7608 0.5 0.5 0 
32.7611 0.5 0.5 0 
32.7613 0.5 0.5 0 
32.7614 0.5 0.5 0 
32.7615 0.5 0.5 0 
32.7616 0.5 0.5 0 
32.7617 0.5 0.5 0 
32.7618 0.5 0.5 0 
32.7618 0.5 0.5 0 
32.7617 0.5 0.5 0 
32.7616 0.5 0.5 0 
32.7614 0.5 0.5 0 
32.7612 0.5 0.5 0 
32.761 0.5 0.5 0 
32.7607 0.5 0.5 0 
32.7604 0.5 0.5 0 
32.76 0.5 0.5 0 
32.7596 0.5 0.5 0 
32.7592 0.5 0.5 0 
32.7587 0.5 0.5 0 
32.7581 0.5 0.5 0 
32.7575 0.5 0.5 0 
32.7568 0.5 0.5 0 
32.7561 0.5 0.5 0 
32.7553 0.5 0.5 0 
32.7544 0.5 0.5 0 
32.7535 0.5 0.5 0 
32.7526 0.5 0.5 0 
32.7517 0.5 0.5 0 
32.7508 0.5 0.5 0 
32.7502 0.5 0.5 0 
32.7499 0.5 0.5 0 
32.7498 0.5 0.5 0 
32.7501 0.5 0.5 0 
32.7507 0.5 0.5 0 
32.7516 0.5 0.5 0 
32.7525 0.5 0.5 0 
32.7534 0.5 0.5 0 
32.7543 0.5 0.5 0 
32.7551 0.5 0.5 0 
32.7559 0.5 0.5 0 
32.7567 0.5 0.5 0 
32.7574 0.5 0.5 0 
32.758 0.5 0.5 0 
32.7585 0.5 0.5 0 
32.7591 0.5 0.5 0 
32.7595 0.5 0.5 0 
32.7599 0.5 0.5 0 
32.7603 0.5 0.5 0 
32.7606 0.5 0.5 0 
32.7609 0.5 0.5 0 
32.7611 0.5 0.5 0 
32.7613 0.5 0.5 0 
32.7615 0.5 0.5 0 
32.7616 0.5 0.5 0 
32.7617 0.5 0.5 0 
32.7617 0.5 0.5 0 
32.7619 0.5 0.5 0 
32.7619 0.5 0.5 0 
32.7618 0.5 0.5 0 
32.7617 0.5 0.5 0 
32.7615 0.5 0.5 0 
32.7613 0.5 0.5 0 
32.7611 0.5 0.5 0 
32.7609 0.5 0.5 0 
32.7606 0.5 0.5 0 
32.7602 0.5 0.5 0 
32.7598 0.5 0.5 0 
32.7594 0.5 0.5 0 
32.7589 0.5 0.5 0 
32.7584 0.5 0.5 0 
32.7578 0.5 0.5 0 
32.7572 0.5 0.5 0 
32.7566 0.5 0.5 0 
32.7559 0.5 0.5 0 
32.7551 0.5 0.5 0 
32.7544 0.5 0.5 0 
32.7536 0.5 0.5 0 
32.7529 0.5 0.5 0 
32.7523 0.5 0.5 0 
32.7518 0.5 0.5 0 
32.7515 0.5 0.5 0 
32.7515 0.5 0.5 0 
32.7517 0.5 0.5 0 
32.7522 0.5 0.5 0 
32.7528 0.5 0.5 0 
32.7535 0.5 0.5 0 
32.7543 0.5 0.5 0 
32.755 0.5 0.5 0 
32.7558 0.5 0.5 0 
32.7565 0.5 0.5 0 
32.7571 0.5 0.5 0 
32.7577 0.5 0.5 0 
32.7583 0.5 0.5 0 
32.7588 0.5 0.5 0 
32.7593 0.5 0.5 0 
32.7597 0.5 0.5 0 
32.7601 0.5 0.5 0 
32.7605 0.5 0.5 0 
32.7608 0.5 0.5 0 
32.761 0.5 0.5 0 
32.7613 0.5 0.5 0 
32.7614 0.5 0.5 0 
32.7616 0.5 0.5 0 
32.7617 0.5 0.5 0 
32.7618 0.5 0.5 0 
32.7618 0.5 0.5 0 
32.762 0.5 0.5 0 
32.762 0.5 0.5 0 
32.7619 0.5 0.5 0 
32.7618 0.5 0.5 0 
32.7616 0.5 0.5 0 
32.7615 0.5 0.5 0 
32.7613 0.5 0.5 0 
32.761 0.5 0.5 0 
32.7607 0.5 0.5 0 
32.7604 0.5 0.5 0 
32.76 0.5 0.5 0 
32.7596 0.5 0.5 0 
32.7592 0.5 0.5 0 
32.7587 0.5 0.5 0 
32.7582 0.5 0.5 0 
32.7577 0.5 0.5 0 
32.7571 0.5 0.5 0 
32.7565 0.5 0.5 0 
32.7558 0.5 0.5 0 
32.7552 0.5 0.5 0 
32.7546 0.5 0.5 0 
32.754 0.5 0.5 0 
32.7535 0.5 0.5 0 
32.7531 0.5 0.5 0 
32.7529 0.5 0.5 0 
32.7529 0.5 0.5 0 
32.7531 0.5 0.5 0 
32.7534 0.5 0.5 0 
32.7539 0.5 0.5 0 
32.7545 0.5 0.5 0 
32.7551 0.5 0.5 0 
32.7557 0.5 0.5 0 
32.7564 0.5 0.5 0 
32.757 0.5 0.5 0 
32.7576 0.5 0.5 0 
32.7581 0.5 0.5 0 
32.7586 0.5 0.5 0 
32.7591 0.5 0.5 0 
32.7595 0.5 0.5 0 
32.7599 0.5 0.5 0 
32.7603 0.5 0.5 0 
32.7606 0.5 0.5 0 
32.7609 0.5 0.5 0 
32.7612 0.5 0.5 0 
32.7614 0.5 0.5 0 
32.7616 0.5 0.5 0 
32.7617 0.5 0.5 0 
32.7618 0.5 0.5 0 
32.7619 0.5 0.5 0 
32.7619 0.5 0.5 0 
32.7621 0.5 0.5 0 
32.7621 0.5 0.5 0 
32.762 0.5 0.5 0 
32.7619 0.5 0.5 0 
32.7618 0.5 0.5 0 
32.7616 0.5 0.5 0 
32.7614 0.5 0.5 0 
32.7612 0.5 0.5 0 
32.7609 0.5 0.5 0 
32.7606 0.5 0.5 0 
32.7603 0.5 0.5 0 
32.7599 0.5 0.5 0 
32.7595 0.5 0.5 0 
32.7591 0.5 0.5 0 
32.7586 0.5 0.5 0 
32.7581 0.5 0.5 0 
32.7576 0.5 0.5 0 
32.7571 0.5 0.5 0 
32.7565 0.5 0.5 0 
32.756 0.5 0.5 0 
32.7555 0.5 0.5 0 
32.755 0.5 0.5 0 
32.7546 0.5 0.5 0 
32.7543 0.5 0.5 0 
32.7542 0.5 0.5 0 
32.7541 0.5 0.5 0 
32.7543 0.5 0.5 0 
32.7545 0.5 0.5 0 
32.7549 0.5 0.5 0 
32.7554 0.5 0.5 0 
32.7559 0.5 0.5 0 
32.7564 0.5 0.5 0 
32.757 0.5 0.5 0 
32.7575 0.5 0.5 0 
32.758 0.5 0.5 0 
32.7585 0.5 0.5 0 
32.759 0.5 0.5 0 
32.7594 0.5 0.5 0 
32.7598 0.5 0.5 0 
32.7602 0.5 0.5 0 
32.7605 0.5 0.5 0 
32.7608 0.5 0.5 0 
32.7611 0.5 0.5 0 
32.7613 0.5 0.5 0 
32.7615 0.5 0.5 0 
32.7617 0.5 0.5 0 
32.7618 0.5 0.5 0 
32.7619 0.5 0.5 0 
32.762 0.5 0.5 0 
32.762 0.5 0.5 0 
32.7622 0.5 0.5 0 
32.7622 0.5 0.5 0 
32.7621 0.5 0.5 0 
32.762 0.5 0.5 0 
32.7619 0.5 0.5 0 
32.7617 0.5 0.5 0 
32.7615 0.5 0.5 0 
32.7613 0.5 0.5 0 
32.7611 0.5 0.5 0 
32.7608 0.5 0.5 0 
32.7605 0.5 0.5 0 
32.7602 0.5 0.5 0 
32.7598 0.5 0.5 0 
32.7594 0.5 0.5 0 
32.759 0.5 0.5 0 
32.7585 0.5 0.5 0 
32.7581 0.5 0.5 0 
32.7576 0.5 0.5 0 
32.7572 0.5 0.5 0 
32.7567 0.5 0.5 0 
32.7563 0.5 0.5 0 
32.7559 0.5 0.5 0 
32.7556 0.5 0.5 0 
32.7553 0.5 0.5 0 
32.7552 0.5 0.5 0 
32.7552 0.5 0.5 0 
32.7553 0.5 0.5 0 
32.7555 0.5 0.5 0 
32.7558 0.5 0.5 0 
32.7562 0.5 0.5 0 
32.7566 0.5 0.5 0 
32.7571 0.5 0.5 0 
32.7575 0.5 0.5 0 
32.758 0.5 0.5 0 
32.7585 0.5 0.5 0 
32.7589 0.5 0.5 0 
32.7593 0.5 0.5 0 
32.7597 0.5 0.5 0 
32.7601 0.5 0.5 0 
32.7604 0.5 0.5 0 
32.7607 0.5 0.5 0 
32.761 0.5 0.5 0 
32.7612 0.5 0.5 0 
32.7615 0.5 0.5 0 
32.7616 0.5 0.5 0 
32.7618 0.5 0.5 0 
32.7619 0.5 0.5 0 
32.762 0.5 0.5 0 
32.7621 0.5 0.5 0 
32.7621 0.5 0.5 0 
32.7623 0.5 0.5 0 
32.7623 0.5 0.5 0 
32.7622 0.5 0.5 0 
32.7621 0.5 0.5 0 
32.762 0.5 0.5 0 
32.7619 0.5 0.5 0 
32.7617 0.5 0.5 0 
32.7615 0.5 0.5 0 
32.7613 0.5 0.5 0 
32.761 0.5 0.5 0 
32.7607 0.5 0.5 0 
32.7604 0.5 0.5 0 
32.7601 0.5 0.5 0 
32.7597 0.5 0.5 0 
32.7594 0.5 0.5 0 
32.759 0.5 0.5 0 
32.7586 0.5 0.5 0 
32.7582 0.5 0.5 0 
32.7578 0.5 0.5 0 
32.7574 0.5 0.5 0 
32.757 0.5 0.5 0 
32.7567 0.5 0.5 0 
32.7564 0.5 0.5 0 
32.7563 0.5 0.5 0 
32.7561 0.5 0.5 0 
32.7561 0.5 0.5 0 
32.7562 0.5 0.5 0 
32.7564 0.5 0.5 0 
32.7567 0.5 0.5 0 
32.757 0.5 0.5 0 
32.7573 0.5 0.5 0 
32.7577 0.5 0.5 0 
32.7581 0.5 0.5 0 
32.7585 0.5 0.5 0 
32.7589 0.5 0.5 0 
32.7593 0.5 0.5 0 
32.7596 0.5 0.5 0 
32.76 0.5 0.5 0 
32.7603 0.5 0.5 0 
32.7606 0.5 0.5 0 
32.7609 0.5 0.5 0 
32.7612 0.5 0.5 0 
32.7614 0.5 0.5 0 
32.7616 0.5 0.5 0 
32.7618 0.5 0.5 0 
32.7619 0.5 0.5 0 
32.762 0.5 0.5 0 
32.7621 0.5 0.5 0 
32.7622 0.5 0.5 0 
32.7622 0.5 0.5 0 
32.7624 0.5 0.5 0 
32.7624 0.5 0.5 0 
32.7623 0.5 0.5 0 
32.7623 0.5 0.5 0 
32.7621 0.5 0.5 0 
32.762 0.5 0.5 0 
32.7618 0.5 0.5 0 
32.7617 0.5 0.5 0 
32.7614 0.5 0.5 0 
32.7612 0.5 0.5 0 
32.761 0.5 0.5 0 
32.7607 0.5 0.5 0 
32.7604 0.5 0.5 0 
32.76 0.5 0.5 0 
32.7597 0.5 0.5 0 
32.7594 0.5 0.5 0 
32.759 0.5 0.5 0 
32.7587 0.5 0.5 0 
32.7583 0.5 0.5 0 
32.758 0.5 0.5 0 
32.7577 0.5 0.5 0 
32.7574 0.5 0.5 0 
32.7572 0.5 0.5 0 
32.7571 0.5 0.5 0 
32.757 0.5 0.5 0 
32.757 0.5 0.5 0 
32.757 0.5 0.5 0 
32.7572 0.5 0.5 0 
32.7574 0.5 0.5 0 
32.7576 0.5 0.5 0 
32.7579 0.5 0.5 0 
32.7583 0.5 0.5 0 
32.7586 0.5 0.5 0 
32.7589 0.5 0.5 0 
32.7593 0.5 0.5 0 
32.7596 0.5 0.5 0 
32.76 0.5 0.5 0 
32.7603 0.5 0.5 0 
32.7606 0.5 0.5 0 
32.7609 0.5 0.5 0 
32.7611 0.5 0.5 0 
32.7614 0.5 0.5 0 
32.7616 0.5 0.5 0 
32.7618 0.5 0.5 0 
32.7619 0.5 0.5 0 
32.7621 0.5 0.5 0 
32.7622 0.5 0.5 0 
32.7623 0.5 0.5 0 
32.7623 0.5 0.5 0 
32.7623 0.5 0.5 0 
32.7625 0.5 0.5 0 
32.7625 0.5 0.5 0 
32.7625 0.5 0.5 0 
32.7624 0.5 0.5 0 
32.7623 0.5 0.5 0 
32.7622 0.5 0.5 0 
32.762 0.5 0.5 0 
32.7618 0.5 0.5 0 
32.7616 0.5 0.5 0 
32.7614 0.5 0.5 0 
32.7612 0.5 0.5 0 
32.7609 0.5 0.5 0 
32.7606 0.5 0.5 0 
32.7604 0.5 0.5 0 
32.7601 0.5 0.5 0 
32.7598 0.5 0.5 0 
32.7594 0.5 0.5 0 
32.7591 0.5 0.5 0 
32.7588 0.5 0.5 0 
32.7586 0.5 0.5 0 
32.7583 0.5 0.5 0 
32.7581 0.5 0.5 0 
32.7579 0.5 0.5 0 
32.7578 0.5 0.5 0 
32.7577 0.5 0.5 0 
32.7577 0.5 0.5 0 
32.7577 0.5 0.5 0 
32.7579 0.5 0.5 0 
32.758 0.5 0.5 0 
32.7583 0.5 0.5 0 
32.7585 0.5 0.5 0 
32.7588 0.5 0.5 0 
32.7591 0.5 0.5 0 
32.7594 0.5 0.5 0 
32.7597 0.5 0.5 0 
32.76 0.5 0.5 0 
32.7603 0.5 0.5 0 
32.7606 0.5 0.5 0 
32.7608 0.5 0.5 0 
32.7611 0.5 0.5 0 
32.7613 0.5 0.5 0 
32.7616 0.5 0.5 0 
32.7618 0.5 0.5 0 
32.7619 0.5 0.5 0 
32.7621 0.5 0.5 0 
32.7622 0.5 0.5 0 
32.7623 0.5 0.5 0 
32.7624 0.5 0.5 0 
32.7624 0.5 0.5 0 
32.7625 0.5 0.5 0 
32.7626 0.5 0.5 0 
32.7626 0.5 0.5 0 
32.7626 0.5 0.5 0 
32.7625 0.5 0.5 0 
32.7624 0.5 0.5 0 
32.7623 0.5 0.5 0 
32.7622 0.5 0.5 0 
32.762 0.5 0.5 0 
32.7618 0.5 0.5 0 
32.7616 0.5 0.5 0 
32.7614 0.5 0.5 0 
32.7612 0.5 0.5 0 
32.7609 0.5 0.5 0 
32.7607 0.5 0.5 0 
32.7604 0.5 0.5 0 
32.7601 0.5 0.5 0 
32.7598 0.5 0.5 0 
32.7596 0.5 0.5 0 
32.7593 0.5 0.5 0 
32.7591 0.5 0.5 0 
32.7588 0.5 0.5 0 
32.7587 0.5 0.5 0 
32.7585 0.5 0.5 0 
32.7584 0.5 0.5 0 
32.7583 0.5 0.5 0 
32.7583 0.5 0.5 0 
32.7584 0.5 0.5 0 
32.7585 0.5 0.5 0 
32.7586 0.5 0.5 0 
32.7588 0.5 0.5 0 
32.759 0.5 0.5 0 
32.7593 0.5 0.5 0 
32.7595 0.5 0.5 0 
32.7598 0.5 0.5 0 
32.76 0.5 0.5 0 
32.7603 0.5 0.5 0 
32.7606 0.5 0.5 0 
32.7608 0.5 0.5 0 
32.7611 0.5 0.5 0 
32.7613 0.5 0.5 0 
32.7615 0.5 0.5 0 
32.7617 0.5 0.5 0 
32.7619 0.5 0.5 0 
32.7621 0.5 0.5 0 
32.7622 0.5 0.5 0 
32.7623 0.5 0.5 0 
32.7624 0.5 0.5 0 
32.7625 0.5 0.5 0 
32.7625 0.5 0.5 0 
32.7626 0.5 0.5 0 
32.7628 0.5 0.5 0 
32.7627 0.5 0.5 0 
32.7627 0.5 0.5 0 
32.7626 0.5 0.5 0 
32.7625 0.5 0.5 0 
32.7624 0.5 0.5 0 
32.7623 0.5 0.5 0 
32.7622 0.5 0.5 0 
32.762 0.5 0.5 0 
32.7618 0.5 0.5 0 
32.7616 0.5 0.5 0 
32.7614 0.5 0.5 0 
32.7612 0.5 0.5 0 
32.7609 0.5 0.5 0 
32.7607 0.5 0.5 0 
32.7604 0.5 0.5 0 
32.7602 0.5 0.5 0 
32.76 0.5 0.5 0 
32.7597 0.5 0.5 0 
32.7595 0.5 0.5 0 
32.7593 0.5 0.5 0 
32.7592 0.5 0.5 0 
32.759 0.5 0.5 0 
32.7589 0.5 0.5 0 
32.7589 0.5 0.5 0 
32.7589 0.5 0.5 0 
32.7589 0.5 0.5 0 
32.759 0.5 0.5 0 
32.7591 0.5 0.5 0 
32.7593 0.5 0.5 0 
32.7595 0.5 0.5 0 
32.7597 0.5 0.5 0 
32.7599 0.5 0.5 0 
32.7601 0.5 0.5 0 
32.7604 0.5 0.5 0 
32.7606 0.5 0.5 0 
32.7609 0.5 0.5 0 
32.7611 0.5 0.5 0 
32.7613 0.5 0.5 0 
32.7615 0.5 0.5 0 
32.7617 0.5 0.5 0 
32.7619 0.5 0.5 0 
32.7621 0.5 0.5 0 
32.7622 0.5 0.5 0 
32.7624 0.5 0.5 0 
32.7625 0.5 0.5 0 
32.7625 0.5 0.5 0 
32.7626 0.5 0.5 0 
32.7627 0.5 0.5 0 
32.7627 0.5 0.5 0 
32.7629 0.5 0.5 0 
32.7628 0.5 0.5 0 
32.7628 0.5 0.5 0 
32.7627 0.5 0.5 0 
32.7627 0.5 0.5 0 
32.7626 0.5 0.5 0 
32.7624 0.5 0.5 0 
32.7623 0.5 0.5 0 
32.7621 0.5 0.5 0 
32.762 0.5 0.5 0 
32.7618 0.5 0.5 0 
32.7616 0.5 0.5 0 
32.7614 0.5 0.5 0 
32.7612 0.5 0.5 0 
32.761 0.5 0.5 0 
32.7607 0.5 0.5 0 
32.7605 0.5 0.5 0 
32.7603 0.5 0.5 0 
32.7601 0.5 0.5 0 
32.7599 0.5 0.5 0 
32.7598 0.5 0.5 0 
32.7596 0.5 0.5 0 
32.7595 0.5 0.5 0 
32.7594 0.5 0.5 0 
32.7594 0.5 0.5 0 
32.7594 0.5 0.5 0 
32.7594 0.5 0.5 0 
32.7595 0.5 0.5 0 
32.7596 0.5 0.5 0 
32.7597 0.5 0.5 0 
32.7599 0.5 0.5 0 
32.7601 0.5 0.5 0 
32.7603 0.5 0.5 0 
32.7605 0.5 0.5 0 
32.7607 0.5 0.5 0 
32.7609 0.5 0.5 0 
32.7611 0.5 0.5 0 
32.7613 0.5 0.5 0 
32.7615 0.5 0.5 0 
32.7617 0.5 0.5 0 
32.7619 0.5 0.5 0 
32.7621 0.5 0.5 0 
32.7622 0.5 0.5 0 
32.7624 0.5 0.5 0 
32.7625 0.5 0.5 0 
32.7626 0.5 0.5 0 
32.7627 0.5 0.5 0 
32.7627 0.5 0.5 0 
32.7628 0.5 0.5 0 
32.7628 0.5 0.5 0 
32.763 0.5 0.5 0 
32.7629 0.5 0.5 0 
32.7629 0.5 0.5 0 
32.7628 0.5 0.5 0 
32.7628 0.5 0.5 0 
32.7627 0.5 0.5 0 
32.7626 0.5 0.5 0 
32.7624 0.5 0.5 0 
32.7623 0.5 0.5 0 
32.7621 0.5 0.5 0 
32.762 0.5 0.5 0 
32.7618 0.5 0.5 0 
32.7616 0.5 0.5 0 
32.7614 0.5 0.5 0 
32.7612 0.5 0.5 0 
32.761 0.5 0.5 0 
32.7608 0.5 0.5 0 
32.7606 0.5 0.5 0 
32.7605 0.5 0.5 0 
32.7603 0.5 0.5 0 
32.7601 0.5 0.5 0 
32.76 0.5 0.5 0 
32.7599 0.5 0.5 0 
32.7599 0.5 0.5 0 
32.7598 0.5 0.5 0 
32.7598 0.5 0.5 0 
32.7598 0.5 0.5 0 
32.7599 0.5 0.5 0 
32.76 0.5 0.5 0 
32.7601 0.5 0.5 0 
32.7603 0.5 0.5 0 
32.7604 0.5 0.5 0 
32.7606 0.5 0.5 0 
32.7608 0.5 0.5 0 
32.761 0.5 0.5 0 
32.7612 0.5 0.5 0 
32.7614 0.5 0.5 0 
32.7615 0.5 0.5 0 
32.7617 0.5 0.5 0 
32.7619 0.5 0.5 0 
32.7621 0.5 0.5 0 
32.7622 0.5 0.5 0 
32.7624 0.5 0.5 0 
32.7625 0.5 0.5 0 
32.7626 0.5 0.5 0 
32.7627 0.5 0.5 0 
32.7628 0.5 0.5 0 
32.7628 0.5 0.5 0 
32.7629 0.5 0.5 0 
32.7629 0.5 0.5 0 
32.7631 0.5 0.5 0 
32.763 0.5 0.5 0 
32.763 0.5 0.5 0 
32.7629 0.5 0.5 0 
32.7629 0.5 0.5 0 
32.7628 0.5 0.5 0 
32.7627 0.5 0.5 0 
32.7626 0.5 0.5 0 
32.7624 0.5 0.5 0 
32.7623 0.5 0.5 0 
32.7621 0.5 0.5 0 
32.762 0.5 0.5 0 
32.7618 0.5 0.5 0 
32.7616 0.5 0.5 0 
32.7614 0.5 0.5 0 
32.7613 0.5 0.5 0 
32.7611 0.5 0.5 0 
32.7609 0.5 0.5 0 
32.7608 0.5 0.5 0 
32.7606 0.5 0.5 0 
32.7605 0.5 0.5 0 
32.7604 0.5 0.5 0 
32.7603 0.5 0.5 0 
32.7602 0.5 0.5 0 
32.7602 0.5 0.5 0 
32.7602 0.5 0.5 0 
32.7602 0.5 0.5 0 
32.7603 0.5 0.5 0 
32.7604 0.5 0.5 0 
32.7605 0.5 0.5 0 
32.7606 0.5 0.5 0 
32.7607 0.5 0.5 0 
32.7609 0.5 0.5 0 
32.761 0.5 0.5 0 
32.7612 0.5 0.5 0 
32.7614 0.5 0.5 0 
32.7616 0.5 0.5 0 
32.7617 0.5 0.5 0 
32.7619 0.5 0.5 0 
32.7621 0.5 0.5 0 
32.7622 0.5 0.5 0 
32.7624 0.5 0.5 0 
32.7625 0.5 0.5 0 
32.7626 0.5 0.5 0 
32.7627 0.5 0.5 0 
32.7628 0.5 0.5 0 
32.7629 0.5 0.5 0 
32.7629 0.5 0.5 0 
32.763 0.5 0.5 0 
32.763 0.5 0.5 0 
32.7631 0.5 0.5 0 
32.7631 0.5 0.5 0 
32.7631 0.5 0.5 0 
32.763 0.5 0.5 0 
32.763 0.5 0.5 0 
32.7629 0.5 0.5 0 
32.7628 0.5 0.5 0 
32.7627 0.5 0.5 0 
32.7626 0.5 0.5 0 
32.7624 0.5 0.5 0 
32.7623 0.5 0.5 0 
32.7621 0.5 0.5 0 
32.762 0.5 0.5 0 
32.7618 0.5 0.5 0 
32.7616 0.5 0.5 0 
32.7615 0.5 0.5 0 
32.7613 0.5 0.5 0 
32.7612 0.5 0.5 0 
32.761 0.5 0.5 0 
32.7609 0.5 0.5 0 
32.7608 0.5 0.5 0 
32.7607 0.5 0.5 0 
32.7606 0.5 0.5 0 
32.7605 0.5 0.5 0 
32.7605 0.5 0.5 0 
32.7605 0.5 0.5 0 
32.7605 0.5 0.5 0 
32.7606 0.5 0.5 0 
32.7607 0.5 0.5 0 
32.7607 0.5 0.5 0 
32.7609 0.5 0.5 0 
32.761 0.5 0.5 0 
32.7611 0.5 0.5 0 
32.7613 0.5 0.5 0 
32.7614 0.5 0.5 0 
32.7616 0.5 0.5 0 
32.7617 0.5 0.5 0 
32.7619 0.5 0.5 0 
32.7621 0.5 0.5 0 
32.7622 0.5 0.5 0 
32.7624 0.5 0.5 0 
32.7625 0.5 0.5 0 
32.7626 0.5 0.5 0 
32.7627 0.5 0.5 0 
32.7628 0.5 0.5 0 
32.7629 0.5 0.5 0 
32.763 0.5 0.5 0 
32.763 0.5 0.5 0 
32.763 0.5 0.5 0 
32.7631 0.5 0.5 0 
32.7632 0.5 0.5 0 
32.7632 0.5 0.5 0 
32.7632 0.5 0.5 0 
32.7631 0.5 0.5 0 
32.763 0.5 0.5 0 
32.763 0.5 0.5 0 
32.7629 0.5 0.5 0 
32.7628 0.5 0.5 0 
32.7627 0.5 0.5 0 
32.7625 0.5 0.5 0 
32.7624 0.5 0.5 0 
32.7623 0.5 0.5 0 
32.7621 0.5 0.5 0 
32.762 0.5 0.5 0 
32.7618 0.5 0.5 0 
32.7617 0.5 0.5 0 
32.7615 0.5 0.5 0 
32.7614 0.5 0.5 0 
32.7612 0.5 0.5 0 
32.7611 0.5 0.5 0 
32.761 0.5 0.5 0 
32.7609 0.5 0.5 0 
32.7609 0.5 0.5 0 
32.7608 0.5 0.5 0 
32.7608 0.5 0.5 0 
32.7608 0.5 0.5 0 
32.7608 0.5 0.5 0 
32.7608 0.5 0.5 0 
32.7609 0.5 0.5 0 
32.761 0.5 0.5 0 
32.7611 0.5 0.5 0 
32.7612 0.5 0.5 0 
32.7613 0.5 0.5 0 
32.7615 0.5 0.5 0 
32.7616 0.5 0.5 0 
32.7618 0.5 0.5 0 
32.7619 0.5 0.5 0 
32.7621 0.5 0.5 0 
32.7622 0.5 0.5 0 
32.7623 0.5 0.5 0 
32.7625 0.5 0.5 0 
32.7626 0.5 0.5 0 
32.7627 0.5 0.5 0 
32.7628 0.5 0.5 0 
32.7629 0.5 0.5 0 
32.763 0.5 0.5 0 
32.763 0.5 0.5 0 
32.7631 0.5 0.5 0 
32.7631 0.5 0.5 0 
32.7631 0.5 0.5 0 
32.7633 0.5 0.5 0 
32.7633 0.5 0.5 0 
32.7632 0.5 0.5 0 
32.7632 0.5 0.5 0 
32.7631 0.5 0.5 0 
32.763 0.5 0.5 0 
32.763 0.5 0.5 0 
32.7629 0.5 0.5 0 
32.7628 0.5 0.5 0 
32.7626 0.5 0.5 0 
32.7625 0.5 0.5 0 
32.7624 0.5 0.5 0 
32.7622 0.5 0.5 0 
32.7621 0.5 0.5 0 
32.762 0.5 0.5 0 
32.7618 0.5 0.5 0 
32.7617 0.5 0.5 0 
32.7615 0.5 0.5 0 
32.7614 0.5 0.5 0 
32.7613 0.5 0.5 0 
32.7612 0.5 0.5 0 
32.7611 0.5 0.5 0 
32.7611 0.5 0.5 0 
32.761 0.5 0.5 0 
32.761 0.5 0.5 0 
32.761 0.5 0.5 0 
32.761 0.5 0.5 0 
32.7611 0.5 0.5 0 
32.7611 0.5 0.5 0 
32.7612 0.5 0.5 0 
32.7613 0.5 0.5 0 
32.7614 0.5 0.5 0 
32.7615 0.5 0.5 0 
32.7616 0.5 0.5 0 
32.7618 0.5 0.5 0 
32.7619 0.5 0.5 0 
32.762 0.5 0.5 0 
32.7622 0.5 0.5 0 
32.7623 0.5 0.5 0 
32.7624 0.5 0.5 0 
32.7626 0.5 0.5 0 
32.7627 0.5 0.5 0 
32.7628 0.5 0.5 0 
32.7629 0.5 0.5 0 
32.763 0.5 0.5 0 
32.7631 0.5 0.5 0 
32.7631 0.5 0.5 0 
32.7632 0.5 0.5 0 
32.7632 0.5 0.5 0 
32.7632 0.5 0.5 0 
32.7633 0.5 0.5 0 
32.7633 0.5 0.5 0 
32.7633 0.5 0.5 0 
32.7632 0.5 0.5 0 
32.7632 0.5 0.5 0 
32.7631 0.5 0.5 0 
32.763 0.5 0.5 0 
32.7629 0.5 0.5 0 
32.7628 0.5 0.5 0 
32.7627 0.5 0.5 0 
32.7626 0.5 0.5 0 
32.7625 0.5 0.5 0 
32.7623 0.5 0.5 0 
32.7622 0.5 0.5 0 
32.7621 0.5 0.5 0 
32.7619 0.5 0.5 0 
32.7618 0.5 0.5 0 
32.7617 0.5 0.5 0 
32.7616 0.5 0.5 0 
32.7615 0.5 0.5 0 
32.7614 0.5 0.5 0 
32.7613 0.5 0.5 0 
32.7612 0.5 0.5 0 
32.7612 0.5 0.5 0 
32.7612 0.5 0.5 0 
32.7612 0.5 0.5 0 
32.7612 0.5 0.5 0 
32.7612 0.5 0.5 0 
32.7613 0.5 0.5 0 
32.7614 0.5 0.5 0 
32.7614 0.5 0.5 0 
32.7615 0.5 0.5 0 
32.7616 0.5 0.5 0 
32.7618 0.5 0.5 0 
32.7619 0.5 0.5 0 
32.762 0.5 0.5 0 
32.7621 0.5 0.5 0 
32.7623 0.5 0.5 0 
32.7624 0.5 0.5 0 
32.7625 0.5 0.5 0 
32.7627 0.5 0.5 0 
32.7628 0.5 0.5 0 
32.7629 0.5 0.5 0 
32.763 0.5 0.5 0 
32.763 0.5 0.5 0 
32.7631 0.5 0.5 0 
32.7632 0.5 0.5 0 
32.7632 0.5 0.5 0 
32.7632 0.5 0.5 0 
32.7633 0.5 0.5 0 
32.7634 0.5 0.5 0 
32.7633 0.5 0.5 0 
32.7633 0.5 0.5 0 
32.7633 0.5 0.5 0 
32.7632 0.5 0.5 0 
32.7632 0.5 0.5 0 
32.7631 0.5 0.5 0 
32.763 0.5 0.5 0 
32.7629 0.5 0.5 0 
32.7628 0.5 0.5 0 
32.7627 0.5 0.5 0 
32.7625 0.5 0.5 0 
32.7624 0.5 0.5 0 
32.7623 0.5 0.5 0 
32.7622 0.5 0.5 0 
32.762 0.5 0.5 0 
32.7619 0.5 0.5 0 
32.7618 0.5 0.5 0 
32.7617 0.5 0.5 0 
32.7616 0.5 0.5 0 
32.7615 0.5 0.5 0 
32.7614 0.5 0.5 0 
32.7614 0.5 0.5 0 
32.7613 0.5 0.5 0 
32.7613 0.5 0.5 0 
32.7613 0.5 0.5 0 
32.7613 0.5 0.5 0 
32.7614 0.5 0.5 0 
32.7614 0.5 0.5 0 
32.7615 0.5 0.5 0 
32.7616 0.5 0.5 0 
32.7617 0.5 0.5 0 
32.7618 0.5 0.5 0 
32.7619 0.5 0.5 0 
32.762 0.5 0.5 0 
32.7621 0.5 0.5 0 
32.7622 0.5 0.5 0 
32.7624 0.5 0.5 0 
32.7625 0.5 0.5 0 
32.7626 0.5 0.5 0 
32.7627 0.5 0.5 0 
32.7628 0.5 0.5 0 
32.7629 0.5 0.5 0 
32.763 0.5 0.5 0 
32.7631 0.5 0.5 0 
32.7632 0.5 0.5 0 
32.7632 0.5 0.5 0 
32.7632 0.5 0.5 0 
32.7633 0.5 0.5 0 
32.7633 0.5 0.5 0 
32.7634 0.5 0.5 0 
32.7634 0.5 0.5 0 
32.7633 0.5 0.5 0 
32.7633 0.5 0.5 0 
32.7632 0.5 0.5 0 
32.7632 0.5 0.5 0 
32.7631 0.5 0.5 0 
32.763 0.5 0.5 0 
32.7629 0.5 0.5 0 
32.7628 0.5 0.5 0 
32.7627 0.5 0.5 0 
32.7626 0.5 0.5 0 
32.7625 0.5 0.5 0 
32.7623 0.5 0.5 0 
32.7622 0.5 0.5 0 
32.7621 0.5 0.5 0 
32.762 0.5 0.5 0 
32.7619 0.5 0.5 0 
32.7618 0.5 0.5 0 
32.7617 0.5 0.5 0 
32.7616 0.5 0.5 0 
32.7615 0.5 0.5 0 
32.7615 0.5 0.5 0 
32.7614 0.5 0.5 0 
32.7614 0.5 0.5 0 
32.7614 0.5 0.5 0 
32.7614 0.5 0.5 0 
32.7614 0.5 0.5 0 
32.7615 0.5 0.5 0 
32.7616 0.5 0.5 0 
32.7616 0.5 0.5 0 
32.7617 0.5 0.5 0 
32.7618 0.5 0.5 0 
32.7619 0.5 0.5 0 
32.762 0.5 0.5 0 
32.7622 0.5 0.5 0 
32.7623 0.5 0.5 0 
32.7624 0.5 0.5 0 
32.7625 0.5 0.5 0 
32.7626 0.5 0.5 0 
32.7628 0.5 0.5 0 
32.7629 0.5 0.5 0 
32.763 0.5 0.5 0 
32.763 0.5 0.5 0 
32.7631 0.5 0.5 0 
32.7632 0.5 0.5 0 
32.7632 0.5 0.5 0 
32.7633 0.5 0.5 0 
32.7633 0.5 0.5 0 
32.7633 0.5 0.5 0 
32.7634 0.5 0.5 0 
32.7634 0.5 0.5 0 
32.7634 0.5 0.5 0 
32.7633 0.5 0.5 0 
32.7633 0.5 0.5 0 
32.7632 0.5 0.5 0 
32.7631 0.5 0.5 0 
32.763 0.5 0.5 0 
32.7629 0.5 0.5 0 
32.7628 0.5 0.5 0 
32.7627 0.5 0.5 0 
32.7626 0.5 0.5 0 
32.7625 0.5 0.5 0 
32.7624 0.5 0.5 0 
32.7622 0.5 0.5 0 
32.7621 0.5 0.5 0 
32.762 0.5 0.5 0 
32.7619 0.5 0.5 0 
32.7618 0.5 0.5 0 
32.7617 0.5 0.5 0 
32.7616 0.5 0.5 0 
32.7616 0.5 0.5 0 
32.7615 0.5 0.5 0 
32.7615 0.5 0.5 0 
32.7614 0.5 0.5 0 
32.7614 0.5 0.5 0 
32.7615 0.5 0.5 0 
32.7615 0.5 0.5 0 
32.7615 0.5 0.5 0 
32.7616 0.5 0.5 0 
32.7617 0.5 0.5 0 
32.7618 0.5 0.5 0 
32.7619 0.5 0.5 0 
32.762 0.5 0.5 0 
32.7621 0.5 0.5 0 
32.7622 0.5 0.5 0 
32.7623 0.5 0.5 0 
32.7624 0.5 0.5 0 
32.7625 0.5 0.5 0 
32.7627 0.5 0.5 0 
32.7628 0.5 0.5 0 
32.7629 0.5 0.5 0 
32.763 0.5 0.5 0 
32.7631 0.5 0.5 0 
32.7631 0.5 0.5 0 
32.7632 0.5 0.5 0 
32.7633 0.5 0.5 0 
32.7633 0.5 0.5 0 
32.7633 0.5 0.5 0 
32.7633 0.5 0.5 0 

temporary_density_vectors2:
0 0 0 0 
0 0 0 0 
0 0 0 0 
0 0 0 0 
0 0 0 0 
0 0 0 0 
0 0 0 0 
0 0 0 0 
0 0 0 0 
0 0 0 0 
0 0 0 0 
0 0 0 0 
0 0 0 0 
0 0 0 0 
0 0 0 0 
0 0 0 0 
0 0 0 0 
0 0 0 0 
0 0 0 0 
0 0 0 0 
0 0 0 0 
0 0 0 0 
0 0 0 0 
0 0 0 0 
0 0 0 0 
0 0 0 0 
0 0 0 0 
0 0 0 0 
0 0 0 0 
0 0 0 0 
0 0 0 0 
0 0 0 0 
0 0 0 0 
0 0 0 0 
0 0 0 0 
0 0 0 0 
0 0 0 0 
0 0 0 0 
0 0 0 0 
0 0 0 0 
0 0 0 0 
0 0 0 0 
0 0 0 0 
0 0 0 0 
0 0 0 0 
0 0 0 0 
0 0 0 0 
0 0 0 0 
0 0 0 0 
0 0 0 0 
0 0 0 0 
0 0 0 0 
0 0 0 0 
0 0 0 0 
0 0 0 0 
0 0 0 0 
0 0 0 0 
0 0 0 0 
0 0 0 0 
0 0 0 0 
0 0 0 0 
0 0 0 0 
0 0 0 0 
0 0 0 0 
0 0 0 0 
0 0 0 0 
0 0 0 0 
0 0 0 0 
0 0 0 0 
0 0 0 0 
0 0 0 0 
0 0 0 0 
0 0 0 0 
0 0 0 0 
0 0 0 0 
0 0 0 0 
0 0 0 0 
0 0 0 0 
0 0 0 0 
0 0 0 0 
0 0 0 0 
0 0 0 0 
0 0 0 0 
0 0 0 0 
0 0 0 0 
0 0 0 0 
0 0 0 0 
0 0 0 0 
0 0 0 0 
0 0 0 0 
0 0 0 0 
0 0 0 0 
0 0 0 0 
0 0 0 0 
0 0 0 0 
0 0 0 0 
0 0 0 0 
0 0 0 0 
0 0 0 0 
0 0 0 0 
0 0 0 0 
0 0 0 0 
0 0 0 0 
0 0 0 0 
0 0 0 0 
0 0 0 0 
0 0 0 0 
0 0 0 0 
0 0 0 0 
0 0 0 0 
0 0 0 0 
0 0 0 0 
0 0 0 0 
0 0 0 0 
0 0 0 0 
0 0 0 0 
0 0 0 0 
0 0 0 0 
0 0 0 0 
0 0 0 0 
0 0 0 0 
0 0 0 0 
0 0 0 0 
0 0 0 0 
0 0 0 0 
0 0 0 0 
0 0 0 0 
0 0 0 0 
0 0 0 0 
0 0 0 0 
0 0 0 0 
0 0 0 0 
0 0 0 0 
0 0 0 0 
0 0 0 0 
0 0 0 0 
0 0 0 0 
0 0 0 0 
0 0 0 0 
0 0 0 0 
0 0 0 0 
0 0 0 0 
0 0 0 0 
0 0 0 0 
0 0 0 0 
0 0 0 0 
0 0 0 0 
0 0 0 0 
0 0 0 0 
0 0 0 0 
0 0 0 0 
0 0 0 0 
0 0 0 0 
0 0 0 0 
0 0 0 0 
0 0 0 0 
0 0 0 0 
0 0 0 0 
0 0 0 0 
0 0 0 0 
0 0 0 0 
0 0 0 0 
0 0 0 0 
0 0 0 0 
0 0 0 0 
0 0 0 0 
0 0 0 0 
0 0 0 0 
0 0 0 0 
0 0 0 0 
0 0 0 0 
0 0 0 0 
0 0 0 0 
0 0 0 0 
0 0 0 0 
0 0 0 0 
0 0 0 0 
0 0 0 0 
0 0 0 0 
0 0 0 0 
0 0 0 0 
0 0 0 0 
0 0 0 0 
0 0 0 0 
0 0 0 0 
0 0 0 0 
0 0 0 0 
0 0 0 0 
0 0 0 0 
0 0 0 0 
0 0 0 0 
0 0 0 0 
0 0 0 0 
0 0 0 0 
0 0 0 0 
0 0 0 0 
0 0 0 0 
0 0 0 0 
0 0 0 0 
0 0 0 0 
0 0 0 0 
0 0 0 0 
0 0 0 0 
0 0 0 0 
0 0 0 0 
0 0 0 0 
0 0 0 0 
0 0 0 0 
0 0 0 0 
0 0 0 0 
0 0 0 0 
0 0 0 0 
0 0 0 0 
0 0 0 0 
0 0 0 0 
0 0 0 0 
0 0 0 0 
0 0 0 0 
0 0 0 0 
0 0 0 0 
0 0 0 0 
0 0 0 0 
0 0 0 0 
0 0 0 0 
0 0 0 0 
0 0 0 0 
0 0 0 0 
0 0 0 0 
0 0 0 0 
0 0 0 0 
0 0 0 0 
0 0 0 0 
0 0 0 0 
0 0 0 0 
0 0 0 0 
0 0 0 0 
0 0 0 0 
0 0 0 0 
0 0 0 0 
0 0 0 0 
0 0 0 0 
0 0 0 0 
0 0 0 0 
0 0 0 0 
0 0 0 0 
0 0 0 0 
0 0 0 0 
0 0 0 0 
0 0 0 0 
0 0 0 0 
0 0 0 0 
0 0 0 0 
0 0 0 0 
0 0 0 0 
0 0 0 0 
0 0 0 0 
0 0 0 0 
0 0 0 0 
0 0 0 0 
0 0 0 0 
0 0 0 0 
0 0 0 0 
0 0 0 0 
0 0 0 0 
0 0 0 0 
0 0 0 0 
0 0 0 0 
0 0 0 0 
0 0 0 0 
0 0 0 0 
0 0 0 0 
0 0 0 0 
0 0 0 0 
0 0 0 0 
0 0 0 0 
0 0 0 0 
0 0 0 0 
0 0 0 0 
0 0 0 0 
0 0 0 0 
0 0 0 0 
0 0 0 0 
0 0 0 0 
0 0 0 0 
0 0 0 0 
0 0 0 0 
0 0 0 0 
0 0 0 0 
0 0 0 0 
0 0 0 0 
0 0 0 0 
0 0 0 0 
0 0 0 0 
0 0 0 0 
0 0 0 0 
0 0 0 0 
0 0 0 0 
0 0 0 0 
0 0 0 0 
0 0 0 0 
0 0 0 0 
0 0 0 0 
0 0 0 0 
0 0 0 0 
0 0 0 0 
0 0 0 0 
0 0 0 0 
0 0 0 0 
0 0 0 0 
0 0 0 0 
0 0 0 0 
0 0 0 0 
0 0 0 0 
0 0 0 0 
0 0 0 0 
0 0 0 0 
0 0 0 0 
0 0 0 0 
0 0 0 0 
0 0 0 0 
0 0 0 0 
0 0 0 0 
0 0 0 0 
0 0 0 0 
0 0 0 0 
0 0 0 0 
0 0 0 0 
0 0 0 0 
0 0 0 0 
0 0 0 0 
0 0 0 0 
0 0 0 0 
0 0 0 0 
0 0 0 0 
0 0 0 0 
0 0 0 0 
0 0 0 0 
0 0 0 0 
0 0 0 0 
0 0 0 0 
0 0 0 0 
0 0 0 0 
0 0 0 0 
0 0 0 0 
0 0 0 0 
0 0 0 0 
0 0 0 0 
0 0 0 0 
0 0 0 0 
0 0 0 0 
0 0 0 0 
0 0 0 0 
0 0 0 0 
0 0 0 0 
0 0 0 0 
0 0 0 0 
0 0 0 0 
0 0 0 0 
0 0 0 0 
0 0 0 0 
0 0 0 0 
0 0 0 0 
0 0 0 0 
0 0 0 0 
0 0 0 0 
0 0 0 0 
0 0 0 0 
0 0 0 0 
0 0 0 0 
0 0 0 0 
0 0 0 0 
0 0 0 0 
0 0 0 0 
0 0 0 0 
0 0 0 0 
0 0 0 0 
0 0 0 0 
0 0 0 0 
0 0 0 0 
0 0 0 0 
0 0 0 0 
0 0 0 0 
0 0 0 0 
0 0 0 0 
0 0 0 0 
0 0 0 0 
0 0 0 0 
0 0 0 0 
0 0 0 0 
0 0 0 0 
0 0 0 0 
0 0 0 0 
0 0 0 0 
0 0 0 0 
0 0 0 0 
0 0 0 0 
0 0 0 0 
0 0 0 0 
0 0 0 0 
0 0 0 0 
0 0 0 0 
0 0 0 0 
0 0 0 0 
0 0 0 0 
0 0 0 0 
0 0 0 0 
0 0 0 0 
0 0 0 0 
0 0 0 0 
0 0 0 0 
0 0 0 0 
0 0 0 0 
0 0 0 0 
0 0 0 0 
0 0 0 0 
0 0 0 0 
0 0 0 0 
0 0 0 0 
0 0 0 0 
0 0 0 0 
0 0 0 0 
0 0 0 0 
0 0 0 0 
0 0 0 0 
0 0 0 0 
0 0 0 0 
0 0 0 0 
0 0 0 0 
0 0 0 0 
0 0 0 0 
0 0 0 0 
0 0 0 0 
0 0 0 0 
0 0 0 0 
0 0 0 0 
0 0 0 0 
0 0 0 0 
0 0 0 0 
0 0 0 0 
0 0 0 0 
0 0 0 0 
0 0 0 0 
0 0 0 0 
0 0 0 0 
0 0 0 0 
0 0 0 0 
0 0 0 0 
0 0 0 0 
0 0 0 0 
0 0 0 0 
0 0 0 0 
0 0 0 0 
0 0 0 0 
0 0 0 0 
0 0 0 0 
0 0 0 0 
0 0 0 0 
0 0 0 0 
0 0 0 0 
0 0 0 0 
0 0 0 0 
0 0 0 0 
0 0 0 0 
0 0 0 0 
0 0 0 0 
0 0 0 0 
0 0 0 0 
0 0 0 0 
0 0 0 0 
0 0 0 0 
0 0 0 0 
0 0 0 0 
0 0 0 0 
0 0 0 0 
0 0 0 0 
0 0 0 0 
0 0 0 0 
0 0 0 0 
0 0 0 0 
0 0 0 0 
0 0 0 0 
0 0 0 0 
0 0 0 0 
0 0 0 0 
0 0 0 0 
0 0 0 0 
0 0 0 0 
0 0 0 0 
0 0 0 0 
0 0 0 0 
0 0 0 0 
0 0 0 0 
0 0 0 0 
0 0 0 0 
0 0 0 0 
0 0 0 0 
0 0 0 0 
0 0 0 0 
0 0 0 0 
0 0 0 0 
0 0 0 0 
0 0 0 0 
0 0 0 0 
0 0 0 0 
0 0 0 0 
0 0 0 0 
0 0 0 0 
0 0 0 0 
0 0 0 0 
0 0 0 0 
0 0 0 0 
0 0 0 0 
0 0 0 0 
0 0 0 0 
0 0 0 0 
0 0 0 0 
0 0 0 0 
0 0 0 0 
0 0 0 0 
0 0 0 0 
0 0 0 0 
0 0 0 0 
0 0 0 0 
0 0 0 0 
0 0 0 0 
0 0 0 0 
0 0 0 0 
0 0 0 0 
0 0 0 0 
0 0 0 0 
0 0 0 0 
0 0 0 0 
0 0 0 0 
0 0 0 0 
0 0 0 0 
0 0 0 0 
0 0 0 0 
0 0 0 0 
0 0 0 0 
0 0 0 0 
0 0 0 0 
0 0 0 0 
0 0 0 0 
0 0 0 0 
0 0 0 0 
0 0 0 0 
0 0 0 0 
0 0 0 0 
0 0 0 0 
0 0 0 0 
0 0 0 0 
0 0 0 0 
0 0 0 0 
0 0 0 0 
0 0 0 0 
0 0 0 0 
0 0 0 0 
0 0 0 0 
0 0 0 0 
0 0 0 0 
0 0 0 0 
0 0 0 0 
0 0 0 0 
0 0 0 0 
0 0 0 0 
0 0 0 0 
0 0 0 0 
0 0 0 0 
0 0 0 0 
0 0 0 0 
0 0 0 0 
0 0 0 0 
0 0 0 0 
0 0 0 0 
0 0 0 0 
0 0 0 0 
0 0 0 0 
0 0 0 0 
0 0 0 0 
0 0 0 0 
0 0 0 0 
0 0 0 0 
0 0 0 0 
0 0 0 0 
0 0 0 0 
0 0 0 0 
0 0 0 0 
0 0 0 0 
0 0 0 0 
0 0 0 0 
0 0 0 0 
0 0 0 0 
0 0 0 0 
0 0 0 0 
0 0 0 0 
0 0 0 0 
0 0 0 0 
0 0 0 0 
0 0 0 0 
0 0 0 0 
0 0 0 0 
0 0 0 0 
0 0 0 0 
0 0 0 0 
0 0 0 0 
0 0 0 0 
0 0 0 0 
0 0 0 0 
0 0 0 0 
0 0 0 0 
0 0 0 0 
0 0 0 0 
0 0 0 0 
0 0 0 0 
0 0 0 0 
0 0 0 0 
0 0 0 0 
0 0 0 0 
0 0 0 0 
0 0 0 0 
0 0 0 0 
0 0 0 0 
0 0 0 0 
0 0 0 0 
0 0 0 0 
0 0 0 0 
0 0 0 0 
0 0 0 0 
0 0 0 0 
0 0 0 0 
0 0 0 0 
0 0 0 0 
0 0 0 0 
0 0 0 0 
0 0 0 0 
0 0 0 0 
0 0 0 0 
0 0 0 0 
0 0 0 0 
0 0 0 0 
0 0 0 0 
0 0 0 0 
0 0 0 0 
0 0 0 0 
0 0 0 0 
0 0 0 0 
0 0 0 0 
0 0 0 0 
0 0 0 0 
0 0 0 0 
0 0 0 0 
0 0 0 0 
0 0 0 0 
0 0 0 0 
0 0 0 0 
0 0 0 0 
0 0 0 0 
0 0 0 0 
0 0 0 0 
0 0 0 0 
0 0 0 0 
0 0 0 0 
0 0 0 0 
0 0 0 0 
0 0 0 0 
0 0 0 0 
0 0 0 0 
0 0 0 0 
0 0 0 0 
0 0 0 0 
0 0 0 0 
0 0 0 0 
0 0 0 0 
0 0 0 0 
0 0 0 0 
0 0 0 0 
0 0 0 0 
0 0 0 0 
0 0 0 0 
0 0 0 0 
0 0 0 0 
0 0 0 0 
0 0 0 0 
0 0 0 0 
0 0 0 0 
0 0 0 0 
0 0 0 0 
0 0 0 0 
0 0 0 0 
0 0 0 0 
0 0 0 0 
0 0 0 0 
0 0 0 0 
0 0 0 0 
0 0 0 0 
0 0 0 0 
0 0 0 0 
0 0 0 0 
0 0 0 0 
0 0 0 0 
0 0 0 0 
0 0 0 0 
0 0 0 0 
0 0 0 0 
0 0 0 0 
0 0 0 0 
0 0 0 0 
0 0 0 0 
0 0 0 0 
0 0 0 0 
0 0 0 0 
0 0 0 0 
0 0 0 0 
0 0 0 0 
0 0 0 0 
0 0 0 0 
0 0 0 0 
0 0 0 0 
0 0 0 0 
0 0 0 0 
0 0 0 0 
0 0 0 0 
0 0 0 0 
0 0 0 0 
0 0 0 0 
0 0 0 0 
0 0 0 0 
0 0 0 0 
0 0 0 0 
0 0 0 0 
0 0 0 0 
0 0 0 0 
0 0 0 0 
0 0 0 0 
0 0 0 0 
0 0 0 0 
0 0 0 0 
0 0 0 0 
0 0 0 0 
0 0 0 0 
0 0 0 0 
0 0 0 0 
0 0 0 0 
0 0 0 0 
0 0 0 0 
0 0 0 0 
0 0 0 0 
0 0 0 0 
0 0 0 0 
0 0 0 0 
0 0 0 0 
0 0 0 0 
0 0 0 0 
0 0 0 0 
0 0 0 0 
0 0 0 0 
0 0 0 0 
0 0 0 0 
0 0 0 0 
0 0 0 0 
0 0 0 0 
0 0 0 0 
0 0 0 0 
0 0 0 0 
0 0 0 0 
0 0 0 0 
0 0 0 0 
0 0 0 0 
0 0 0 0 
0 0 0 0 
0 0 0 0 
0 0 0 0 
0 0 0 0 
0 0 0 0 
0 0 0 0 
0 0 0 0 
0 0 0 0 
0 0 0 0 
0 0 0 0 
0 0 0 0 
0 0 0 0 
0 0 0 0 
0 0 0 0 
0 0 0 0 
0 0 0 0 
0 0 0 0 
0 0 0 0 
0 0 0 0 
0 0 0 0 
0 0 0 0 
0 0 0 0 
0 0 0 0 
0 0 0 0 
0 0 0 0 
0 0 0 0 
0 0 0 0 
0 0 0 0 
0 0 0 0 
0 0 0 0 
0 0 0 0 
0 0 0 0 
0 0 0 0 
0 0 0 0 
0 0 0 0 
0 0 0 0 
0 0 0 0 
0 0 0 0 
0 0 0 0 
0 0 0 0 
0 0 0 0 
0 0 0 0 
0 0 0 0 
0 0 0 0 
0 0 0 0 
0 0 0 0 
0 0 0 0 
0 0 0 0 
0 0 0 0 
0 0 0 0 
0 0 0 0 
0 0 0 0 
0 0 0 0 
0 0 0 0 
0 0 0 0 
0 0 0 0 
0 0 0 0 
0 0 0 0 
0 0 0 0 
0 0 0 0 
0 0 0 0 
0 0 0 0 
0 0 0 0 
0 0 0 0 
0 0 0 0 
0 0 0 0 
0 0 0 0 
0 0 0 0 
0 0 0 0 
0 0 0 0 
0 0 0 0 
0 0 0 0 
0 0 0 0 
0 0 0 0 
0 0 0 0 
0 0 0 0 
0 0 0 0 
0 0 0 0 
0 0 0 0 
0 0 0 0 
0 0 0 0 
0 0 0 0 
0 0 0 0 
0 0 0 0 
0 0 0 0 
0 0 0 0 
0 0 0 0 
0 0 0 0 
0 0 0 0 
0 0 0 0 
0 0 0 0 
0 0 0 0 
0 0 0 0 
0 0 0 0 
0 0 0 0 
0 0 0 0 
0 0 0 0 
0 0 0 0 
0 0 0 0 
0 0 0 0 
0 0 0 0 
0 0 0 0 
0 0 0 0 
0 0 0 0 
0 0 0 0 
0 0 0 0 
0 0 0 0 
0 0 0 0 
0 0 0 0 
0 0 0 0 
0 0 0 0 
0 0 0 0 
0 0 0 0 
0 0 0 0 
0 0 0 0 
0 0 0 0 
0 0 0 0 
0 0 0 0 
0 0 0 0 
0 0 0 0 
0 0 0 0 
0 0 0 0 
0 0 0 0 
0 0 0 0 
0 0 0 0 
0 0 0 0 
0 0 0 0 
0 0 0 0 
0 0 0 0 
0 0 0 0 
0 0 0 0 
0 0 0 0 
0 0 0 0 
0 0 0 0 
0 0 0 0 
0 0 0 0 
0 0 0 0 
0 0 0 0 
0 0 0 0 
0 0 0 0 
0 0 0 0 
0 0 0 0 
0 0 0 0 
0 0 0 0 
0 0 0 0 
0 0 0 0 
0 0 0 0 
0 0 0 0 
0 0 0 0 
0 0 0 0 
0 0 0 0 
0 0 0 0 
0 0 0 0 
0 0 0 0 
0 0 0 0 
0 0 0 0 
0 0 0 0 
0 0 0 0 
0 0 0 0 
0 0 0 0 
0 0 0 0 
0 0 0 0 
0 0 0 0 
0 0 0 0 
0 0 0 0 
0 0 0 0 
0 0 0 0 
0 0 0 0 
0 0 0 0 
0 0 0 0 
0 0 0 0 
0 0 0 0 
0 0 0 0 
0 0 0 0 
0 0 0 0 
0 0 0 0 
0 0 0 0 
0 0 0 0 
0 0 0 0 
0 0 0 0 
0 0 0 0 
0 0 0 0 
0 0 0 0 
0 0 0 0 
0 0 0 0 
0 0 0 0 
0 0 0 0 
0 0 0 0 
0 0 0 0 
0 0 0 0 
0 0 0 0 
0 0 0 0 
0 0 0 0 
0 0 0 0 
0 0 0 0 
0 0 0 0 
0 0 0 0 
0 0 0 0 
0 0 0 0 
0 0 0 0 
0 0 0 0 
0 0 0 0 
0 0 0 0 
0 0 0 0 
0 0 0 0 
0 0 0 0 
0 0 0 0 
0 0 0 0 
0 0 0 0 
0 0 0 0 
0 0 0 0 
0 0 0 0 
0 0 0 0 
0 0 0 0 
0 0 0 0 
0 0 0 0 
0 0 0 0 
0 0 0 0 
0 0 0 0 
0 0 0 0 
0 0 0 0 
0 0 0 0 
0 0 0 0 
0 0 0 0 
0 0 0 0 
0 0 0 0 
0 0 0 0 
0 0 0 0 
0 0 0 0 
0 0 0 0 
0 0 0 0 
0 0 0 0 
0 0 0 0 
0 0 0 0 
0 0 0 0 
0 0 0 0 
0 0 0 0 
0 0 0 0 
0 0 0 0 
0 0 0 0 
0 0 0 0 
0 0 0 0 
0 0 0 0 
0 0 0 0 
0 0 0 0 
0 0 0 0 
0 0 0 0 
0 0 0 0 
0 0 0 0 
0 0 0 0 
0 0 0 0 
0 0 0 0 
0 0 0 0 
0 0 0 0 
0 0 0 0 
0 0 0 0 
0 0 0 0 
0 0 0 0 
0 0 0 0 
0 0 0 0 
0 0 0 0 
0 0 0 0 
0 0 0 0 
0 0 0 0 
0 0 0 0 
0 0 0 0 
0 0 0 0 
0 0 0 0 
0 0 0 0 
0 0 0 0 
0 0 0 0 
0 0 0 0 
0 0 0 0 
0 0 0 0 
0 0 0 0 
0 0 0 0 
0 0 0 0 
0 0 0 0 
0 0 0 0 
0 0 0 0 
0 0 0 0 
0 0 0 0 
0 0 0 0 
0 0 0 0 
0 0 0 0 
0 0 0 0 
0 0 0 0 
0 0 0 0 
0 0 0 0 
0 0 0 0 
0 0 0 0 
0 0 0 0 
0 0 0 0 
0 0 0 0 
0 0 0 0 
0 0 0 0 
0 0 0 0 
0 0 0 0 
0 0 0 0 
0 0 0 0 
0 0 0 0 
0 0 0 0 
0 0 0 0 
0 0 0 0 
0 0 0 0 
0 0 0 0 
0 0 0 0 
0 0 0 0 
0 0 0 0 
0 0 0 0 
0 0 0 0 
0 0 0 0 
0 0 0 0 
0 0 0 0 
0 0 0 0 
0 0 0 0 
0 0 0 0 
0 0 0 0 
0 0 0 0 
0 0 0 0 
0 0 0 0 
0 0 0 0 
0 0 0 0 
0 0 0 0 
0 0 0 0 
0 0 0 0 
0 0 0 0 
0 0 0 0 
0 0 0 0 
0 0 0 0 
0 0 0 0 
0 0 0 0 
0 0 0 0 
0 0 0 0 
0 0 0 0 
0 0 0 0 
0 0 0 0 
0 0 0 0 
0 0 0 0 
0 0 0 0 
0 0 0 0 
0 0 0 0 
0 0 0 0 
0 0 0 0 
0 0 0 0 
0 0 0 0 
0 0 0 0 
0 0 0 0 
0 0 0 0 
0 0 0 0 
0 0 0 0 
0 0 0 0 
0 0 0 0 
0 0 0 0 
0 0 0 0 
0 0 0 0 
0 0 0 0 
0 0 0 0 
0 0 0 0 
0 0 0 0 
0 0 0 0 
0 0 0 0 
0 0 0 0 
0 0 0 0 
0 0 0 0 
0 0 0 0 
0 0 0 0 
0 0 0 0 
0 0 0 0 
0 0 0 0 
0 0 0 0 
0 0 0 0 
0 0 0 0 
0 0 0 0 
0 0 0 0 
0 0 0 0 
0 0 0 0 
0 0 0 0 
0 0 0 0 
0 0 0 0 
0 0 0 0 
0 0 0 0 
0 0 0 0 
0 0 0 0 
0 0 0 0 
0 0 0 0 
0 0 0 0 
0 0 0 0 
0 0 0 0 
0 0 0 0 
0 0 0 0 
0 0 0 0 
0 0 0 0 
0 0 0 0 
0 0 0 0 
0 0 0 0 
0 0 0 0 
0 0 0 0 
0 0 0 0 
0 0 0 0 
0 0 0 0 
0 0 0 0 
0 0 0 0 
0 0 0 0 
0 0 0 0 
0 0 0 0 
0 0 0 0 
0 0 0 0 
0 0 0 0 
0 0 0 0 
0 0 0 0 
0 0 0 0 
0 0 0 0 
0 0 0 0 
0 0 0 0 
0 0 0 0 
0 0 0 0 
0 0 0 0 
0 0 0 0 
0 0 0 0 
0 0 0 0 
0 0 0 0 
0 0 0 0 
0 0 0 0 
0 0 0 0 
0 0 0 0 
0 0 0 0 
0 0 0 0 
0 0 0 0 
0 0 0 0 
0 0 0 0 
0 0 0 0 
0 0 0 0 
0 0 0 0 
0 0 0 0 
0 0 0 0 
0 0 0 0 
0 0 0 0 
0 0 0 0 
0 0 0 0 
0 0 0 0 
0 0 0 0 
0 0 0 0 
0 0 0 0 
0 0 0 0 
0 0 0 0 
0 0 0 0 
0 0 0 0 
0 0 0 0 
0 0 0 0 
0 0 0 0 
0 0 0 0 
0 0 0 0 
0 0 0 0 
0 0 0 0 
0 0 0 0 
0 0 0 0 
0 0 0 0 
0 0 0 0 
0 0 0 0 
0 0 0 0 
0 0 0 0 
0 0 0 0 
0 0 0 0 
0 0 0 0 
0 0 0 0 
0 0 0 0 
0 0 0 0 
0 0 0 0 
0 0 0 0 
0 0 0 0 
0 0 0 0 
0 0 0 0 
0 0 0 0 
0 0 0 0 
0 0 0 0 
0 0 0 0 
0 0 0 0 
0 0 0 0 
0 0 0 0 
0 0 0 0 
0 0 0 0 
0 0 0 0 
0 0 0 0 
0 0 0 0 
0 0 0 0 
0 0 0 0 
0 0 0 0 
0 0 0 0 
0 0 0 0 
0 0 0 0 
0 0 0 0 
0 0 0 0 
0 0 0 0 
0 0 0 0 
0 0 0 0 
0 0 0 0 
0 0 0 0 
0 0 0 0 
0 0 0 0 
0 0 0 0 
0 0 0 0 
0 0 0 0 
0 0 0 0 
0 0 0 0 
0 0 0 0 
0 0 0 0 
0 0 0 0 
0 0 0 0 
0 0 0 0 
0 0 0 0 
0 0 0 0 
0 0 0 0 
0 0 0 0 
0 0 0 0 
0 0 0 0 
0 0 0 0 
0 0 0 0 
0 0 0 0 
0 0 0 0 
0 0 0 0 
0 0 0 0 
0 0 0 0 
0 0 0 0 
0 0 0 0 
0 0 0 0 
0 0 0 0 
0 0 0 0 
0 0 0 0 
0 0 0 0 
0 0 0 0 
0 0 0 0 
0 0 0 0 
0 0 0 0 
0 0 0 0 
0 0 0 0 
0 0 0 0 
0 0 0 0 
0 0 0 0 
0 0 0 0 
0 0 0 0 
0 0 0 0 
0 0 0 0 
0 0 0 0 
0 0 0 0 
0 0 0 0 
0 0 0 0 
0 0 0 0 
0 0 0 0 
0 0 0 0 
0 0 0 0 
0 0 0 0 
0 0 0 0 
0 0 0 0 
0 0 0 0 
0 0 0 0 
0 0 0 0 
0 0 0 0 
0 0 0 0 
0 0 0 0 
0 0 0 0 
0 0 0 0 
0 0 0 0 
0 0 0 0 
0 0 0 0 
0 0 0 0 
0 0 0 0 
0 0 0 0 
0 0 0 0 
0 0 0 0 
0 0 0 0 
0 0 0 0 
0 0 0 0 
0 0 0 0 
0 0 0 0 
0 0 0 0 
0 0 0 0 
0 0 0 0 
0 0 0 0 
0 0 0 0 
0 0 0 0 
0 0 0 0 
0 0 0 0 
0 0 0 0 
0 0 0 0 
0 0 0 0 
0 0 0 0 
0 0 0 0 
0 0 0 0 
0 0 0 0 
0 0 0 0 
0 0 0 0 
0 0 0 0 
0 0 0 0 
0 0 0 0 
0 0 0 0 
0 0 0 0 
0 0 0 0 
0 0 0 0 
0 0 0 0 
0 0 0 0 
0 0 0 0 
0 0 0 0 
0 0 0 0 
0 0 0 0 
0 0 0 0 
0 0 0 0 
0 0 0 0 
0 0 0 0 
0 0 0 0 
0 0 0 0 
0 0 0 0 
0 0 0 0 
0 0 0 0 
0 0 0 0 
0 0 0 0 
0 0 0 0 
0 0 0 0 
0 0 0 0 
0 0 0 0 
0 0 0 0 
0 0 0 0 
0 0 0 0 
0 0 0 0 
0 0 0 0 
0 0 0 0 
0 0 0 0 
0 0 0 0 
0 0 0 0 
0 0 0 0 
0 0 0 0 
0 0 0 0 
0 0 0 0 
0 0 0 0 
0 0 0 0 
0 0 0 0 
0 0 0 0 
0 0 0 0 
0 0 0 0 
0 0 0 0 
0 0 0 0 
0 0 0 0 
0 0 0 0 
0 0 0 0 
0 0 0 0 
0 0 0 0 
0 0 0 0 
0 0 0 0 
0 0 0 0 
0 0 0 0 
0 0 0 0 
0 0 0 0 
0 0 0 0 
0 0 0 0 
0 0 0 0 
0 0 0 0 
0 0 0 0 
0 0 0 0 
0 0 0 0 
0 0 0 0 
0 0 0 0 
0 0 0 0 
0 0 0 0 
0 0 0 0 
0 0 0 0 
0 0 0 0 
0 0 0 0 
0 0 0 0 
0 0 0 0 
0 0 0 0 
0 0 0 0 
0 0 0 0 
0 0 0 0 
0 0 0 0 
0 0 0 0 
0 0 0 0 
0 0 0 0 
0 0 0 0 
0 0 0 0 
0 0 0 0 
0 0 0 0 
0 0 0 0 
0 0 0 0 
0 0 0 0 
0 0 0 0 
0 0 0 0 
0 0 0 0 
0 0 0 0 
0 0 0 0 
0 0 0 0 
0 0 0 0 
0 0 0 0 
0 0 0 0 
0 0 0 0 
0 0 0 0 
0 0 0 0 
0 0 0 0 
0 0 0 0 
0 0 0 0 
0 0 0 0 
0 0 0 0 
0 0 0 0 
0 0 0 0 
0 0 0 0 
0 0 0 0 
0 0 0 0 
0 0 0 0 
0 0 0 0 
0 0 0 0 
0 0 0 0 
0 0 0 0 
0 0 0 0 
0 0 0 0 
0 0 0 0 
0 0 0 0 
0 0 0 0 
0 0 0 0 
0 0 0 0 
0 0 0 0 
0 0 0 0 
0 0 0 0 
0 0 0 0 
0 0 0 0 
0 0 0 0 
0 0 0 0 
0 0 0 0 
0 0 0 0 
0 0 0 0 
0 0 0 0 
0 0 0 0 
0 0 0 0 
0 0 0 0 
0 0 0 0 
0 0 0 0 
0 0 0 0 
0 0 0 0 
0 0 0 0 
0 0 0 0 
0 0 0 0 
0 0 0 0 
0 0 0 0 
0 0 0 0 
0 0 0 0 
0 0 0 0 
0 0 0 0 
0 0 0 0 
0 0 0 0 
0 0 0 0 
0 0 0 0 
0 0 0 0 
0 0 0 0 
0 0 0 0 
0 0 0 0 
0 0 0 0 
0 0 0 0 
0 0 0 0 
0 0 0 0 
0 0 0 0 
0 0 0 0 
0 0 0 0 
0 0 0 0 
0 0 0 0 
0 0 0 0 
0 0 0 0 
0 0 0 0 
0 0 0 0 
0 0 0 0 
0 0 0 0 
0 0 0 0 
0 0 0 0 
0 0 0 0 
0 0 0 0 
0 0 0 0 
0 0 0 0 
0 0 0 0 
0 0 0 0 
0 0 0 0 
0 0 0 0 
0 0 0 0 
0 0 0 0 
0 0 0 0 
0 0 0 0 
0 0 0 0 
0 0 0 0 
0 0 0 0 
0 0 0 0 
0 0 0 0 
0 0 0 0 
0 0 0 0 
0 0 0 0 
0 0 0 0 
0 0 0 0 
0 0 0 0 
0 0 0 0 
0 0 0 0 
0 0 0 0 
0 0 0 0 
0 0 0 0 
0 0 0 0 
0 0 0 0 
0 0 0 0 
0 0 0 0 
0 0 0 0 
0 0 0 0 
0 0 0 0 
0 0 0 0 
0 0 0 0 
0 0 0 0 
0 0 0 0 
0 0 0 0 
0 0 0 0 
0 0 0 0 
0 0 0 0 
0 0 0 0 
0 0 0 0 
0 0 0 0 
0 0 0 0 
0 0 0 0 
0 0 0 0 
0 0 0 0 
0 0 0 0 
0 0 0 0 
0 0 0 0 
0 0 0 0 
0 0 0 0 
0 0 0 0 
0 0 0 0 
0 0 0 0 
0 0 0 0 
0 0 0 0 
0 0 0 0 
0 0 0 0 
0 0 0 0 
0 0 0 0 
0 0 0 0 
0 0 0 0 
0 0 0 0 
0 0 0 0 
0 0 0 0 
0 0 0 0 
0 0 0 0 
0 0 0 0 
0 0 0 0 
0 0 0 0 
0 0 0 0 
0 0 0 0 
0 0 0 0 
0 0 0 0 
0 0 0 0 
0 0 0 0 
0 0 0 0 
0 0 0 0 
0 0 0 0 
0 0 0 0 
0 0 0 0 
0 0 0 0 
0 0 0 0 
0 0 0 0 
0 0 0 0 
0 0 0 0 
0 0 0 0 
0 0 0 0 
0 0 0 0 
0 0 0 0 
0 0 0 0 
0 0 0 0 
0 0 0 0 
0 0 0 0 
0 0 0 0 
0 0 0 0 
0 0 0 0 
0 0 0 0 
0 0 0 0 
0 0 0 0 
0 0 0 0 
0 0 0 0 
0 0 0 0 
0 0 0 0 
0 0 0 0 
0 0 0 0 
0 0 0 0 
0 0 0 0 
0 0 0 0 
0 0 0 0 
0 0 0 0 
0 0 0 0 
0 0 0 0 
0 0 0 0 
0 0 0 0 
0 0 0 0 
0 0 0 0 
0 0 0 0 
0 0 0 0 
0 0 0 0 
0 0 0 0 
0 0 0 0 
0 0 0 0 
0 0 0 0 
0 0 0 0 
0 0 0 0 
0 0 0 0 
0 0 0 0 
0 0 0 0 
0 0 0 0 
0 0 0 0 
0 0 0 0 
0 0 0 0 
0 0 0 0 
0 0 0 0 
0 0 0 0 
0 0 0 0 
0 0 0 0 
0 0 0 0 
0 0 0 0 
0 0 0 0 
0 0 0 0 
0 0 0 0 
0 0 0 0 
0 0 0 0 
0 0 0 0 
0 0 0 0 
0 0 0 0 
0 0 0 0 
0 0 0 0 
0 0 0 0 
0 0 0 0 
0 0 0 0 
0 0 0 0 
0 0 0 0 
0 0 0 0 
0 0 0 0 
0 0 0 0 
0 0 0 0 
0 0 0 0 
0 0 0 0 
0 0 0 0 
0 0 0 0 
0 0 0 0 
0 0 0 0 
0 0 0 0 
0 0 0 0 
0 0 0 0 
0 0 0 0 
0 0 0 0 
0 0 0 0 
0 0 0 0 
0 0 0 0 
0 0 0 0 
0 0 0 0 
0 0 0 0 
0 0 0 0 
0 0 0 0 
0 0 0 0 
0 0 0 0 
0 0 0 0 
0 0 0 0 
0 0 0 0 
0 0 0 0 
0 0 0 0 
0 0 0 0 
0 0 0 0 
0 0 0 0 
0 0 0 0 
0 0 0 0 
0 0 0 0 
0 0 0 0 
0 0 0 0 
0 0 0 0 
0 0 0 0 
0 0 0 0 
0 0 0 0 
0 0 0 0 
0 0 0 0 
0 0 0 0 
0 0 0 0 
0 0 0 0 
0 0 0 0 
0 0 0 0 
0 0 0 0 
0 0 0 0 
0 0 0 0 
0 0 0 0 
0 0 0 0 
0 0 0 0 
0 0 0 0 
0 0 0 0 
0 0 0 0 
0 0 0 0 
0 0 0 0 
0 0 0 0 
0 0 0 0 
0 0 0 0 
0 0 0 0 
0 0 0 0 
0 0 0 0 
0 0 0 0 
0 0 0 0 
0 0 0 0 
0 0 0 0 
0 0 0 0 
0 0 0 0 
0 0 0 0 
0 0 0 0 
0 0 0 0 
0 0 0 0 
0 0 0 0 
0 0 0 0 
0 0 0 0 
0 0 0 0 
0 0 0 0 
0 0 0 0 
0 0 0 0 
0 0 0 0 
0 0 0 0 
0 0 0 0 
0 0 0 0 
0 0 0 0 
0 0 0 0 
0 0 0 0 
0 0 0 0 
0 0 0 0 
0 0 0 0 
0 0 0 0 
0 0 0 0 
0 0 0 0 
0 0 0 0 
0 0 0 0 
0 0 0 0 
0 0 0 0 
0 0 0 0 
0 0 0 0 
0 0 0 0 
0 0 0 0 
0 0 0 0 
0 0 0 0 
0 0 0 0 
0 0 0 0 
0 0 0 0 
0 0 0 0 
0 0 0 0 
0 0 0 0 
0 0 0 0 
0 0 0 0 
0 0 0 0 
0 0 0 0 
0 0 0 0 
0 0 0 0 
0 0 0 0 
0 0 0 0 
0 0 0 0 
0 0 0 0 
0 0 0 0 
0 0 0 0 
0 0 0 0 
0 0 0 0 
0 0 0 0 
0 0 0 0 
0 0 0 0 
0 0 0 0 
0 0 0 0 
0 0 0 0 
0 0 0 0 
0 0 0 0 
0 0 0 0 
0 0 0 0 
0 0 0 0 
0 0 0 0 
0 0 0 0 
0 0 0 0 
0 0 0 0 
0 0 0 0 
0 0 0 0 
0 0 0 0 
0 0 0 0 
0 0 0 0 
0 0 0 0 
0 0 0 0 
0 0 0 0 
0 0 0 0 
0 0 0 0 
0 0 0 0 
0 0 0 0 
0 0 0 0 
0 0 0 0 
0 0 0 0 
0 0 0 0 
0 0 0 0 
0 0 0 0 
0 0 0 0 
0 0 0 0 
0 0 0 0 
0 0 0 0 
0 0 0 0 
0 0 0 0 
0 0 0 0 
0 0 0 0 
0 0 0 0 
0 0 0 0 
0 0 0 0 
0 0 0 0 
0 0 0 0 
0 0 0 0 
0 0 0 0 
0 0 0 0 
0 0 0 0 
0 0 0 0 
0 0 0 0 
0 0 0 0 
0 0 0 0 
0 0 0 0 
0 0 0 0 
0 0 0 0 
0 0 0 0 
0 0 0 0 
0 0 0 0 
0 0 0 0 
0 0 0 0 
0 0 0 0 
0 0 0 0 
0 0 0 0 
0 0 0 0 
0 0 0 0 
0 0 0 0 
0 0 0 0 
0 0 0 0 
0 0 0 0 
0 0 0 0 
0 0 0 0 
0 0 0 0 
0 0 0 0 
0 0 0 0 
0 0 0 0 
0 0 0 0 
0 0 0 0 
0 0 0 0 
0 0 0 0 
0 0 0 0 
0 0 0 0 
0 0 0 0 
0 0 0 0 
0 0 0 0 
0 0 0 0 
0 0 0 0 
0 0 0 0 
0 0 0 0 
0 0 0 0 
0 0 0 0 
0 0 0 0 
0 0 0 0 
0 0 0 0 
0 0 0 0 
0 0 0 0 
0 0 0 0 
0 0 0 0 
0 0 0 0 
0 0 0 0 
0 0 0 0 
0 0 0 0 
0 0 0 0 
0 0 0 0 
0 0 0 0 
0 0 0 0 
0 0 0 0 
0 0 0 0 
0 0 0 0 
0 0 0 0 
0 0 0 0 
0 0 0 0 
0 0 0 0 
0 0 0 0 
0 0 0 0 
0 0 0 0 
0 0 0 0 
0 0 0 0 
0 0 0 0 
0 0 0 0 
0 0 0 0 
0 0 0 0 
0 0 0 0 
0 0 0 0 
0 0 0 0 
0 0 0 0 
0 0 0 0 
0 0 0 0 
0 0 0 0 
0 0 0 0 
0 0 0 0 
0 0 0 0 
0 0 0 0 
0 0 0 0 
0 0 0 0 
0 0 0 0 
0 0 0 0 
0 0 0 0 
0 0 0 0 
0 0 0 0 
0 0 0 0 
0 0 0 0 
0 0 0 0 
0 0 0 0 
0 0 0 0 
0 0 0 0 
0 0 0 0 
0 0 0 0 
0 0 0 0 
0 0 0 0 
0 0 0 0 
0 0 0 0 
0 0 0 0 
0 0 0 0 
0 0 0 0 
0 0 0 0 
0 0 0 0 
0 0 0 0 
0 0 0 0 
0 0 0 0 
0 0 0 0 
0 0 0 0 
0 0 0 0 
0 0 0 0 
0 0 0 0 
0 0 0 0 
0 0 0 0 
0 0 0 0 
0 0 0 0 
0 0 0 0 
0 0 0 0 
0 0 0 0 
0 0 0 0 
0 0 0 0 
0 0 0 0 
0 0 0 0 
0 0 0 0 
0 0 0 0 
0 0 0 0 
0 0 0 0 
0 0 0 0 
0 0 0 0 
0 0 0 0 
0 0 0 0 
0 0 0 0 
0 0 0 0 
0 0 0 0 
0 0 0 0 
0 0 0 0 
0 0 0 0 
0 0 0 0 
0 0 0 0 
0 0 0 0 
0 0 0 0 
0 0 0 0 
0 0 0 0 
0 0 0 0 
0 0 0 0 
0 0 0 0 
0 0 0 0 
0 0 0 0 
0 0 0 0 
0 0 0 0 
0 0 0 0 
0 0 0 0 
0 0 0 0 
0 0 0 0 
0 0 0 0 
0 0 0 0 
0 0 0 0 
0 0 0 0 
0 0 0 0 
0 0 0 0 
0 0 0 0 
0 0 0 0 
0 0 0 0 
0 0 0 0 
0 0 0 0 
0 0 0 0 
0 0 0 0 
0 0 0 0 
0 0 0 0 
0 0 0 0 
0 0 0 0 
0 0 0 0 
0 0 0 0 
0 0 0 0 
0 0 0 0 
0 0 0 0 
0 0 0 0 
0 0 0 0 
0 0 0 0 
0 0 0 0 
0 0 0 0 
0 0 0 0 
0 0 0 0 
0 0 0 0 
0 0 0 0 
0 0 0 0 
0 0 0 0 
0 0 0 0 
0 0 0 0 
0 0 0 0 
0 0 0 0 
0 0 0 0 
0 0 0 0 
0 0 0 0 
0 0 0 0 
0 0 0 0 
0 0 0 0 
0 0 0 0 
0 0 0 0 
0 0 0 0 
0 0 0 0 
0 0 0 0 
0 0 0 0 
0 0 0 0 
0 0 0 0 
0 0 0 0 
0 0 0 0 
0 0 0 0 
0 0 0 0 
0 0 0 0 
0 0 0 0 
0 0 0 0 
0 0 0 0 
0 0 0 0 
0 0 0 0 
0 0 0 0 
0 0 0 0 
0 0 0 0 
0 0 0 0 
0 0 0 0 
0 0 0 0 
0 0 0 0 
0 0 0 0 
0 0 0 0 
0 0 0 0 
0 0 0 0 
0 0 0 0 
0 0 0 0 
0 0 0 0 
0 0 0 0 
0 0 0 0 
0 0 0 0 
0 0 0 0 
0 0 0 0 
0 0 0 0 
0 0 0 0 
0 0 0 0 
0 0 0 0 
0 0 0 0 
0 0 0 0 
0 0 0 0 
0 0 0 0 
0 0 0 0 
0 0 0 0 
0 0 0 0 
0 0 0 0 
0 0 0 0 
0 0 0 0 
0 0 0 0 
0 0 0 0 
0 0 0 0 
0 0 0 0 
0 0 0 0 
0 0 0 0 
0 0 0 0 
0 0 0 0 
0 0 0 0 
0 0 0 0 
0 0 0 0 
0 0 0 0 
0 0 0 0 
0 0 0 0 
0 0 0 0 
0 0 0 0 
0 0 0 0 
0 0 0 0 
0 0 0 0 
0 0 0 0 
0 0 0 0 
0 0 0 0 
0 0 0 0 
0 0 0 0 
0 0 0 0 
0 0 0 0 
0 0 0 0 
0 0 0 0 
0 0 0 0 
0 0 0 0 
0 0 0 0 
0 0 0 0 
0 0 0 0 
0 0 0 0 
0 0 0 0 
0 0 0 0 
0 0 0 0 
0 0 0 0 
0 0 0 0 
0 0 0 0 
0 0 0 0 
0 0 0 0 
0 0 0 0 
0 0 0 0 
0 0 0 0 
0 0 0 0 
0 0 0 0 
0 0 0 0 
0 0 0 0 
0 0 0 0 
0 0 0 0 
0 0 0 0 
0 0 0 0 
0 0 0 0 
0 0 0 0 
0 0 0 0 
0 0 0 0 
0 0 0 0 
0 0 0 0 
0 0 0 0 
0 0 0 0 
0 0 0 0 
0 0 0 0 
0 0 0 0 
0 0 0 0 
0 0 0 0 
0 0 0 0 
0 0 0 0 
0 0 0 0 
0 0 0 0 
0 0 0 0 
0 0 0 0 
0 0 0 0 
0 0 0 0 
0 0 0 0 
0 0 0 0 
0 0 0 0 
0 0 0 0 
0 0 0 0 
0 0 0 0 
0 0 0 0 
0 0 0 0 
0 0 0 0 
0 0 0 0 
0 0 0 0 
0 0 0 0 
0 0 0 0 
0 0 0 0 
0 0 0 0 
0 0 0 0 
0 0 0 0 
0 0 0 0 
0 0 0 0 
0 0 0 0 
0 0 0 0 
0 0 0 0 
0 0 0 0 
0 0 0 0 
0 0 0 0 
0 0 0 0 
0 0 0 0 
0 0 0 0 
0 0 0 0 
0 0 0 0 
0 0 0 0 
0 0 0 0 
0 0 0 0 
0 0 0 0 
0 0 0 0 
0 0 0 0 
0 0 0 0 
0 0 0 0 
0 0 0 0 
0 0 0 0 
0 0 0 0 
0 0 0 0 
0 0 0 0 
0 0 0 0 
0 0 0 0 
0 0 0 0 
0 0 0 0 
0 0 0 0 
0 0 0 0 
0 0 0 0 
0 0 0 0 
0 0 0 0 
0 0 0 0 
0 0 0 0 
0 0 0 0 
0 0 0 0 
0 0 0 0 
0 0 0 0 
0 0 0 0 
0 0 0 0 
0 0 0 0 
0 0 0 0 
0 0 0 0 
0 0 0 0 
0 0 0 0 
0 0 0 0 
0 0 0 0 
0 0 0 0 
0 0 0 0 
0 0 0 0 
0 0 0 0 
0 0 0 0 
0 0 0 0 
0 0 0 0 
0 0 0 0 
0 0 0 0 
0 0 0 0 
0 0 0 0 
0 0 0 0 
0 0 0 0 
0 0 0 0 
0 0 0 0 
0 0 0 0 
0 0 0 0 
0 0 0 0 
0 0 0 0 
0 0 0 0 
0 0 0 0 
0 0 0 0 
0 0 0 0 
0 0 0 0 
0 0 0 0 
0 0 0 0 
0 0 0 0 
0 0 0 0 
0 0 0 0 
0 0 0 0 
0 0 0 0 
0 0 0 0 
0 0 0 0 
0 0 0 0 
0 0 0 0 
0 0 0 0 
0 0 0 0 
0 0 0 0 
0 0 0 0 
0 0 0 0 
0 0 0 0 
0 0 0 0 
0 0 0 0 
0 0 0 0 
0 0 0 0 
0 0 0 0 
0 0 0 0 
0 0 0 0 
0 0 0 0 
0 0 0 0 
0 0 0 0 
0 0 0 0 
0 0 0 0 
0 0 0 0 
0 0 0 0 
0 0 0 0 
0 0 0 0 
0 0 0 0 
0 0 0 0 
0 0 0 0 
0 0 0 0 
0 0 0 0 
0 0 0 0 
0 0 0 0 
0 0 0 0 
0 0 0 0 
0 0 0 0 
0 0 0 0 
0 0 0 0 
0 0 0 0 
0 0 0 0 
0 0 0 0 
0 0 0 0 
0 0 0 0 
0 0 0 0 
0 0 0 0 
0 0 0 0 
0 0 0 0 
0 0 0 0 
0 0 0 0 
0 0 0 0 
0 0 0 0 
0 0 0 0 
0 0 0 0 
0 0 0 0 
0 0 0 0 
0 0 0 0 
0 0 0 0 
0 0 0 0 
0 0 0 0 
0 0 0 0 
0 0 0 0 
0 0 0 0 
0 0 0 0 
0 0 0 0 
0 0 0 0 
0 0 0 0 
0 0 0 0 
0 0 0 0 
0 0 0 0 
0 0 0 0 
0 0 0 0 
0 0 0 0 
0 0 0 0 
0 0 0 0 
0 0 0 0 
0 0 0 0 
0 0 0 0 
0 0 0 0 
0 0 0 0 
0 0 0 0 
0 0 0 0 
0 0 0 0 
0 0 0 0 
0 0 0 0 
0 0 0 0 
0 0 0 0 
0 0 0 0 
0 0 0 0 
0 0 0 0 
0 0 0 0 
0 0 0 0 
0 0 0 0 
0 0 0 0 
0 0 0 0 
0 0 0 0 
0 0 0 0 
0 0 0 0 
0 0 0 0 
0 0 0 0 
0 0 0 0 
0 0 0 0 
0 0 0 0 
0 0 0 0 
0 0 0 0 
0 0 0 0 
0 0 0 0 
0 0 0 0 
0 0 0 0 
0 0 0 0 
0 0 0 0 
0 0 0 0 
0 0 0 0 
0 0 0 0 
0 0 0 0 
0 0 0 0 
0 0 0 0 
0 0 0 0 
0 0 0 0 
0 0 0 0 
0 0 0 0 
0 0 0 0 
0 0 0 0 
0 0 0 0 
0 0 0 0 
0 0 0 0 
0 0 0 0 
0 0 0 0 
0 0 0 0 
0 0 0 0 
0 0 0 0 
0 0 0 0 
0 0 0 0 
0 0 0 0 
0 0 0 0 
0 0 0 0 
0 0 0 0 
0 0 0 0 
0 0 0 0 
0 0 0 0 
0 0 0 0 
0 0 0 0 
0 0 0 0 
0 0 0 0 
0 0 0 0 
0 0 0 0 
0 0 0 0 
0 0 0 0 
0 0 0 0 
0 0 0 0 
0 0 0 0 
0 0 0 0 
0 0 0 0 
0 0 0 0 
0 0 0 0 
0 0 0 0 
0 0 0 0 
0 0 0 0 
0 0 0 0 
0 0 0 0 
0 0 0 0 
0 0 0 0 
0 0 0 0 
0 0 0 0 
0 0 0 0 
0 0 0 0 
0 0 0 0 
0 0 0 0 
0 0 0 0 
0 0 0 0 
0 0 0 0 
0 0 0 0 
0 0 0 0 
0 0 0 0 
0 0 0 0 
0 0 0 0 
0 0 0 0 
0 0 0 0 
0 0 0 0 
0 0 0 0 
0 0 0 0 
0 0 0 0 
0 0 0 0 
0 0 0 0 
0 0 0 0 
0 0 0 0 
0 0 0 0 
0 0 0 0 
0 0 0 0 
0 0 0 0 
0 0 0 0 
0 0 0 0 
0 0 0 0 
0 0 0 0 
0 0 0 0 
0 0 0 0 
0 0 0 0 
0 0 0 0 
0 0 0 0 
0 0 0 0 
0 0 0 0 
0 0 0 0 
0 0 0 0 

bulk_source_sink_solver_temp1:

bulk_source_sink_solver_temp2:

bulk_source_sink_solver_temp3:

bulk_source_sink_solver_setup_done: false
gradient_vectors:
-6.63384e-07 -6.77085e-07 0 0 0 0 0 0 0 0 0 0 
-9.91278e-07 -6.84678e-07 0 0 0 0 0 0 0 0 0 0 
-1.63947e-06 -6.99865e-07 0 0 0 0 0 0 0 0 0 0 
-2.26865e-06 -7.22646e-07 0 0 0 0 0 0 0 0 0 0 
-2.87121e-06 -7.5301e-07 0 0 0 0 0 0 0 0 0 0 
-3.43953e-06 -7.90929e-07 0 0 0 0 0 0 0 0 0 0 
-3.96603e-06 -8.36337e-07 0 0 0 0 0 0 0 0 0 0 
-4.44315e-06 -8.89121e-07 0 0 0 0 0 0 0 0 0 0 
-4.86349e-06 -9.49093e-07 0 0 0 0 0 0 0 0 0 0 
-5.21982e-06 -1.01597e-06 0 0 0 0 0 0 0 0 0 0 
-5.50521e-06 -1.08934e-06 0 0 0 0 0 0 0 0 0 0 
-5.7132e-06 -1.16865e-06 0 0 0 0 0 0 0 0 0 0 
-5.8379e-06 -1.25316e-06 0 0 0 0 0 0 0 0 0 0 
-5.87425e-06 -1.34192e-06 0 0 0 0 0 0 0 0 0 0 
-5.8182e-06 -1.43375e-06 0 0 0 0 0 0 0 0 0 0 
-5.66703e-06 -1.52722e-06 0 0 0 0 0 0 0 0 0 0 
-5.41952e-06 -1.62068e-06 0 0 0 0 0 0 0 0 0 0 
-5.07633e-06 -1.7122e-06 0 0 0 0 0 0 0 0 0 0 
-4.64017e-06 -1.79966e-06 0 0 0 0 0 0 0 0 0 0 
-4.11607e-06 -1.88081e-06 0 0 0 0 0 0 0 0 0 0 
-3.5115e-06 -1.95332e-06 0 0 0 0 0 0 0 0 0 0 
-2.83643e-06 -2.01489e-06 0 0 0 0 0 0 0 0 0 0 
-2.10325e-06 -2.06343e-06 0 0 0 0 0 0 0 0 0 0 
-1.32651e-06 -2.09717e-06 0 0 0 0 0 0 0 0 0 0 
-5.22505e-07 -2.11481e-06 0 0 0 0 0 0 0 0 0 0 
2.9137e-07 -2.11569e-06 0 0 0 0 0 0 0 0 0 0 
1.0973e-06 -2.09976e-06 0 0 0 0 0 0 0 0 0 0 
1.87781e-06 -2.06767e-06 0 0 0 0 0 0 0 0 0 0 
2.6165e-06 -2.02065e-06 0 0 0 0 0 0 0 0 0 0 
3.29865e-06 -1.96044e-06 0 0 0 0 0 0 0 0 0 0 
3.91168e-06 -1.88912e-06 0 0 0 0 0 0 0 0 0 0 
4.44538e-06 -1.80895e-06 0 0 0 0 0 0 0 0 0 0 
4.89206e-06 -1.72226e-06 0 0 0 0 0 0 0 0 0 0 
5.24646e-06 -1.63133e-06 0 0 0 0 0 0 0 0 0 0 
5.50564e-06 -1.53828e-06 0 0 0 0 0 0 0 0 0 0 
5.66877e-06 -1.44504e-06 0 0 0 0 0 0 0 0 0 0 
5.73686e-06 -1.3533e-06 0 0 0 0 0 0 0 0 0 0 
5.71251e-06 -1.26452e-06 0 0 0 0 0 0 0 0 0 0 
5.59964e-06 -1.17989e-06 0 0 0 0 0 0 0 0 0 0 
5.40323e-06 -1.10039e-06 0 0 0 0 0 0 0 0 0 0 
5.12908e-06 -1.02678e-06 0 0 0 0 0 0 0 0 0 0 
4.78365e-06 -9.59629e-07 0 0 0 0 0 0 0 0 0 0 
4.37383e-06 -8.99373e-07 0 0 0 0 0 0 0 0 0 0 
3.90684e-06 -8.46308e-07 0 0 0 0 0 0 0 0 0 0 
3.39014e-06 -8.00635e-07 0 0 0 0 0 0 0 0 0 0 
2.83127e-06 -7.62481e-07 0 0 0 0 0 0 0 0 0 0 
2.23789e-06 -7.31917e-07 0 0 0 0 0 0 0 0 0 0 
1.61766e-06 -7.08981e-07 0 0 0 0 0 0 0 0 0 0 
9.78265e-07 -6.93688e-07 0 0 0 0 0 0 0 0 0 0 
6.54731e-07 -6.86041e-07 0 0 0 0 0 0 0 0 0 0 
-6.70977e-07 -1.01183e-06 0 0 0 0 0 0 0 0 0 0 
-1.00267e-06 -1.02322e-06 0 0 0 0 0 0 0 0 0 0 
-1.65845e-06 -1.04601e-06 0 0 0 0 0 0 0 0 0 0 
-2.29522e-06 -1.08019e-06 0 0 0 0 0 0 0 0 0 0 
-2.90535e-06 -1.12577e-06 0 0 0 0 0 0 0 0 0 0 
-3.4812e-06 -1.18269e-06 0 0 0 0 0 0 0 0 0 0 
-4.01512e-06 -1.25087e-06 0 0 0 0 0 0 0 0 0 0 
-4.49953e-06 -1.33016e-06 0 0 0 0 0 0 0 0 0 0 
-4.92691e-06 -1.42027e-06 0 0 0 0 0 0 0 0 0 0 
-5.28994e-06 -1.52081e-06 0 0 0 0 0 0 0 0 0 0 
-5.58156e-06 -1.63116e-06 0 0 0 0 0 0 0 0 0 0 
-5.79511e-06 -1.75051e-06 0 0 0 0 0 0 0 0 0 0 
-5.92453e-06 -1.87776e-06 0 0 0 0 0 0 0 0 0 0 
-5.96454e-06 -2.01148e-06 0 0 0 0 0 0 0 0 0 0 
-5.91086e-06 -2.14993e-06 0 0 0 0 0 0 0 0 0 0 
-5.76049e-06 -2.29097e-06 0 0 0 0 0 0 0 0 0 0 
-5.51201e-06 -2.43207e-06 0 0 0 0 0 0 0 0 0 0 
-5.16582e-06 -2.57036e-06 0 0 0 0 0 0 0 0 0 0 
-4.72448e-06 -2.70262e-06 0 0 0 0 0 0 0 0 0 0 
-4.1929e-06 -2.82543e-06 0 0 0 0 0 0 0 0 0 0 
-3.57854e-06 -2.93523e-06 0 0 0 0 0 0 0 0 0 0 
-2.89149e-06 -3.02854e-06 0 0 0 0 0 0 0 0 0 0 
-2.14439e-06 -3.10214e-06 0 0 0 0 0 0 0 0 0 0 
-1.35221e-06 -3.15331e-06 0 0 0 0 0 0 0 0 0 0 
-5.31766e-07 -3.18009e-06 0 0 0 0 0 0 0 0 0 0 
2.98896e-07 -3.18141e-06 0 0 0 0 0 0 0 0 0 0 
1.12131e-06 -3.15724e-06 0 0 0 0 0 0 0 0 0 0 
1.91736e-06 -3.10855e-06 0 0 0 0 0 0 0 0 0 0 
2.67011e-06 -3.03725e-06 0 0 0 0 0 0 0 0 0 0 
3.36441e-06 -2.946e-06 0 0 0 0 0 0 0 0 0 0 
3.98742e-06 -2.83797e-06 0 0 0 0 0 0 0 0 0 0 
4.52881e-06 -2.71664e-06 0 0 0 0 0 0 0 0 0 0 
4.98087e-06 -2.58554e-06 0 0 0 0 0 0 0 0 0 0 
5.33846e-06 -2.44812e-06 0 0 0 0 0 0 0 0 0 0 
5.59879e-06 -2.30761e-06 0 0 0 0 0 0 0 0 0 0 
5.76126e-06 -2.16692e-06 0 0 0 0 0 0 0 0 0 0 
5.82712e-06 -2.02861e-06 0 0 0 0 0 0 0 0 0 0 
5.79921e-06 -1.89483e-06 0 0 0 0 0 0 0 0 0 0 
5.68171e-06 -1.7674e-06 0 0 0 0 0 0 0 0 0 0 
5.47979e-06 -1.64775e-06 0 0 0 0 0 0 0 0 0 0 
5.19947e-06 -1.53702e-06 0 0 0 0 0 0 0 0 0 0 
4.84735e-06 -1.43607e-06 0 0 0 0 0 0 0 0 0 0 
4.43049e-06 -1.34552e-06 0 0 0 0 0 0 0 0 0 0 
3.95621e-06 -1.26581e-06 0 0 0 0 0 0 0 0 0 0 
3.43205e-06 -1.19722e-06 0 0 0 0 0 0 0 0 0 0 
2.86563e-06 -1.13995e-06 0 0 0 0 0 0 0 0 0 0 
2.26464e-06 -1.09407e-06 0 0 0 0 0 0 0 0 0 0 
1.63678e-06 -1.05965e-06 0 0 0 0 0 0 0 0 0 0 
9.89735e-07 -1.03671e-06 0 0 0 0 0 0 0 0 0 0 
6.62378e-07 -1.02523e-06 0 0 0 0 0 0 0 0 0 0 
-6.86167e-07 -1.67373e-06 0 0 0 0 0 0 0 0 0 0 
-1.02546e-06 -1.69272e-06 0 0 0 0 0 0 0 0 0 0 
-1.69644e-06 -1.73072e-06 0 0 0 0 0 0 0 0 0 0 
-2.3484e-06 -1.78773e-06 0 0 0 0 0 0 0 0 0 0 
-2.9737e-06 -1.86375e-06 0 0 0 0 0 0 0 0 0 0 
-3.56464e-06 -1.95876e-06 0 0 0 0 0 0 0 0 0 0 
-4.1135e-06 -2.07263e-06 0 0 0 0 0 0 0 0 0 0 
-4.61255e-06 -2.20513e-06 0 0 0 0 0 0 0 0 0 0 
-5.05414e-06 -2.35584e-06 0 0 0 0 0 0 0 0 0 0 
-5.43071e-06 -2.52412e-06 0 0 0 0 0 0 0 0 0 0 
-5.73492e-06 -2.70902e-06 0 0 0 0 0 0 0 0 0 0 
-5.95979e-06 -2.90921e-06 0 0 0 0 0 0 0 0 0 0 
-6.09887e-06 -3.12289e-06 0 0 0 0 0 0 0 0 0 0 
-6.14642e-06 -3.34773e-06 0 0 0 0 0 0 0 0 0 0 
-6.09769e-06 -3.58084e-06 0 0 0 0 0 0 0 0 0 0 
-5.94916e-06 -3.81863e-06 0 0 0 0 0 0 0 0 0 0 
-5.69891e-06 -4.05689e-06 0 0 0 0 0 0 0 0 0 0 
-5.34688e-06 -4.29076e-06 0 0 0 0 0 0 0 0 0 0 
-4.89524e-06 -4.51479e-06 0 0 0 0 0 0 0 0 0 0 
-4.34868e-06 -4.72312e-06 0 0 0 0 0 0 0 0 0 0 
-3.71461e-06 -4.90966e-06 0 0 0 0 0 0 0 0 0 0 
-3.00334e-06 -5.06839e-06 0 0 0 0 0 0 0 0 0 0 
-2.22803e-06 -5.19374e-06 0 0 0 0 0 0 0 0 0 0 
-1.40446e-06 -5.28097e-06 0 0 0 0 0 0 0 0 0 0 
-5.50603e-07 -5.32663e-06 0 0 0 0 0 0 0 0 0 0 
3.14219e-07 -5.32887e-06 0 0 0 0 0 0 0 0 0 0 
1.17016e-06 -5.28763e-06 0 0 0 0 0 0 0 0 0 0 
1.9978e-06 -5.2046e-06 0 0 0 0 0 0 0 0 0 0 
2.77905e-06 -5.08313e-06 0 0 0 0 0 0 0 0 0 0 
3.49793e-06 -4.92786e-06 0 0 0 0 0 0 0 0 0 0 
4.14103e-06 -4.7443e-06 0 0 0 0 0 0 0 0 0 0 
4.69782e-06 -4.53843e-06 0 0 0 0 0 0 0 0 0 0 
5.16058e-06 -4.31633e-06 0 0 0 0 0 0 0 0 0 0 
5.52439e-06 -4.08389e-06 0 0 0 0 0 0 0 0 0 0 
5.78684e-06 -3.84659e-06 0 0 0 0 0 0 0 0 0 0 
5.94778e-06 -3.60933e-06 0 0 0 0 0 0 0 0 0 0 
6.00895e-06 -3.37641e-06 0 0 0 0 0 0 0 0 0 0 
5.97372e-06 -3.15145e-06 0 0 0 0 0 0 0 0 0 0 
5.84672e-06 -2.93742e-06 0 0 0 0 0 0 0 0 0 0 
5.6336e-06 -2.73671e-06 0 0 0 0 0 0 0 0 0 0 
5.34076e-06 -2.55116e-06 0 0 0 0 0 0 0 0 0 0 
4.97515e-06 -2.38215e-06 0 0 0 0 0 0 0 0 0 0 
4.54409e-06 -2.23069e-06 0 0 0 0 0 0 0 0 0 0 
4.05514e-06 -2.09747e-06 0 0 0 0 0 0 0 0 0 0 
3.516e-06 -1.98291e-06 0 0 0 0 0 0 0 0 0 0 
2.93442e-06 -1.8873e-06 0 0 0 0 0 0 0 0 0 0 
2.31818e-06 -1.81076e-06 0 0 0 0 0 0 0 0 0 0 
1.67503e-06 -1.75335e-06 0 0 0 0 0 0 0 0 0 0 
1.01268e-06 -1.71509e-06 0 0 0 0 0 0 0 0 0 0 
6.77677e-07 -1.69596e-06 0 0 0 0 0 0 0 0 0 0 
-7.08957e-07 -2.31664e-06 0 0 0 0 0 0 0 0 0 0 
-1.05965e-06 -2.34323e-06 0 0 0 0 0 0 0 0 0 0 
-1.75345e-06 -2.39644e-06 0 0 0 0 0 0 0 0 0 0 
-2.42826e-06 -2.47631e-06 0 0 0 0 0 0 0 0 0 0 
-3.07639e-06 -2.58288e-06 0 0 0 0 0 0 0 0 0 0 
-3.69007e-06 -2.71615e-06 0 0 0 0 0 0 0 0 0 0 
-4.26149e-06 -2.87601e-06 0 0 0 0 0 0 0 0 0 0 
-4.78274e-06 -3.06221e-06 0 0 0 0 0 0 0 0 0 0 
-5.24591e-06 -3.27426e-06 0 0 0 0 0 0 0 0 0 0 
-5.64313e-06 -3.51134e-06 0 0 0 0 0 0 0 0 0 0 
-5.96664e-06 -3.7722e-06 0 0 0 0 0 0 0 0 0 0 
-6.20897e-06 -4.05509e-06 0 0 0 0 0 0 0 0 0 0 
-6.36306e-06 -4.35758e-06 0 0 0 0 0 0 0 0 0 0 
-6.42249e-06 -4.67649e-06 0 0 0 0 0 0 0 0 0 0 
-6.38175e-06 -5.00779e-06 0 0 0 0 0 0 0 0 0 0 
-6.23655e-06 -5.34648e-06 0 0 0 0 0 0 0 0 0 0 
-5.98414e-06 -5.68661e-06 0 0 0 0 0 0 0 0 0 0 
-5.62372e-06 -6.02124e-06 0 0 0 0 0 0 0 0 0 0 
-5.15684e-06 -6.34255e-06 0 0 0 0 0 0 0 0 0 0 
-4.58777e-06 -6.64205e-06 0 0 0 0 0 0 0 0 0 0 
-3.92381e-06 -6.91083e-06 0 0 0 0 0 0 0 0 0 0 
-3.17557e-06 -7.14002e-06 0 0 0 0 0 0 0 0 0 0 
-2.35697e-06 -7.32132e-06 0 0 0 0 0 0 0 0 0 0 
-1.48509e-06 -7.44765e-06 0 0 0 0 0 0 0 0 0 0 
-5.79668e-07 -7.51381e-06 0 0 0 0 0 0 0 0 0 0 
3.37897e-07 -7.51704e-06 0 0 0 0 0 0 0 0 0 0 
1.24558e-06 -7.45721e-06 0 0 0 0 0 0 0 0 0 0 
2.12186e-06 -7.3369e-06 0 0 0 0 0 0 0 0 0 0 
2.94685e-06 -7.16115e-06 0 0 0 0 0 0 0 0 0 0 
3.70325e-06 -6.93688e-06 0 0 0 0 0 0 0 0 0 0 
4.37686e-06 -6.67231e-06 0 0 0 0 0 0 0 0 0 0 
4.95678e-06 -6.37625e-06 0 0 0 0 0 0 0 0 0 0 
5.43541e-06 -6.05761e-06 0 0 0 0 0 0 0 0 0 0 
5.8082e-06 -5.72493e-06 0 0 0 0 0 0 0 0 0 0 
6.07335e-06 -5.38608e-06 0 0 0 0 0 0 0 0 0 0 
6.23143e-06 -5.04807e-06 0 0 0 0 0 0 0 0 0 0 
6.285e-06 -4.71695e-06 0 0 0 0 0 0 0 0 0 0 
6.23821e-06 -4.3978e-06 0 0 0 0 0 0 0 0 0 0 
6.09645e-06 -4.09474e-06 0 0 0 0 0 0 0 0 0 0 
5.86605e-06 -3.81104e-06 0 0 0 0 0 0 0 0 0 0 
5.55402e-06 -3.5492e-06 0 0 0 0 0 0 0 0 0 0 
5.16781e-06 -3.31106e-06 0 0 0 0 0 0 0 0 0 0 
4.71517e-06 -3.09792e-06 0 0 0 0 0 0 0 0 0 0 
4.20399e-06 -2.91066e-06 0 0 0 0 0 0 0 0 0 0 
3.64222e-06 -2.74981e-06 0 0 0 0 0 0 0 0 0 0 
3.03779e-06 -2.61566e-06 0 0 0 0 0 0 0 0 0 0 
2.39859e-06 -2.50835e-06 0 0 0 0 0 0 0 0 0 0 
1.73245e-06 -2.4279e-06 0 0 0 0 0 0 0 0 0 0 
1.04713e-06 -2.3743e-06 0 0 0 0 0 0 0 0 0 0 
7.00635e-07 -2.34752e-06 0 0 0 0 0 0 0 0 0 0 
-7.39345e-07 -2.93294e-06 0 0 0 0 0 0 0 0 0 0 
-1.10525e-06 -2.96711e-06 0 0 0 0 0 0 0 0 0 0 
-1.82951e-06 -3.03552e-06 0 0 0 0 0 0 0 0 0 0 
-2.53485e-06 -3.13827e-06 0 0 0 0 0 0 0 0 0 0 
-3.21354e-06 -3.27546e-06 0 0 0 0 0 0 0 0 0 0 
-3.85777e-06 -3.44718e-06 0 0 0 0 0 0 0 0 0 0 
-4.45956e-06 -3.6534e-06 0 0 0 0 0 0 0 0 0 0 
-5.0108e-06 -3.89392e-06 0 0 0 0 0 0 0 0 0 0 
-5.50326e-06 -4.16824e-06 0 0 0 0 0 0 0 0 0 0 
-5.92865e-06 -4.47548e-06 0 0 0 0 0 0 0 0 0 0 
-6.27867e-06 -4.81422e-06 0 0 0 0 0 0 0 0 0 0 
-6.54517e-06 -5.18235e-06 0 0 0 0 0 0 0 0 0 0 
-6.72027e-06 -5.57693e-06 0 0 0 0 0 0 0 0 0 0 
-6.79663e-06 -5.99399e-06 0 0 0 0 0 0 0 0 0 0 
-6.76768e-06 -6.42844e-06 0 0 0 0 0 0 0 0 0 0 
-6.62799e-06 -6.8739e-06 0 0 0 0 0 0 0 0 0 0 
-6.37367e-06 -7.32261e-06 0 0 0 0 0 0 0 0 0 0 
-6.00283e-06 -7.76546e-06 0 0 0 0 0 0 0 0 0 0 
-5.51606e-06 -8.19207e-06 0 0 0 0 0 0 0 0 0 0 
-4.91695e-06 -8.59098e-06 0 0 0 0 0 0 0 0 0 0 
-4.21258e-06 -8.95009e-06 0 0 0 0 0 0 0 0 0 0 
-3.41384e-06 -9.25719e-06 0 0 0 0 0 0 0 0 0 0 
-2.53567e-06 -9.50072e-06 0 0 0 0 0 0 0 0 0 0 
-1.59695e-06 -9.67071e-06 0 0 0 0 0 0 0 0 0 0 
-6.19994e-07 -9.75981e-06 0 0 0 0 0 0 0 0 0 0 
3.70816e-07 -9.76412e-06 0 0 0 0 0 0 0 0 0 0 
1.3503e-06 -9.68345e-06 0 0 0 0 0 0 0 0 0 0 
2.29387e-06 -9.52145e-06 0 0 0 0 0 0 0 0 0 0 
3.17907e-06 -9.28525e-06 0 0 0 0 0 0 0 0 0 0 
3.98677e-06 -8.98462e-06 0 0 0 0 0 0 0 0 0 0 
4.70166e-06 -8.63097e-06 0 0 0 0 0 0 0 0 0 0 
5.31251e-06 -8.23648e-06 0 0 0 0 0 0 0 0 0 0 
5.8119e-06 -7.81326e-06 0 0 0 0 0 0 0 0 0 0 
6.19592e-06 -7.37281e-06 0 0 0 0 0 0 0 0 0 0 
6.46371e-06 -6.92562e-06 0 0 0 0 0 0 0 0 0 0 
6.61691e-06 -6.48091e-06 0 0 0 0 0 0 0 0 0 0 
6.65923e-06 -6.04654e-06 0 0 0 0 0 0 0 0 0 0 
6.59593e-06 -5.62902e-06 0 0 0 0 0 0 0 0 0 0 
6.43348e-06 -5.23358e-06 0 0 0 0 0 0 0 0 0 0 
6.17914e-06 -4.86428e-06 0 0 0 0 0 0 0 0 0 0 
5.84074e-06 -4.52418e-06 0 0 0 0 0 0 0 0 0 0 
5.42643e-06 -4.21548e-06 0 0 0 0 0 0 0 0 0 0 
4.94449e-06 -3.93967e-06 0 0 0 0 0 0 0 0 0 0 
4.40326e-06 -3.69772e-06 0 0 0 0 0 0 0 0 0 0 
3.811e-06 -3.49017e-06 0 0 0 0 0 0 0 0 0 0 
3.17588e-06 -3.31728e-06 0 0 0 0 0 0 0 0 0 0 
2.50594e-06 -3.1791e-06 0 0 0 0 0 0 0 0 0 0 
1.80907e-06 -3.07559e-06 0 0 0 0 0 0 0 0 0 0 
1.09307e-06 -3.00666e-06 0 0 0 0 0 0 0 0 0 0 
7.31252e-07 -2.97222e-06 0 0 0 0 0 0 0 0 0 0 
-7.7731e-07 -3.51499e-06 0 0 0 0 0 0 0 0 0 0 
-1.16224e-06 -3.55672e-06 0 0 0 0 0 0 0 0 0 0 
-1.92461e-06 -3.64028e-06 0 0 0 0 0 0 0 0 0 0 
-2.6682e-06 -3.76586e-06 0 0 0 0 0 0 0 0 0 0 
-3.3853e-06 -3.93369e-06 0 0 0 0 0 0 0 0 0 0 
-4.06801e-06 -4.14399e-06 0 0 0 0 0 0 0 0 0 0 
-4.70822e-06 -4.39691e-06 0 0 0 0 0 0 0 0 0 0 
-5.29758e-06 -4.69238e-06 0 0 0 0 0 0 0 0 0 0 
-5.82748e-06 -5.03004e-06 0 0 0 0 0 0 0 0 0 0 
-6.28911e-06 -5.40905e-06 0 0 0 0 0 0 0 0 0 0 
-6.67351e-06 -5.82796e-06 0 0 0 0 0 0 0 0 0 0 
-6.97168e-06 -6.28446e-06 0 0 0 0 0 0 0 0 0 0 
-7.1747e-06 -6.77521e-06 0 0 0 0 0 0 0 0 0 0 
-7.27401e-06 -7.29563e-06 0 0 0 0 0 0 0 0 0 0 
-7.26166e-06 -7.83964e-06 0 0 0 0 0 0 0 0 0 0 
-7.13072e-06 -8.39949e-06 0 0 0 0 0 0 0 0 0 0 
-6.8757e-06 -8.96564e-06 0 0 0 0 0 0 0 0 0 0 
-6.49318e-06 -9.52666e-06 0 0 0 0 0 0 0 0 0 0 
-5.98236e-06 -1.00693e-05 0 0 0 0 0 0 0 0 0 0 
-5.34579e-06 -1.05789e-05 0 0 0 0 0 0 0 0 0 0 
-4.59002e-06 -1.10395e-05 0 0 0 0 0 0 0 0 0 0 
-3.7262e-06 -1.14348e-05 0 0 0 0 0 0 0 0 0 0 
-2.77049e-06 -1.17493e-05 0 0 0 0 0 0 0 0 0 0 
-1.74418e-06 -1.19694e-05 0 0 0 0 0 0 0 0 0 0 
-6.73079e-07 -1.20848e-05 0 0 0 0 0 0 0 0 0 0 
4.14253e-07 -1.20904e-05 0 0 0 0 0 0 0 0 0 0 
1.48826e-06 -1.19857e-05 0 0 0 0 0 0 0 0 0 0 
2.52005e-06 -1.17758e-05 0 0 0 0 0 0 0 0 0 0 
3.48367e-06 -1.14706e-05 0 0 0 0 0 0 0 0 0 0 
4.35753e-06 -1.10833e-05 0 0 0 0 0 0 0 0 0 0 
5.12499e-06 -1.06295e-05 0 0 0 0 0 0 0 0 0 0 
5.77449e-06 -1.01254e-05 0 0 0 0 0 0 0 0 0 0 
6.29908e-06 -9.58673e-06 0 0 0 0 0 0 0 0 0 0 
6.69584e-06 -9.02848e-06 0 0 0 0 0 0 0 0 0 0 
6.96525e-06 -8.46399e-06 0 0 0 0 0 0 0 0 0 0 
7.11052e-06 -7.90481e-06 0 0 0 0 0 0 0 0 0 0 
7.13689e-06 -7.36067e-06 0 0 0 0 0 0 0 0 0 0 
7.05117e-06 -6.83947e-06 0 0 0 0 0 0 0 0 0 0 
6.86119e-06 -6.34745e-06 0 0 0 0 0 0 0 0 0 0 
6.57545e-06 -5.88933e-06 0 0 0 0 0 0 0 0 0 0 
6.20283e-06 -5.46859e-06 0 0 0 0 0 0 0 0 0 0 
5.75232e-06 -5.08764e-06 0 0 0 0 0 0 0 0 0 0 
5.23293e-06 -4.74804e-06 0 0 0 0 0 0 0 0 0 0 
4.65349e-06 -4.45071e-06 0 0 0 0 0 0 0 0 0 0 
4.02266e-06 -4.19608e-06 0 0 0 0 0 0 0 0 0 0 
3.34886e-06 -3.98427e-06 0 0 0 0 0 0 0 0 0 0 
2.64028e-06 -3.81519e-06 0 0 0 0 0 0 0 0 0 0 
1.90489e-06 -3.68865e-06 0 0 0 0 0 0 0 0 0 0 
1.1505e-06 -3.60443e-06 0 0 0 0 0 0 0 0 0 0 
7.69514e-07 -3.56237e-06 0 0 0 0 0 0 0 0 0 0 
-8.22802e-07 -4.05519e-06 0 0 0 0 0 0 0 0 0 0 
-1.23054e-06 -4.10439e-06 0 0 0 0 0 0 0 0 0 0 
-2.03865e-06 -4.20297e-06 0 0 0 0 0 0 0 0 0 0 
-2.82826e-06 -4.35122e-06 0 0 0 0 0 0 0 0 0 0 
-3.59168e-06 -4.54958e-06 0 0 0 0 0 0 0 0 0 0 
-4.321e-06 -4.79848e-06 0 0 0 0 0 0 0 0 0 0 
-5.00795e-06 -5.09831e-06 0 0 0 0 0 0 0 0 0 0 
-5.64393e-06 -5.44931e-06 0 0 0 0 0 0 0 0 0 0 
-6.21994e-06 -5.85136e-06 0 0 0 0 0 0 0 0 0 0 
-6.72657e-06 -6.30386e-06 0 0 0 0 0 0 0 0 0 0 
-7.15408e-06 -6.80547e-06 0 0 0 0 0 0 0 0 0 0 
-7.49242e-06 -7.35392e-06 0 0 0 0 0 0 0 0 0 0 
-7.73145e-06 -7.94568e-06 0 0 0 0 0 0 0 0 0 0 
-7.86105e-06 -8.57568e-06 0 0 0 0 0 0 0 0 0 0 
-7.87154e-06 -9.23704e-06 0 0 0 0 0 0 0 0 0 0 
-7.75399e-06 -9.92077e-06 0 0 0 0 0 0 0 0 0 0 
-7.50084e-06 -1.06155e-05 0 0 0 0 0 0 0 0 0 0 
-7.10653e-06 -1.13074e-05 0 0 0 0 0 0 0 0 0 0 
-6.5683e-06 -1.19801e-05 0 0 0 0 0 0 0 0 0 0 
-5.88708e-06 -1.2615e-05 0 0 0 0 0 0 0 0 0 0 
-5.06848e-06 -1.31918e-05 0 0 0 0 0 0 0 0 0 0 
-4.12369e-06 -1.36893e-05 0 0 0 0 0 0 0 0 0 0 
-3.07024e-06 -1.40867e-05 0 0 0 0 0 0 0 0 0 0 
-1.93247e-06 -1.43655e-05 0 0 0 0 0 0 0 0 0 0 
-7.40998e-07 -1.45121e-05 0 0 0 0 0 0 0 0 0 0 
4.69965e-07 -1.4519e-05 0 0 0 0 0 0 0 0 0 0 
1.66489e-06 -1.4386e-05 0 0 0 0 0 0 0 0 0 0 
2.80898e-06 -1.41197e-05 0 0 0 0 0 0 0 0 0 0 
3.87152e-06 -1.37338e-05 0 0 0 0 0 0 0 0 0 0 
4.8278e-06 -1.32463e-05 0 0 0 0 0 0 0 0 0 0 
5.65964e-06 -1.26776e-05 0 0 0 0 0 0 0 0 0 0 
6.35533e-06 -1.2049e-05 0 0 0 0 0 0 0 0 0 0 
6.90879e-06 -1.13809e-05 0 0 0 0 0 0 0 0 0 0 
7.31866e-06 -1.0692e-05 0 0 0 0 0 0 0 0 0 0 
7.58738e-06 -9.99888e-06 0 0 0 0 0 0 0 0 0 0 
7.72022e-06 -9.31561e-06 0 0 0 0 0 0 0 0 0 0 
7.72456e-06 -8.65373e-06 0 0 0 0 0 0 0 0 0 0 
7.60916e-06 -8.02246e-06 0 0 0 0 0 0 0 0 0 0 
7.38362e-06 -7.42889e-06 0 0 0 0 0 0 0 0 0 0 
7.058e-06 -6.87825e-06 0 0 0 0 0 0 0 0 0 0 
6.64243e-06 -6.37421e-06 0 0 0 0 0 0 0 0 0 0 
6.14698e-06 -5.91922e-06 0 0 0 0 0 0 0 0 0 0 
5.58142e-06 -5.51469e-06 0 0 0 0 0 0 0 0 0 0 
4.95522e-06 -5.16135e-06 0 0 0 0 0 0 0 0 0 0 
4.27744e-06 -4.85938e-06 0 0 0 0 0 0 0 0 0 0 
3.55677e-06 -4.60861e-06 0 0 0 0 0 0 0 0 0 0 
2.80157e-06 -4.40871e-06 0 0 0 0 0 0 0 0 0 0 
2.01983e-06 -4.25926e-06 0 0 0 0 0 0 0 0 0 0 
1.21935e-06 -4.15987e-06 0 0 0 0 0 0 0 0 0 0 
8.15374e-07 -4.11026e-06 0 0 0 0 0 0 0 0 0 0 
-8.75718e-07 -4.54597e-06 0 0 0 0 0 0 0 0 0 0 
-1.31002e-06 -4.60251e-06 0 0 0 0 0 0 0 0 0 0 
-2.17144e-06 -4.71585e-06 0 0 0 0 0 0 0 0 0 0 
-3.01481e-06 -4.88647e-06 0 0 0 0 0 0 0 0 0 0 
-3.83255e-06 -5.11502e-06 0 0 0 0 0 0 0 0 0 0 
-4.61675e-06 -5.40228e-06 0 0 0 0 0 0 0 0 0 0 
-5.35906e-06 -5.74903e-06 0 0 0 0 0 0 0 0 0 0 
-6.05062e-06 -6.15589e-06 0 0 0 0 0 0 0 0 0 0 
-6.68202e-06 -6.62322e-06 0 0 0 0 0 0 0 0 0 0 
-7.24322e-06 -7.15084e-06 0 0 0 0 0 0 0 0 0 0 
-7.72358e-06 -7.73779e-06 0 0 0 0 0 0 0 0 0 0 
-8.11188e-06 -8.38205e-06 0 0 0 0 0 0 0 0 0 0 
-8.39646e-06 -9.08017e-06 0 0 0 0 0 0 0 0 0 0 
-8.56538e-06 -9.82691e-06 0 0 0 0 0 0 0 0 0 0 
-8.60675e-06 -1.06148e-05 0 0 0 0 0 0 0 0 0 0 
-8.50918e-06 -1.14338e-05 0 0 0 0 0 0 0 0 0 0 
-8.26233e-06 -1.22707e-05 0 0 0 0 0 0 0 0 0 0 
-7.85778e-06 -1.31092e-05 0 0 0 0 0 0 0 0 0 0 
-7.29e-06 -1.39296e-05 0 0 0 0 0 0 0 0 0 0 
-6.55751e-06 -1.47087e-05 0 0 0 0 0 0 0 0 0 0 
-5.66426e-06 -1.5421e-05 0 0 0 0 0 0 0 0 0 0 
-4.62106e-06 -1.6039e-05 0 0 0 0 0 0 0 0 0 0 
-3.44676e-06 -1.65352e-05 0 0 0 0 0 0 0 0 0 0 
-2.16956e-06 -1.68846e-05 0 0 0 0 0 0 0 0 0 0 
-8.26575e-07 -1.70685e-05 0 0 0 0 0 0 0 0 0 0 
5.40332e-07 -1.70773e-05 0 0 0 0 0 0 0 0 0 0 
1.88757e-06 -1.691e-05 0 0 0 0 0 0 0 0 0 0 
3.17219e-06 -1.6576e-05 0 0 0 0 0 0 0 0 0 0 
4.35715e-06 -1.60938e-05 0 0 0 0 0 0 0 0 0 0 
5.41379e-06 -1.54877e-05 0 0 0 0 0 0 0 0 0 0 
6.32228e-06 -1.47849e-05 0 0 0 0 0 0 0 0 0 0 
7.07122e-06 -1.40129e-05 0 0 0 0 0 0 0 0 0 0 
7.65606e-06 -1.31975e-05 0 0 0 0 0 0 0 0 0 0 
8.07781e-06 -1.23621e-05 0 0 0 0 0 0 0 0 0 0 
8.34163e-06 -1.15265e-05 0 0 0 0 0 0 0 0 0 0 
8.45567e-06 -1.07076e-05 0 0 0 0 0 0 0 0 0 0 
8.43003e-06 -9.9186e-06 0 0 0 0 0 0 0 0 0 0 
8.27601e-06 -9.16991e-06 0 0 0 0 0 0 0 0 0 0 
8.0054e-06 -8.46924e-06 0 0 0 0 0 0 0 0 0 0 
7.63013e-06 -7.82205e-06 0 0 0 0 0 0 0 0 0 0 
7.16186e-06 -7.23197e-06 0 0 0 0 0 0 0 0 0 0 
6.61185e-06 -6.70118e-06 0 0 0 0 0 0 0 0 0 0 
5.99079e-06 -6.23076e-06 0 0 0 0 0 0 0 0 0 0 
5.30881e-06 -5.82099e-06 0 0 0 0 0 0 0 0 0 0 
4.5754e-06 -5.47162e-06 0 0 0 0 0 0 0 0 0 0 
3.79953e-06 -5.18208e-06 0 0 0 0 0 0 0 0 0 0 
2.98963e-06 -4.95165e-06 0 0 0 0 0 0 0 0 0 0 
2.15372e-06 -4.77959e-06 0 0 0 0 0 0 0 0 0 0 
1.29949e-06 -4.66527e-06 0 0 0 0 0 0 0 0 0 0 
8.6874e-07 -4.60824e-06 0 0 0 0 0 0 0 0 0 0 
-9.35889e-07 -4.97985e-06 0 0 0 0 0 0 0 0 0 0 
-1.40042e-06 -5.04352e-06 0 0 0 0 0 0 0 0 0 0 
-2.32261e-06 -5.17121e-06 0 0 0 0 0 0 0 0 0 0 
-3.22743e-06 -5.36363e-06 0 0 0 0 0 0 0 0 0 0 
-4.1075e-06 -5.62177e-06 0 0 0 0 0 0 0 0 0 0 
-4.955e-06 -5.94681e-06 0 0 0 0 0 0 0 0 0 0 
-5.76156e-06 -6.34005e-06 0 0 0 0 0 0 0 0 0 0 
-6.51813e-06 -6.80273e-06 0 0 0 0 0 0 0 0 0 0 
-7.21488e-06 -7.33585e-06 0 0 0 0 0 0 0 0 0 0 
-7.84114e-06 -7.93992e-06 0 0 0 0 0 0 0 0 0 0 
-8.38529e-06 -8.61466e-06 0 0 0 0 0 0 0 0 0 0 
-8.83481e-06 -9.35863e-06 0 0 0 0 0 0 0 0 0 0 
-9.17631e-06 -1.01688e-05 0 0 0 0 0 0 0 0 0 0 
-9.39568e-06 -1.10402e-05 0 0 0 0 0 0 0 0 0 0 
-9.47837e-06 -1.1965e-05 0 0 0 0 0 0 0 0 0 0 
-9.40986e-06 -1.29324e-05 0 0 0 0 0 0 0 0 0 0 
-9.17629e-06 -1.39277e-05 0 0 0 0 0 0 0 0 0 0 
-8.76542e-06 -1.49321e-05 0 0 0 0 0 0 0 0 0 0 
-8.16785e-06 -1.5922e-05 0 0 0 0 0 0 0 0 0 0 
-7.37854e-06 -1.68694e-05 0 0 0 0 0 0 0 0 0 0 
-6.39868e-06 -1.77421e-05 0 0 0 0 0 0 0 0 0 0 
-5.23783e-06 -1.85046e-05 0 0 0 0 0 0 0 0 0 0 
-3.91593e-06 -1.91209e-05 0 0 0 0 0 0 0 0 0 0 
-2.46586e-06 -1.95569e-05 0 0 0 0 0 0 0 0 0 0 
-9.33638e-07 -1.97867e-05 0 0 0 0 0 0 0 0 0 0 
6.28543e-07 -1.97977e-05 0 0 0 0 0 0 0 0 0 0 
2.16622e-06 -1.95882e-05 0 0 0 0 0 0 0 0 0 0 
3.62515e-06 -1.9171e-05 0 0 0 0 0 0 0 0 0 0 
4.9598e-06 -1.85718e-05 0 0 0 0 0 0 0 0 0 0 
6.1367e-06 -1.78232e-05 0 0 0 0 0 0 0 0 0 0 
7.13442e-06 -1.69614e-05 0 0 0 0 0 0 0 0 0 0 
7.94268e-06 -1.6022e-05 0 0 0 0 0 0 0 0 0 0 
8.5596e-06 -1.50372e-05 0 0 0 0 0 0 0 0 0 0 
8.98966e-06 -1.40357e-05 0 0 0 0 0 0 0 0 0 0 
9.24186e-06 -1.30412e-05 0 0 0 0 0 0 0 0 0 0 
9.32817e-06 -1.20731e-05 0 0 0 0 0 0 0 0 0 0 
9.26224e-06 -1.11463e-05 0 0 0 0 0 0 0 0 0 0 
9.05851e-06 -1.0272e-05 0 0 0 0 0 0 0 0 0 0 
8.73148e-06 -9.45832e-06 0 0 0 0 0 0 0 0 0 0 
8.29527e-06 -8.71049e-06 0 0 0 0 0 0 0 0 0 0 
7.76331e-06 -8.03175e-06 0 0 0 0 0 0 0 0 0 0 
7.14819e-06 -7.4237e-06 0 0 0 0 0 0 0 0 0 0 
6.46161e-06 -6.88676e-06 0 0 0 0 0 0 0 0 0 0 
5.71435e-06 -6.42054e-06 0 0 0 0 0 0 0 0 0 0 
4.91634e-06 -6.02413e-06 0 0 0 0 0 0 0 0 0 0 
4.07675e-06 -5.69635e-06 0 0 0 0 0 0 0 0 0 0 
3.20406e-06 -5.43597e-06 0 0 0 0 0 0 0 0 0 0 
2.30621e-06 -5.24184e-06 0 0 0 0 0 0 0 0 0 0 
1.3907e-06 -5.11299e-06 0 0 0 0 0 0 0 0 0 0 
9.29447e-07 -5.04874e-06 0 0 0 0 0 0 0 0 0 0 
-1.00305e-06 -5.34956e-06 0 0 0 0 0 0 0 0 0 0 
-1.50138e-06 -5.42003e-06 0 0 0 0 0 0 0 0 0 0 
-2.49155e-06 -5.56144e-06 0 0 0 0 0 0 0 0 0 0 
-3.46536e-06 -5.77479e-06 0 0 0 0 0 0 0 0 0 0 
-4.41573e-06 -6.06147e-06 0 0 0 0 0 0 0 0 0 0 
-5.33503e-06 -6.42321e-06 0 0 0 0 0 0 0 0 0 0 
-6.21498e-06 -6.86197e-06 0 0 0 0 0 0 0 0 0 0 
-7.04643e-06 -7.37981e-06 0 0 0 0 0 0 0 0 0 0 
-7.81921e-06 -7.97861e-06 0 0 0 0 0 0 0 0 0 0 
-8.52202e-06 -8.65988e-06 0 0 0 0 0 0 0 0 0 0 
-9.14228e-06 -9.42436e-06 0 0 0 0 0 0 0 0 0 0 
-9.66605e-06 -1.02717e-05 0 0 0 0 0 0 0 0 0 0 
-1.0078e-05 -1.11996e-05 0 0 0 0 0 0 0 0 0 0 
-1.03616e-05 -1.22039e-05 0 0 0 0 0 0 0 0 0 0 
-1.0499e-05 -1.32771e-05 0 0 0 0 0 0 0 0 0 0 
-1.04719e-05 -1.4408e-05 0 0 0 0 0 0 0 0 0 0 
-1.0262e-05 -1.55807e-05 0 0 0 0 0 0 0 0 0 0 
-9.85208e-06 -1.67739e-05 0 0 0 0 0 0 0 0 0 0 
-9.22733e-06 -1.79604e-05 0 0 0 0 0 0 0 0 0 0 
-8.37754e-06 -1.91062e-05 0 0 0 0 0 0 0 0 0 0 
-7.29945e-06 -2.01712e-05 0 0 0 0 0 0 0 0 0 0 
-5.99988e-06 -2.11101e-05 0 0 0 0 0 0 0 0 0 0 
-4.49904e-06 -2.18749e-05 0 0 0 0 0 0 0 0 0 0 
-2.8354e-06 -2.24189e-05 0 0 0 0 0 0 0 0 0 0 
-1.06737e-06 -2.27062e-05 0 0 0 0 0 0 0 0 0 0 
7.38867e-07 -2.27201e-05 0 0 0 0 0 0 0 0 0 0 
2.51425e-06 -2.24577e-05 0 0 0 0 0 0 0 0 0 0 
4.1886e-06 -2.19365e-05 0 0 0 0 0 0 0 0 0 0 
5.70497e-06 -2.11924e-05 0 0 0 0 0 0 0 0 0 0 
7.02413e-06 -2.02698e-05 0 0 0 0 0 0 0 0 0 0 
8.12351e-06 -1.9217e-05 0 0 0 0 0 0 0 0 0 0 
8.99543e-06 -1.80797e-05 0 0 0 0 0 0 0 0 0 0 
9.64233e-06 -1.68983e-05 0 0 0 0 0 0 0 0 0 0 
1.00738e-05 -1.57072e-05 0 0 0 0 0 0 0 0 0 0 
1.03043e-05 -1.45344e-05 0 0 0 0 0 0 0 0 0 0 
1.03506e-05 -1.34016e-05 0 0 0 0 0 0 0 0 0 0 
1.02311e-05 -1.23252e-05 0 0 0 0 0 0 0 0 0 0 
9.96394e-06 -1.13168e-05 0 0 0 0 0 0 0 0 0 0 
9.56692e-06 -1.03841e-05 0 0 0 0 0 0 0 0 0 0 
9.05669e-06 -9.53181e-06 0 0 0 0 0 0 0 0 0 0 
8.44865e-06 -8.76226e-06 0 0 0 0 0 0 0 0 0 0 
7.75683e-06 -8.07605e-06 0 0 0 0 0 0 0 0 0 0 
6.99396e-06 -7.47259e-06 0 0 0 0 0 0 0 0 0 0 
6.17145e-06 -6.95049e-06 0 0 0 0 0 0 0 0 0 0 
5.29959e-06 -6.50794e-06 0 0 0 0 0 0 0 0 0 0 
4.38768e-06 -6.14297e-06 0 0 0 0 0 0 0 0 0 0 
3.44414e-06 -5.85365e-06 0 0 0 0 0 0 0 0 0 0 
2.47671e-06 -5.63829e-06 0 0 0 0 0 0 0 0 0 0 
1.49259e-06 -5.49552e-06 0 0 0 0 0 0 0 0 0 0 
9.97236e-07 -5.42438e-06 0 0 0 0 0 0 0 0 0 0 
-1.07681e-06 -5.64809e-06 0 0 0 0 0 0 0 0 0 0 
-1.6123e-06 -5.72489e-06 0 0 0 0 0 0 0 0 0 0 
-2.67738e-06 -5.87913e-06 0 0 0 0 0 0 0 0 0 0 
-3.72745e-06 -6.11213e-06 0 0 0 0 0 0 0 0 0 0 
-4.75591e-06 -6.42577e-06 0 0 0 0 0 0 0 0 0 0 
-5.7555e-06 -6.82246e-06 0 0 0 0 0 0 0 0 0 0 
-6.71816e-06 -7.305e-06 0 0 0 0 0 0 0 0 0 0 
-7.63476e-06 -7.87645e-06 0 0 0 0 0 0 0 0 0 0 
-8.49495e-06 -8.53989e-06 0 0 0 0 0 0 0 0 0 0 
-9.28689e-06 -9.29817e-06 0 0 0 0 0 0 0 0 0 0 
-9.99706e-06 -1.01535e-05 0 0 0 0 0 0 0 0 0 0 
-1.06101e-05 -1.1107e-05 0 0 0 0 0 0 0 0 0 0 
-1.11086e-05 -1.2158e-05 0 0 0 0 0 0 0 0 0 0 
-1.14732e-05 -1.33036e-05 0 0 0 0 0 0 0 0 0 0 
-1.16824e-05 -1.45372e-05 0 0 0 0 0 0 0 0 0 0 
-1.17134e-05 -1.58481e-05 0 0 0 0 0 0 0 0 0 0 
-1.15423e-05 -1.72199e-05 0 0 0 0 0 0 0 0 0 0 
-1.11451e-05 -1.86294e-05 0 0 0 0 0 0 0 0 0 0 
-1.05001e-05 -2.00452e-05 0 0 0 0 0 0 0 0 0 0 
-9.58932e-06 -2.14271e-05 0 0 0 0 0 0 0 0 0 0 
-8.4026e-06 -2.27257e-05 0 0 0 0 0 0 0 0 0 0 
-6.94155e-06 -2.38828e-05 0 0 0 0 0 0 0 0 0 0 
-5.22475e-06 -2.48345e-05 0 0 0 0 0 0 0 0 0 0 
-3.29717e-06 -2.55158e-05 0 0 0 0 0 0 0 0 0 0 
-1.23485e-06 -2.58762e-05 0 0 0 0 0 0 0 0 0 0 
8.77037e-07 -2.58942e-05 0 0 0 0 0 0 0 0 0 0 
2.94984e-06 -2.55643e-05 0 0 0 0 0 0 0 0 0 0 
4.89047e-06 -2.49105e-05 0 0 0 0 0 0 0 0 0 0 
6.62648e-06 -2.39842e-05 0 0 0 0 0 0 0 0 0 0 
8.11205e-06 -2.2846e-05 0 0 0 0 0 0 0 0 0 0 
9.32452e-06 -2.15609e-05 0 0 0 0 0 0 0 0 0 0 
1.02614e-05 -2.01875e-05 0 0 0 0 0 0 0 0 0 0 
1.09321e-05 -1.87761e-05 0 0 0 0 0 0 0 0 0 0 
1.13535e-05 -1.73677e-05 0 0 0 0 0 0 0 0 0 0 
1.15474e-05 -1.59942e-05 0 0 0 0 0 0 0 0 0 0 
1.15373e-05 -1.46797e-05 0 0 0 0 0 0 0 0 0 0 
1.13471e-05 -1.34411e-05 0 0 0 0 0 0 0 0 0 0 
1.09997e-05 -1.22897e-05 0 0 0 0 0 0 0 0 0 0 
1.05165e-05 -1.12324e-05 0 0 0 0 0 0 0 0 0 0 
9.91711e-06 -1.02725e-05 0 0 0 0 0 0 0 0 0 0 
9.21906e-06 -9.41087e-06 0 0 0 0 0 0 0 0 0 0 
8.43785e-06 -8.64654e-06 0 0 0 0 0 0 0 0 0 0 
7.58717e-06 -7.97748e-06 0 0 0 0 0 0 0 0 0 0 
6.679e-06 -7.40095e-06 0 0 0 0 0 0 0 0 0 0 
5.72387e-06 -6.91394e-06 0 0 0 0 0 0 0 0 0 0 
4.73104e-06 -6.51346e-06 0 0 0 0 0 0 0 0 0 0 
3.70873e-06 -6.19675e-06 0 0 0 0 0 0 0 0 0 0 
2.66434e-06 -5.96142e-06 0 0 0 0 0 0 0 0 0 0 
1.60461e-06 -5.80562e-06 0 0 0 0 0 0 0 0 0 0 
1.07173e-06 -5.72804e-06 0 0 0 0 0 0 0 0 0 0 
-1.15664e-06 -5.86886e-06 0 0 0 0 0 0 0 0 0 0 
-1.73242e-06 -5.95135e-06 0 0 0 0 0 0 0 0 0 0 
-2.8788e-06 -6.1172e-06 0 0 0 0 0 0 0 0 0 0 
-4.012e-06 -6.36807e-06 0 0 0 0 0 0 0 0 0 0 
-5.12605e-06 -6.70643e-06 0 0 0 0 0 0 0 0 0 0 
-6.21426e-06 -7.13547e-06 0 0 0 0 0 0 0 0 0 0 
-7.26897e-06 -7.65903e-06 0 0 0 0 0 0 0 0 0 0 
-8.28132e-06 -8.2814e-06 0 0 0 0 0 0 0 0 0 0 
-9.24093e-06 -9.00715e-06 0 0 0 0 0 0 0 0 0 0 
-1.01356e-05 -9.84086e-06 0 0 0 0 0 0 0 0 0 0 
-1.09511e-05 -1.07867e-05 0 0 0 0 0 0 0 0 0 0 
-1.16706e-05 -1.18479e-05 0 0 0 0 0 0 0 0 0 0 
-1.22746e-05 -1.30262e-05 0 0 0 0 0 0 0 0 0 0 
-1.27408e-05 -1.43207e-05 0 0 0 0 0 0 0 0 0 0 
-1.30436e-05 -1.57271e-05 0 0 0 0 0 0 0 0 0 0 
-1.31546e-05 -1.72358e-05 0 0 0 0 0 0 0 0 0 0 
-1.30433e-05 -1.88311e-05 0 0 0 0 0 0 0 0 0 0 
-1.26773e-05 -2.04885e-05 0 0 0 0 0 0 0 0 0 0 
-1.2025e-05 -2.21732e-05 0 0 0 0 0 0 0 0 0 0 
-1.1058e-05 -2.38384e-05 0 0 0 0 0 0 0 0 0 0 
-9.75515e-06 -2.54236e-05 0 0 0 0 0 0 0 0 0 0 
-8.10871e-06 -2.68545e-05 0 0 0 0 0 0 0 0 0 0 
-6.13203e-06 -2.80453e-05 0 0 0 0 0 0 0 0 0 0 
-3.87709e-06 -2.89041e-05 0 0 0 0 0 0 0 0 0 0 
-1.44578e-06 -2.93589e-05 0 0 0 0 0 0 0 0 0 0 
1.05076e-06 -2.93829e-05 0 0 0 0 0 0 0 0 0 0 
3.49789e-06 -2.89655e-05 0 0 0 0 0 0 0 0 0 0 
5.7687e-06 -2.81399e-05 0 0 0 0 0 0 0 0 0 0 
7.76953e-06 -2.69805e-05 0 0 0 0 0 0 0 0 0 0 
9.44744e-06 -2.55714e-05 0 0 0 0 0 0 0 0 0 0 
1.0782e-05 -2.40005e-05 0 0 0 0 0 0 0 0 0 0 
1.17802e-05 -2.23434e-05 0 0 0 0 0 0 0 0 0 0 
1.24622e-05 -2.06616e-05 0 0 0 0 0 0 0 0 0 0 
1.28557e-05 -1.90032e-05 0 0 0 0 0 0 0 0 0 0 
1.29922e-05 -1.74039e-05 0 0 0 0 0 0 0 0 0 0 
1.29037e-05 -1.58892e-05 0 0 0 0 0 0 0 0 0 0 
1.2621e-05 -1.44756e-05 0 0 0 0 0 0 0 0 0 0 
1.21726e-05 -1.31731e-05 0 0 0 0 0 0 0 0 0 0 
1.15841e-05 -1.19866e-05 0 0 0 0 0 0 0 0 0 0 
1.08782e-05 -1.09172e-05 0 0 0 0 0 0 0 0 0 0 
1.00746e-05 -9.96354e-06 0 0 0 0 0 0 0 0 0 0 
9.19022e-06 -9.12248e-06 0 0 0 0 0 0 0 0 0 0 
8.23955e-06 -8.39001e-06 0 0 0 0 0 0 0 0 0 0 
7.23499e-06 -7.76165e-06 0 0 0 0 0 0 0 0 0 0 
6.18708e-06 -7.23289e-06 0 0 0 0 0 0 0 0 0 0 
5.10487e-06 -6.79945e-06 0 0 0 0 0 0 0 0 0 0 
3.99618e-06 -6.45756e-06 0 0 0 0 0 0 0 0 0 0 
2.86784e-06 -6.20404e-06 0 0 0 0 0 0 0 0 0 0 
1.72598e-06 -6.03641e-06 0 0 0 0 0 0 0 0 0 0 
1.15239e-06 -5.95303e-06 0 0 0 0 0 0 0 0 0 0 
-1.24181e-06 -6.00585e-06 0 0 0 0 0 0 0 0 0 0 
-1.86065e-06 -6.09323e-06 0 0 0 0 0 0 0 0 0 0 
-3.09409e-06 -6.26905e-06 0 0 0 0 0 0 0 0 0 0 
-4.31668e-06 -6.53541e-06 0 0 0 0 0 0 0 0 0 0 
-5.52332e-06 -6.89543e-06 0 0 0 0 0 0 0 0 0 0 
-6.70811e-06 -7.35323e-06 0 0 0 0 0 0 0 0 0 0 
-7.86408e-06 -7.91378e-06 0 0 0 0 0 0 0 0 0 0 
-8.98288e-06 -8.58288e-06 0 0 0 0 0 0 0 0 0 0 
-1.00544e-05 -9.36691e-06 0 0 0 0 0 0 0 0 0 0 
-1.10664e-05 -1.02726e-05 0 0 0 0 0 0 0 0 0 0 
-1.20041e-05 -1.13066e-05 0 0 0 0 0 0 0 0 0 0 
-1.28496e-05 -1.24752e-05 0 0 0 0 0 0 0 0 0 0 
-1.35814e-05 -1.3783e-05 0 0 0 0 0 0 0 0 0 0 
-1.4174e-05 -1.52327e-05 0 0 0 0 0 0 0 0 0 0 
-1.45975e-05 -1.68231e-05 0 0 0 0 0 0 0 0 0 0 
-1.48175e-05 -1.85479e-05 0 0 0 0 0 0 0 0 0 0 
-1.47949e-05 -2.03931e-05 0 0 0 0 0 0 0 0 0 0 
-1.44873e-05 -2.23348e-05 0 0 0 0 0 0 0 0 0 0 
-1.385e-05 -2.43359e-05 0 0 0 0 0 0 0 0 0 0 
-1.28397e-05 -2.63429e-05 0 0 0 0 0 0 0 0 0 0 
-1.14187e-05 -2.82832e-05 0 0 0 0 0 0 0 0 0 0 
-9.56323e-06 -3.00619e-05 0 0 0 0 0 0 0 0 0 0 
-7.2744e-06 -3.15638e-05 0 0 0 0 0 0 0 0 0 0 
-4.61076e-06 -3.26561e-05 0 0 0 0 0 0 0 0 0 0 
-1.71365e-06 -3.32343e-05 0 0 0 0 0 0 0 0 0 0 
1.27046e-06 -3.32676e-05 0 0 0 0 0 0 0 0 0 0 
4.19289e-06 -3.27349e-05 0 0 0 0 0 0 0 0 0 0 
6.87542e-06 -3.16823e-05 0 0 0 0 0 0 0 0 0 0 
9.19498e-06 -3.02205e-05 0 0 0 0 0 0 0 0 0 0 
1.1092e-05 -2.84663e-05 0 0 0 0 0 0 0 0 0 0 
1.25525e-05 -2.65406e-05 0 0 0 0 0 0 0 0 0 0 
1.36004e-05 -2.45401e-05 0 0 0 0 0 0 0 0 0 0 
1.42723e-05 -2.25393e-05 0 0 0 0 0 0 0 0 0 0 
1.46112e-05 -2.05934e-05 0 0 0 0 0 0 0 0 0 0 
1.46614e-05 -1.87409e-05 0 0 0 0 0 0 0 0 0 0 
1.44657e-05 -1.70068e-05 0 0 0 0 0 0 0 0 0 0 
1.40631e-05 -1.54061e-05 0 0 0 0 0 0 0 0 0 0 
1.34886e-05 -1.39457e-05 0 0 0 0 0 0 0 0 0 0 
1.27724e-05 -1.26272e-05 0 0 0 0 0 0 0 0 0 0 
1.19402e-05 -1.14484e-05 0 0 0 0 0 0 0 0 0 0 
1.10138e-05 -1.04048e-05 0 0 0 0 0 0 0 0 0 0 
1.00114e-05 -9.49024e-06 0 0 0 0 0 0 0 0 0 0 
8.948e-06 -8.69828e-06 0 0 0 0 0 0 0 0 0 0 
7.83613e-06 -8.02219e-06 0 0 0 0 0 0 0 0 0 0 
6.68607e-06 -7.45562e-06 0 0 0 0 0 0 0 0 0 0 
5.50637e-06 -6.99281e-06 0 0 0 0 0 0 0 0 0 0 
4.30415e-06 -6.62878e-06 0 0 0 0 0 0 0 0 0 0 
3.08549e-06 -6.35941e-06 0 0 0 0 0 0 0 0 0 0 
1.85562e-06 -6.1816e-06 0 0 0 0 0 0 0 0 0 0 
1.2385e-06 -6.09322e-06 0 0 0 0 0 0 0 0 0 0 
-1.3314e-06 -6.05386e-06 0 0 0 0 0 0 0 0 0 0 
-1.99561e-06 -6.14508e-06 0 0 0 0 0 0 0 0 0 0 
-3.32098e-06 -6.3288e-06 0 0 0 0 0 0 0 0 0 0 
-4.63839e-06 -6.60759e-06 0 0 0 0 0 0 0 0 0 0 
-5.94387e-06 -6.98528e-06 0 0 0 0 0 0 0 0 0 0 
-7.23261e-06 -7.46698e-06 0 0 0 0 0 0 0 0 0 0 
-8.49863e-06 -8.059e-06 0 0 0 0 0 0 0 0 0 0 
-9.73445e-06 -8.76882e-06 0 0 0 0 0 0 0 0 0 0 
-1.09307e-05 -9.60494e-06 0 0 0 0 0 0 0 0 0 0 
-1.20754e-05 -1.05767e-05 0 0 0 0 0 0 0 0 0 0 
-1.31537e-05 -1.16938e-05 0 0 0 0 0 0 0 0 0 0 
-1.41469e-05 -1.29663e-05 0 0 0 0 0 0 0 0 0 0 
-1.50321e-05 -1.4403e-05 0 0 0 0 0 0 0 0 0 0 
-1.57809e-05 -1.60113e-05 0 0 0 0 0 0 0 0 0 0 
-1.63588e-05 -1.77952e-05 0 0 0 0 0 0 0 0 0 0 
-1.67246e-05 -1.97534e-05 0 0 0 0 0 0 0 0 0 0 
-1.68302e-05 -2.18763e-05 0 0 0 0 0 0 0 0 0 0 
-1.662e-05 -2.41429e-05 0 0 0 0 0 0 0 0 0 0 
-1.60331e-05 -2.6516e-05 0 0 0 0 0 0 0 0 0 0 
-1.50053e-05 -2.89372e-05 0 0 0 0 0 0 0 0 0 0 
-1.34741e-05 -3.13208e-05 0 0 0 0 0 0 0 0 0 0 
-1.13893e-05 -3.35472e-05 0 0 0 0 0 0 0 0 0 0 
-8.72626e-06 -3.54605e-05 0 0 0 0 0 0 0 0 0 0 
-5.54761e-06 -3.68652e-05 0 0 0 0 0 0 0 0 0 0 
-2.05729e-06 -3.76065e-05 0 0 0 0 0 0 0 0 0 0 
1.55017e-06 -3.7655e-05 0 0 0 0 0 0 0 0 0 0 
5.08319e-06 -3.69682e-05 0 0 0 0 0 0 0 0 0 0 
8.28314e-06 -3.56103e-05 0 0 0 0 0 0 0 0 0 0 
1.09856e-05 -3.37496e-05 0 0 0 0 0 0 0 0 0 0 
1.31273e-05 -3.15502e-05 0 0 0 0 0 0 0 0 0 0 
1.47082e-05 -2.918e-05 0 0 0 0 0 0 0 0 0 0 
1.57815e-05 -2.67621e-05 0 0 0 0 0 0 0 0 0 0 
1.64089e-05 -2.43849e-05 0 0 0 0 0 0 0 0 0 0 
1.66542e-05 -2.21093e-05 0 0 0 0 0 0 0 0 0 0 
1.65788e-05 -1.99743e-05 0 0 0 0 0 0 0 0 0 0 
1.62385e-05 -1.80025e-05 0 0 0 0 0 0 0 0 0 0 
1.56822e-05 -1.62043e-05 0 0 0 0 0 0 0 0 0 0 
1.49515e-05 -1.45818e-05 0 0 0 0 0 0 0 0 0 0 
1.40814e-05 -1.31315e-05 0 0 0 0 0 0 0 0 0 0 
1.31007e-05 -1.18464e-05 0 0 0 0 0 0 0 0 0 0 
1.20328e-05 -1.07176e-05 0 0 0 0 0 0 0 0 0 0 
1.08967e-05 -9.73537e-06 0 0 0 0 0 0 0 0 0 0 
9.70761e-06 -8.88999e-06 0 0 0 0 0 0 0 0 0 0 
8.47764e-06 -8.17211e-06 0 0 0 0 0 0 0 0 0 0 
7.21645e-06 -7.57324e-06 0 0 0 0 0 0 0 0 0 0 
5.93171e-06 -7.08588e-06 0 0 0 0 0 0 0 0 0 0 
4.62958e-06 -6.70369e-06 0 0 0 0 0 0 0 0 0 0 
3.31502e-06 -6.42155e-06 0 0 0 0 0 0 0 0 0 0 
1.99217e-06 -6.23561e-06 0 0 0 0 0 0 0 0 0 0 
1.32915e-06 -6.14328e-06 0 0 0 0 0 0 0 0 0 0 
-1.42425e-06 -6.00867e-06 0 0 0 0 0 0 0 0 0 0 
-2.13559e-06 -6.10244e-06 0 0 0 0 0 0 0 0 0 0 
-3.5566e-06 -6.29151e-06 0 0 0 0 0 0 0 0 0 0 
-4.97316e-06 -6.57891e-06 0 0 0 0 0 0 0 0 0 0 
-6.38271e-06 -6.96922e-06 0 0 0 0 0 0 0 0 0 0 
-7.78183e-06 -7.46859e-06 0 0 0 0 0 0 0 0 0 0 
-9.16592e-06 -8.08478e-06 0 0 0 0 0 0 0 0 0 0 
-1.05288e-05 -8.82712e-06 0 0 0 0 0 0 0 0 0 0 
-1.18623e-05 -9.70648e-06 0 0 0 0 0 0 0 0 0 0 
-1.31553e-05 -1.07352e-05 0 0 0 0 0 0 0 0 0 0 
-1.43937e-05 -1.19268e-05 0 0 0 0 0 0 0 0 0 0 
-1.55588e-05 -1.32956e-05 0 0 0 0 0 0 0 0 0 0 
-1.66265e-05 -1.48562e-05 0 0 0 0 0 0 0 0 0 0 
-1.75662e-05 -1.66223e-05 0 0 0 0 0 0 0 0 0 0 
-1.83396e-05 -1.86052e-05 0 0 0 0 0 0 0 0 0 0 
-1.88985e-05 -2.08112e-05 0 0 0 0 0 0 0 0 0 0 
-1.91844e-05 -2.32389e-05 0 0 0 0 0 0 0 0 0 0 
-1.9127e-05 -2.58741e-05 0 0 0 0 0 0 0 0 0 0 
-1.86443e-05 -2.86836e-05 0 0 0 0 0 0 0 0 0 0 
-1.76446e-05 -3.16074e-05 0 0 0 0 0 0 0 0 0 0 
-1.60287e-05 -3.45486e-05 0 0 0 0 0 0 0 0 0 0 
-1.37029e-05 -3.73579e-05 0 0 0 0 0 0 0 0 0 0 
-1.05925e-05 -3.98248e-05 0 0 0 0 0 0 0 0 0 0 
-6.75678e-06 -4.16546e-05 0 0 0 0 0 0 0 0 0 0 
-2.50336e-06 -4.26129e-05 0 0 0 0 0 0 0 0 0 0 
1.90879e-06 -4.26871e-05 0 0 0 0 0 0 0 0 0 0 
6.23756e-06 -4.17917e-05 0 0 0 0 0 0 0 0 0 0 
1.0094e-05 -4.00151e-05 0 0 0 0 0 0 0 0 0 0 
1.32551e-05 -3.76206e-05 0 0 0 0 0 0 0 0 0 0 
1.56616e-05 -3.48393e-05 0 0 0 0 0 0 0 0 0 0 
1.73406e-05 -3.19081e-05 0 0 0 0 0 0 0 0 0 0 
1.83955e-05 -2.89816e-05 0 0 0 0 0 0 0 0 0 0 
1.89251e-05 -2.61611e-05 0 0 0 0 0 0 0 0 0 0 
1.90217e-05 -2.351e-05 0 0 0 0 0 0 0 0 0 0 
1.87682e-05 -2.10637e-05 0 0 0 0 0 0 0 0 0 0 
1.82357e-05 -1.88381e-05 0 0 0 0 0 0 0 0 0 0 
1.74838e-05 -1.6836e-05 0 0 0 0 0 0 0 0 0 0 
1.65615e-05 -1.50515e-05 0 0 0 0 0 0 0 0 0 0 
1.55078e-05 -1.34737e-05 0 0 0 0 0 0 0 0 0 0 
1.43541e-05 -1.20894e-05 0 0 0 0 0 0 0 0 0 0 
1.31248e-05 -1.08839e-05 0 0 0 0 0 0 0 0 0 0 
1.1839e-05 -9.84286e-06 0 0 0 0 0 0 0 0 0 0 
1.05113e-05 -8.95281e-06 0 0 0 0 0 0 0 0 0 0 
9.15288e-06 -8.20131e-06 0 0 0 0 0 0 0 0 0 0 
7.7723e-06 -7.57741e-06 0 0 0 0 0 0 0 0 0 0 
6.37592e-06 -7.07173e-06 0 0 0 0 0 0 0 0 0 0 
4.96848e-06 -6.67645e-06 0 0 0 0 0 0 0 0 0 0 
3.55357e-06 -6.38538e-06 0 0 0 0 0 0 0 0 0 0 
2.13389e-06 -6.19388e-06 0 0 0 0 0 0 0 0 0 0 
1.42316e-06 -6.09889e-06 0 0 0 0 0 0 0 0 0 0 
-1.51895e-06 -5.86734e-06 0 0 0 0 0 0 0 0 0 0 
-2.27846e-06 -5.96214e-06 0 0 0 0 0 0 0 0 0 0 
-3.79744e-06 -6.15347e-06 0 0 0 0 0 0 0 0 0 0 
-5.31609e-06 -6.44484e-06 0 0 0 0 0 0 0 0 0 0 
-6.83356e-06 -6.84157e-06 0 0 0 0 0 0 0 0 0 0 
-8.34818e-06 -7.35087e-06 0 0 0 0 0 0 0 0 0 0 
-9.85715e-06 -7.98194e-06 0 0 0 0 0 0 0 0 0 0 
-1.13561e-05 -8.74607e-06 0 0 0 0 0 0 0 0 0 0 
-1.28387e-05 -9.6567e-06 0 0 0 0 0 0 0 0 0 0 
-1.42956e-05 -1.07295e-05 0 0 0 0 0 0 0 0 0 0 
-1.57141e-05 -1.19822e-05 0 0 0 0 0 0 0 0 0 0 
-1.70764e-05 -1.34347e-05 0 0 0 0 0 0 0 0 0 0 
-1.83589e-05 -1.51082e-05 0 0 0 0 0 0 0 0 0 0 
-1.95298e-05 -1.70246e-05 0 0 0 0 0 0 0 0 0 0 
-2.05476e-05 -1.92052e-05 0 0 0 0 0 0 0 0 0 0 
-2.13584e-05 -2.1668e-05 0 0 0 0 0 0 0 0 0 0 
-2.18931e-05 -2.4424e-05 0 0 0 0 0 0 0 0 0 0 
-2.20647e-05 -2.74719e-05 0 0 0 0 0 0 0 0 0 0 
-2.17664e-05 -3.07896e-05 0 0 0 0 0 0 0 0 0 0 
-2.08703e-05 -3.43226e-05 0 0 0 0 0 0 0 0 0 0 
-1.92246e-05 -3.79685e-05 0 0 0 0 0 0 0 0 0 0 
-1.66656e-05 -4.15457e-05 0 0 0 0 0 0 0 0 0 0 
-1.3023e-05 -4.4771e-05 0 0 0 0 0 0 0 0 0 0 
-8.33566e-06 -4.71888e-05 0 0 0 0 0 0 0 0 0 0 
-3.08982e-06 -4.84365e-05 0 0 0 0 0 0 0 0 0 0 
2.37135e-06 -4.85566e-05 0 0 0 0 0 0 0 0 0 0 
7.75517e-06 -4.73751e-05 0 0 0 0 0 0 0 0 0 0 
1.24543e-05 -4.5013e-05 0 0 0 0 0 0 0 0 0 0 
1.61614e-05 -4.18931e-05 0 0 0 0 0 0 0 0 0 0 
1.88398e-05 -3.83418e-05 0 0 0 0 0 0 0 0 0 0 
2.05659e-05 -3.4698e-05 0 0 0 0 0 0 0 0 0 0 
2.15284e-05 -3.11521e-05 0 0 0 0 0 0 0 0 0 0 
2.18805e-05 -2.78128e-05 0 0 0 0 0 0 0 0 0 0 
2.17516e-05 -2.47389e-05 0 0 0 0 0 0 0 0 0 0 
2.12507e-05 -2.19555e-05 0 0 0 0 0 0 0 0 0 0 
2.04662e-05 -1.94656e-05 0 0 0 0 0 0 0 0 0 0 
1.94688e-05 -1.72595e-05 0 0 0 0 0 0 0 0 0 0 
1.83137e-05 -1.53195e-05 0 0 0 0 0 0 0 0 0 0 
1.70435e-05 -1.36249e-05 0 0 0 0 0 0 0 0 0 0 
1.56906e-05 -1.21537e-05 0 0 0 0 0 0 0 0 0 0 
1.42793e-05 -1.08845e-05 0 0 0 0 0 0 0 0 0 0 
1.28277e-05 -9.79756e-06 0 0 0 0 0 0 0 0 0 0 
1.13492e-05 -8.87477e-06 0 0 0 0 0 0 0 0 0 0 
9.85303e-06 -8.10036e-06 0 0 0 0 0 0 0 0 0 0 
8.34603e-06 -7.46076e-06 0 0 0 0 0 0 0 0 0 0 
6.83267e-06 -6.94454e-06 0 0 0 0 0 0 0 0 0 0 
5.31593e-06 -6.54241e-06 0 0 0 0 0 0 0 0 0 0 
3.7976e-06 -6.24706e-06 0 0 0 0 0 0 0 0 0 0 
2.27866e-06 -6.05311e-06 0 0 0 0 0 0 0 0 0 0 
1.51912e-06 -5.95701e-06 0 0 0 0 0 0 0 0 0 0 
-1.61384e-06 -5.62848e-06 0 0 0 0 0 0 0 0 0 0 
-2.42172e-06 -5.72251e-06 0 0 0 0 0 0 0 0 0 0 
-4.0393e-06 -5.91251e-06 0 0 0 0 0 0 0 0 0 0 
-5.66126e-06 -6.2024e-06 0 0 0 0 0 0 0 0 0 0 
-7.28874e-06 -6.59818e-06 0 0 0 0 0 0 0 0 0 0 
-8.92221e-06 -7.10804e-06 0 0 0 0 0 0 0 0 0 0 
-1.05611e-05 -7.74258e-06 0 0 0 0 0 0 0 0 0 0 
-1.22036e-05 -8.515e-06 0 0 0 0 0 0 0 0 0 0 
-1.38457e-05 -9.44137e-06 0 0 0 0 0 0 0 0 0 0 
-1.54809e-05 -1.05408e-05 0 0 0 0 0 0 0 0 0 0 
-1.70989e-05 -1.18358e-05 0 0 0 0 0 0 0 0 0 0 
-1.86847e-05 -1.33523e-05 0 0 0 0 0 0 0 0 0 0 
-2.02164e-05 -1.51195e-05 0 0 0 0 0 0 0 0 0 0 
-2.16633e-05 -1.71696e-05 0 0 0 0 0 0 0 0 0 0 
-2.29829e-05 -1.95368e-05 0 0 0 0 0 0 0 0 0 0 
-2.41173e-05 -2.22551e-05 0 0 0 0 0 0 0 0 0 0 
-2.49883e-05 -2.53544e-05 0 0 0 0 0 0 0 0 0 0 
-2.54926e-05 -2.8855e-05 0 0 0 0 0 0 0 0 0 0 
-2.5495e-05 -3.27568e-05 0 0 0 0 0 0 0 0 0 0 
-2.48235e-05 -3.70244e-05 0 0 0 0 0 0 0 0 0 0 
-2.32517e-05 -4.15633e-05 0 0 0 0 0 0 0 0 0 0 
-2.05054e-05 -4.6163e-05 0 0 0 0 0 0 0 0 0 0 
-1.62356e-05 -5.04467e-05 0 0 0 0 0 0 0 0 0 0 
-1.04222e-05 -5.36919e-05 0 0 0 0 0 0 0 0 0 0 
-3.87115e-06 -5.53234e-05 0 0 0 0 0 0 0 0 0 0 
2.9702e-06 -5.5528e-05 0 0 0 0 0 0 0 0 0 0 
9.78119e-06 -5.395e-05 0 0 0 0 0 0 0 0 0 0 
1.5576e-05 -5.07518e-05 0 0 0 0 0 0 0 0 0 0 
1.99263e-05 -4.6632e-05 0 0 0 0 0 0 0 0 0 0 
2.28567e-05 -4.20486e-05 0 0 0 0 0 0 0 0 0 0 
2.45303e-05 -3.74962e-05 0 0 0 0 0 0 0 0 0 0 
2.52807e-05 -3.31988e-05 0 0 0 0 0 0 0 0 0 0 
2.53383e-05 -2.92595e-05 0 0 0 0 0 0 0 0 0 0 
2.48791e-05 -2.5719e-05 0 0 0 0 0 0 0 0 0 0 
2.40414e-05 -2.25806e-05 0 0 0 0 0 0 0 0 0 0 
2.29317e-05 -1.98258e-05 0 0 0 0 0 0 0 0 0 0 
2.163e-05 -1.74255e-05 0 0 0 0 0 0 0 0 0 0 
2.0196e-05 -1.5346e-05 0 0 0 0 0 0 0 0 0 0 
1.86737e-05 -1.35531e-05 0 0 0 0 0 0 0 0 0 0 
1.70945e-05 -1.20144e-05 0 0 0 0 0 0 0 0 0 0 
1.54809e-05 -1.07004e-05 0 0 0 0 0 0 0 0 0 0 
1.38487e-05 -9.58483e-06 0 0 0 0 0 0 0 0 0 0 
1.22085e-05 -8.64487e-06 0 0 0 0 0 0 0 0 0 0 
1.05669e-05 -7.86112e-06 0 0 0 0 0 0 0 0 0 0 
8.92813e-06 -7.2173e-06 0 0 0 0 0 0 0 0 0 0 
7.29427e-06 -6.69999e-06 0 0 0 0 0 0 0 0 0 0 
5.66596e-06 -6.29844e-06 0 0 0 0 0 0 0 0 0 0 
4.04287e-06 -6.00432e-06 0 0 0 0 0 0 0 0 0 0 
2.42394e-06 -5.81154e-06 0 0 0 0 0 0 0 0 0 0 
1.61535e-06 -5.71614e-06 0 0 0 0 0 0 0 0 0 0 
-1.70701e-06 -5.29249e-06 0 0 0 0 0 0 0 0 0 0 
-2.56249e-06 -5.38375e-06 0 0 0 0 0 0 0 0 0 0 
-4.27733e-06 -5.56834e-06 0 0 0 0 0 0 0 0 0 0 
-6.00176e-06 -5.85053e-06 0 0 0 0 0 0 0 0 0 0 
-7.73919e-06 -6.23684e-06 0 0 0 0 0 0 0 0 0 0 
-9.49258e-06 -6.7363e-06 0 0 0 0 0 0 0 0 0 0 
-1.12641e-05 -7.36072e-06 0 0 0 0 0 0 0 0 0 0 
-1.30549e-05 -8.12503e-06 0 0 0 0 0 0 0 0 0 0 
-1.48645e-05 -9.04774e-06 0 0 0 0 0 0 0 0 0 0 
-1.66901e-05 -1.01514e-05 0 0 0 0 0 0 0 0 0 0 
-1.85256e-05 -1.14633e-05 0 0 0 0 0 0 0 0 0 0 
-2.03601e-05 -1.30158e-05 0 0 0 0 0 0 0 0 0 0 
-2.21762e-05 -1.48472e-05 0 0 0 0 0 0 0 0 0 0 
-2.39471e-05 -1.70017e-05 0 0 0 0 0 0 0 0 0 0 
-2.5633e-05 -1.95295e-05 0 0 0 0 0 0 0 0 0 0 
-2.71759e-05 -2.24857e-05 0 0 0 0 0 0 0 0 0 0 
-2.8493e-05 -2.59274e-05 0 0 0 0 0 0 0 0 0 0 
-2.94671e-05 -2.99078e-05 0 0 0 0 0 0 0 0 0 0 
-2.99358e-05 -3.44664e-05 0 0 0 0 0 0 0 0 0 0 
-2.96769e-05 -3.96095e-05 0 0 0 0 0 0 0 0 0 0 
-2.83633e-05 -4.52801e-05 0 0 0 0 0 0 0 0 0 0 
-2.55489e-05 -5.12549e-05 0 0 0 0 0 0 0 0 0 0 
-2.05519e-05 -5.70446e-05 0 0 0 0 0 0 0 0 0 0 
-1.32124e-05 -6.1474e-05 0 0 0 0 0 0 0 0 0 0 
-4.92595e-06 -6.36063e-05 0 0 0 0 0 0 0 0 0 0 
3.74483e-06 -6.39709e-05 0 0 0 0 0 0 0 0 0 0 
1.25314e-05 -6.18384e-05 0 0 0 0 0 0 0 0 0 0 
1.97722e-05 -5.74203e-05 0 0 0 0 0 0 0 0 0 0 
2.48646e-05 -5.1903e-05 0 0 0 0 0 0 0 0 0 0 
2.79757e-05 -4.59188e-05 0 0 0 0 0 0 0 0 0 0 
2.94157e-05 -4.02055e-05 0 0 0 0 0 0 0 0 0 0 
2.97651e-05 -3.50053e-05 0 0 0 0 0 0 0 0 0 0 
2.93603e-05 -3.03859e-05 0 0 0 0 0 0 0 0 0 0 
2.84305e-05 -2.63466e-05 0 0 0 0 0 0 0 0 0 0 
2.71439e-05 -2.2851e-05 0 0 0 0 0 0 0 0 0 0 
2.56213e-05 -1.98467e-05 0 0 0 0 0 0 0 0 0 0 
2.39487e-05 -1.7277e-05 0 0 0 0 0 0 0 0 0 0 
2.21861e-05 -1.50866e-05 0 0 0 0 0 0 0 0 0 0 
2.0375e-05 -1.32247e-05 0 0 0 0 0 0 0 0 0 0 
1.85432e-05 -1.16465e-05 0 0 0 0 0 0 0 0 0 0 
1.67089e-05 -1.03131e-05 0 0 0 0 0 0 0 0 0 0 
1.48833e-05 -9.19144e-06 0 0 0 0 0 0 0 0 0 0 
1.30729e-05 -8.25386e-06 0 0 0 0 0 0 0 0 0 0 
1.12806e-05 -7.47734e-06 0 0 0 0 0 0 0 0 0 0 
9.50716e-06 -6.84302e-06 0 0 0 0 0 0 0 0 0 0 
7.75153e-06 -6.3357e-06 0 0 0 0 0 0 0 0 0 0 
6.0116e-06 -5.94334e-06 0 0 0 0 0 0 0 0 0 0 
4.28449e-06 -5.65676e-06 0 0 0 0 0 0 0 0 0 0 
2.56684e-06 -5.46929e-06 0 0 0 0 0 0 0 0 0 0 
1.70993e-06 -5.37662e-06 0 0 0 0 0 0 0 0 0 0 
-1.79635e-06 -4.86188e-06 0 0 0 0 0 0 0 0 0 0 
-2.69757e-06 -4.94815e-06 0 0 0 0 0 0 0 0 0 0 
-4.50608e-06 -5.12287e-06 0 0 0 0 0 0 0 0 0 0 
-6.32975e-06 -5.39046e-06 0 0 0 0 0 0 0 0 0 0 
-8.17451e-06 -5.75781e-06 0 0 0 0 0 0 0 0 0 0 
-1.00461e-05 -6.23448e-06 0 0 0 0 0 0 0 0 0 0 
-1.19499e-05 -6.83315e-06 0 0 0 0 0 0 0 0 0 0 
-1.38906e-05 -7.57008e-06 0 0 0 0 0 0 0 0 0 0 
-1.5872e-05 -8.46576e-06 0 0 0 0 0 0 0 0 0 0 
-1.78964e-05 -9.54577e-06 0 0 0 0 0 0 0 0 0 0 
-1.99633e-05 -1.08417e-05 0 0 0 0 0 0 0 0 0 0 
-2.20686e-05 -1.23926e-05 0 0 0 0 0 0 0 0 0 0 
-2.42023e-05 -1.42457e-05 0 0 0 0 0 0 0 0 0 0 
-2.63457e-05 -1.64588e-05 0 0 0 0 0 0 0 0 0 0 
-2.8467e-05 -1.91007e-05 0 0 0 0 0 0 0 0 0 0 
-3.05151e-05 -2.22528e-05 0 0 0 0 0 0 0 0 0 0 
-3.24104e-05 -2.60083e-05 0 0 0 0 0 0 0 0 0 0 
-3.40316e-05 -3.04692e-05 0 0 0 0 0 0 0 0 0 0 
-3.51967e-05 -3.57388e-05 0 0 0 0 0 0 0 0 0 0 
-3.56372e-05 -4.19041e-05 0 0 0 0 0 0 0 0 0 0 
-3.48971e-05 -4.90022e-05 0 0 0 0 0 0 0 0 0 0 
-3.22699e-05 -5.68422e-05 0 0 0 0 0 0 0 0 0 0 
-2.64547e-05 -6.48196e-05 0 0 0 0 0 0 0 0 0 0 
-1.69839e-05 -7.09732e-05 0 0 0 0 0 0 0 0 0 0 
-6.36803e-06 -7.37351e-05 0 0 0 0 0 0 0 0 0 0 
4.73809e-06 -7.44095e-05 0 0 0 0 0 0 0 0 0 0 
1.63317e-05 -7.1497e-05 0 0 0 0 0 0 0 0 0 0 
2.55114e-05 -6.52581e-05 0 0 0 0 0 0 0 0 0 0 
3.14278e-05 -5.77617e-05 0 0 0 0 0 0 0 0 0 0 
3.45542e-05 -4.98526e-05 0 0 0 0 0 0 0 0 0 0 
3.54439e-05 -4.26587e-05 0 0 0 0 0 0 0 0 0 0 
3.51002e-05 -3.63932e-05 0 0 0 0 0 0 0 0 0 0 
3.39969e-05 -3.10295e-05 0 0 0 0 0 0 0 0 0 0 
3.2414e-05 -2.64847e-05 0 0 0 0 0 0 0 0 0 0 
3.05413e-05 -2.26569e-05 0 0 0 0 0 0 0 0 0 0 
2.85056e-05 -1.94435e-05 0 0 0 0 0 0 0 0 0 0 
2.63901e-05 -1.67501e-05 0 0 0 0 0 0 0 0 0 0 
2.42484e-05 -1.44944e-05 0 0 0 0 0 0 0 0 0 0 
2.21138e-05 -1.26059e-05 0 0 0 0 0 0 0 0 0 0 
2.00061e-05 -1.10261e-05 0 0 0 0 0 0 0 0 0 0 
1.7936e-05 -9.70632e-06 0 0 0 0 0 0 0 0 0 0 
1.5908e-05 -8.60683e-06 0 0 0 0 0 0 0 0 0 0 
1.39226e-05 -7.69528e-06 0 0 0 0 0 0 0 0 0 0 
1.19777e-05 -6.94551e-06 0 0 0 0 0 0 0 0 0 0 
1.00698e-05 -6.33656e-06 0 0 0 0 0 0 0 0 0 0 
8.19395e-06 -5.8518e-06 0 0 0 0 0 0 0 0 0 0 
6.34491e-06 -5.47828e-06 0 0 0 0 0 0 0 0 0 0 
4.51692e-06 -5.20623e-06 0 0 0 0 0 0 0 0 0 0 
2.70408e-06 -5.02861e-06 0 0 0 0 0 0 0 0 0 0 
1.80069e-06 -4.94092e-06 0 0 0 0 0 0 0 0 0 0 
-1.87955e-06 -4.34145e-06 0 0 0 0 0 0 0 0 0 0 
-2.82347e-06 -4.42042e-06 0 0 0 0 0 0 0 0 0 0 
-4.71964e-06 -4.58051e-06 0 0 0 0 0 0 0 0 0 0 
-6.6367e-06 -4.82618e-06 0 0 0 0 0 0 0 0 0 0 
-8.58321e-06 -5.16433e-06 0 0 0 0 0 0 0 0 0 0 
-1.05679e-05 -5.60471e-06 0 0 0 0 0 0 0 0 0 0 
-1.25997e-05 -6.1603e-06 0 0 0 0 0 0 0 0 0 0 
-1.46875e-05 -6.84805e-06 0 0 0 0 0 0 0 0 0 0 
-1.68402e-05 -7.68967e-06 0 0 0 0 0 0 0 0 0 0 
-1.90661e-05 -8.71281e-06 0 0 0 0 0 0 0 0 0 0 
-2.13724e-05 -9.9525e-06 0 0 0 0 0 0 0 0 0 0 
-2.37641e-05 -1.14531e-05 0 0 0 0 0 0 0 0 0 0 
-2.62424e-05 -1.32706e-05 0 0 0 0 0 0 0 0 0 0 
-2.88021e-05 -1.54758e-05 0 0 0 0 0 0 0 0 0 0 
-3.1427e-05 -1.81577e-05 0 0 0 0 0 0 0 0 0 0 
-3.40835e-05 -2.14278e-05 0 0 0 0 0 0 0 0 0 0 
-3.67093e-05 -2.54246e-05 0 0 0 0 0 0 0 0 0 0 
-3.91977e-05 -3.03173e-05 0 0 0 0 0 0 0 0 0 0 
-4.13708e-05 -3.63071e-05 0 0 0 0 0 0 0 0 0 0 
-4.29402e-05 -4.36223e-05 0 0 0 0 0 0 0 0 0 0 
-4.33014e-05 -5.2501e-05 0 0 0 0 0 0 0 0 0 0 
-4.13663e-05 -6.28891e-05 0 0 0 0 0 0 0 0 0 0 
-3.46828e-05 -7.41143e-05 0 0 -0.0125 0 0 -0.0125 0 0 0 0 
-2.2128e-05 -8.2823e-05 0 0 -0.0125 0 0 -0.0125 0 0 0 0 
-8.36228e-06 -8.63173e-05 0 0 -0.0125 0 0 -0.0125 0 0 0 0 
5.98302e-06 -8.76021e-05 0 0 -0.0125 0 0 -0.0125 0 0 0 0 
2.16828e-05 -8.35878e-05 0 0 -0.0125 0 0 -0.0125 0 0 0 0 
3.35075e-05 -7.45662e-05 0 0 -0.0125 0 0 -0.0125 0 0 0 0 
4.02701e-05 -6.42334e-05 0 0 0 0 0 0 0 0 0 0 
4.30787e-05 -5.36455e-05 0 0 0 0 0 0 0 0 0 0 
4.28751e-05 -4.45761e-05 0 0 0 0 0 0 0 0 0 0 
4.13944e-05 -3.70937e-05 0 0 0 0 0 0 0 0 0 0 
3.92687e-05 -3.09638e-05 0 0 0 0 0 0 0 0 0 0 
3.68031e-05 -2.59558e-05 0 0 0 0 0 0 0 0 0 0 
3.41851e-05 -2.18653e-05 0 0 0 0 0 0 0 0 0 0 
3.15281e-05 -1.85194e-05 0 0 0 0 0 0 0 0 0 0 
2.88978e-05 -1.57766e-05 0 0 0 0 0 0 0 0 0 0 
2.63303e-05 -1.35224e-05 0 0 0 0 0 0 0 0 0 0 
2.38433e-05 -1.16655e-05 0 0 0 0 0 0 0 0 0 0 
2.14429e-05 -1.01333e-05 0 0 0 0 0 0 0 0 0 0 
1.91282e-05 -8.86819e-06 0 0 0 0 0 0 0 0 0 0 
1.68943e-05 -7.82463e-06 0 0 0 0 0 0 0 0 0 0 
1.47342e-05 -6.96663e-06 0 0 0 0 0 0 0 0 0 0 
1.26393e-05 -6.2658e-06 0 0 0 0 0 0 0 0 0 0 
1.06009e-05 -5.69986e-06 0 0 0 0 0 0 0 0 0 0 
8.60981e-06 -5.25143e-06 0 0 0 0 0 0 0 0 0 0 
6.65718e-06 -4.90717e-06 0 0 0 0 0 0 0 0 0 0 
4.73416e-06 -4.65711e-06 0 0 0 0 0 0 0 0 0 0 
2.83214e-06 -4.49418e-06 0 0 0 0 0 0 0 0 0 0 
1.88532e-06 -4.41383e-06 0 0 0 0 0 0 0 0 0 0 
-1.95427e-06 -3.73848e-06 0 0 0 0 0 0 0 0 0 0 
-2.93662e-06 -3.80779e-06 0 0 0 0 0 0 0 0 0 0 
-4.91184e-06 -3.94846e-06 0 0 0 0 0 0 0 0 0 0 
-6.91358e-06 -4.16471e-06 0 0 0 0 0 0 0 0 0 0 
-8.95304e-06 -4.46313e-06 0 0 0 0 0 0 0 0 0 0 
-1.10421e-05 -4.85308e-06 0 0 0 0 0 0 0 0 0 0 
-1.31932e-05 -5.34722e-06 0 0 0 0 0 0 0 0 0 0 
-1.542e-05 -5.96221e-06 0 0 0 0 0 0 0 0 0 0 
-1.77368e-05 -6.71981e-06 0 0 0 0 0 0 0 0 0 0 
-2.01592e-05 -7.64823e-06 0 0 0 0 0 0 0 0 0 0 
-2.27036e-05 -8.78406e-06 0 0 0 0 0 0 0 0 0 0 
-2.53867e-05 -1.01749e-05 0 0 0 0 0 0 0 0 0 0 
-2.8225e-05 -1.18828e-05 0 0 0 0 0 0 0 0 0 0 
-3.12327e-05 -1.39894e-05 0 0 0 0 0 0 0 0 0 0 
-3.4419e-05 -1.66019e-05 0 0 0 0 0 0 0 0 0 0 
-3.77821e-05 -1.98629e-05 0 0 0 0 0 0 0 0 0 0 
-4.13e-05 -2.39621e-05 0 0 0 0 0 0 0 0 0 0 
-4.4914e-05 -2.91536e-05 0 0 0 0 0 0 0 0 0 0 
-4.85017e-05 -3.57794e-05 0 0 0 0 0 0 0 0 0 0 
-5.18311e-05 -4.43026e-05 0 0 0 0 0 0 0 0 0 0 
-5.41639e-05 -5.53548e-05 0 0 0 0 0 0 0 0 0 0 
-5.38833e-05 -6.92408e-05 0 -0.0125 0 0 -0.0125 0 0 0 0 0 
-4.63886e-05 -0.00010659 0 -0.0125 -0.0125 0 -0.0125 -0.0125 0 0 0 0 
-2.91869e-05 -0.000161424 0 0 -0.0125 0 0 -0.0125 0 0 0 0 
-1.11471e-05 -0.00014447 0 0 -0.0125 0 0 -0.0125 0 0 0 0 
7.46764e-06 -0.000168125 0 0 -0.0125 0 0 -0.0125 0 0 0 0 
2.93676e-05 -0.000162556 0 0 -0.0125 0 0 -0.0125 0 0 0 0 
4.48658e-05 -0.000106905 0 0.0125 -0.0125 0 0.0125 -0.0125 0 0 0 0 
5.23484e-05 -7.12751e-05 0 0.0125 0 0 0.0125 0 0 0 0 0 
5.42115e-05 -5.69105e-05 0 0 0 0 0 0 0 0 0 0 
5.19956e-05 -4.54992e-05 0 0 0 0 0 0 0 0 0 0 
4.87125e-05 -3.67075e-05 0 0 0 0 0 0 0 0 0 0 
4.51348e-05 -2.98801e-05 0 0 0 0 0 0 0 0 0 0 
4.15125e-05 -2.45362e-05 0 0 0 0 0 0 0 0 0 0 
3.79777e-05 -2.03209e-05 0 0 0 0 0 0 0 0 0 0 
3.45943e-05 -1.69707e-05 0 0 0 0 0 0 0 0 0 0 
3.13871e-05 -1.42892e-05 0 0 0 0 0 0 0 0 0 0 
2.83594e-05 -1.2129e-05 0 0 0 0 0 0 0 0 0 0 
2.55029e-05 -1.03791e-05 0 0 0 0 0 0 0 0 0 0 
2.28035e-05 -8.95533e-06 0 0 0 0 0 0 0 0 0 0 
2.02447e-05 -7.79353e-06 0 0 0 0 0 0 0 0 0 0 
1.78095e-05 -6.84461e-06 0 0 0 0 0 0 0 0 0 0 
1.54814e-05 -6.07081e-06 0 0 0 0 0 0 0 0 0 0 
1.32445e-05 -5.44305e-06 0 0 0 0 0 0 0 0 0 0 
1.10841e-05 -4.93891e-06 0 0 0 0 0 0 0 0 0 0 
8.98664e-06 -4.54123e-06 0 0 0 0 0 0 0 0 0 0 
6.93922e-06 -4.23701e-06 0 0 0 0 0 0 0 0 0 0 
4.92991e-06 -4.01662e-06 0 0 0 0 0 0 0 0 0 0 
2.94736e-06 -3.87328e-06 0 0 0 0 0 0 0 0 0 0 
1.9614e-06 -3.80267e-06 0 0 0 0 0 0 0 0 0 0 
-2.01817e-06 -3.06278e-06 0 0 0 0 0 0 0 0 0 0 
-3.03345e-06 -3.12019e-06 0 0 0 0 0 0 0 0 0 0 
-5.07656e-06 -3.23681e-06 0 0 0 0 0 0 0 0 0 0 
-7.15136e-06 -3.41638e-06 0 0 0 0 0 0 0 0 0 0 
-9.27159e-06 -3.66475e-06 0 0 0 0 0 0 0 0 0 0 
-1.1452e-05 -3.99031e-06 0 0 0 0 0 0 0 0 0 0 
-1.37088e-05 -4.40448e-06 0 0 0 0 0 0 0 0 0 0 
-1.60601e-05 -4.92249e-06 0 0 0 0 0 0 0 0 0 0 
-1.85263e-05 -5.56449e-06 0 0 0 0 0 0 0 0 0 0 
-2.11304e-05 -6.35704e-06 0 0 0 0 0 0 0 0 0 0 
-2.3899e-05 -7.33526e-06 0 0 0 0 0 0 0 0 0 0 
-2.68629e-05 -8.54575e-06 0 0 0 0 0 0 0 0 0 0 
-3.00569e-05 -1.00509e-05 0 0 0 0 0 0 0 0 0 0 
-3.35212e-05 -1.19345e-05 0 0 0 0 0 0 0 0 0 0 
-3.73006e-05 -1.43107e-05 0 0 0 0 0 0 0 0 0 0 
-4.14436e-05 -1.73352e-05 0 0 0 0 0 0 0 0 0 0 
-4.6e-05 -2.12224e-05 0 0 0 0 0 0 0 0 0 0 
-5.1015e-05 -2.62689e-05 0 0 0 0 0 0 0 0 0 0 
-5.65197e-05 -3.28868e-05 0 0 0 0 0 0 0 0 0 0 
-6.25156e-05 -4.16496e-05 0 0 0 0 0 0 0 0 0 0 
-6.82396e-05 -5.33545e-05 0 0 0 0 0 0 0 0 0 0 
-9.26014e-05 -6.78494e-05 0 -0.0125 -0.0125 0 -0.0125 -0.0125 0 0 0 0 
-0.000126866 -0.000116902 0 -0.0125 0 0 -0.0125 0 0 0 0 0 
-6.00085e-05 -0.000110829 0 0 0 0 0 0 0 0 0 0 
-1.50639e-05 -0.000113556 0 0 0 0 0 0 0 0 0 0 
-1.21021e-05 -0.000136743 0 0 0 0 0 0 0 0 0 0 
8.29027e-05 -0.000111203 0 0 0 0 0 0 0 0 0 0 
0.000124788 -0.00010274 0 0.0125 0 0 0.0125 0 0 0 0 0 
9.02651e-05 -8.43136e-05 0 0.0125 -0.0125 0 0.0125 -0.0125 0 0 0 0 
6.88546e-05 -5.53672e-05 0 0 0 0 0 0 0 0 0 0 
6.30782e-05 -4.30728e-05 0 0 0 0 0 0 0 0 0 0 
5.70135e-05 -3.3921e-05 0 0 0 0 0 0 0 0 0 0 
5.144e-05 -2.70387e-05 0 0 0 0 0 0 0 0 0 0 
4.63622e-05 -2.18073e-05 0 0 0 0 0 0 0 0 0 0 
4.17506e-05 -1.77875e-05 0 0 0 0 0 0 0 0 0 0 
3.75598e-05 -1.46659e-05 0 0 0 0 0 0 0 0 0 0 
3.37395e-05 -1.22174e-05 0 0 0 0 0 0 0 0 0 0 
3.02404e-05 -1.02791e-05 0 0 0 0 0 0 0 0 0 0 
2.7017e-05 -8.73226e-06 0 0 0 0 0 0 0 0 0 0 
2.40285e-05 -7.48965e-06 0 0 0 0 0 0 0 0 0 0 
2.12389e-05 -6.48655e-06 0 0 0 0 0 0 0 0 0 0 
1.86171e-05 -5.67462e-06 0 0 0 0 0 0 0 0 0 0 
1.61357e-05 -5.0175e-06 0 0 0 0 0 0 0 0 0 0 
1.37712e-05 -4.48769e-06 0 0 0 0 0 0 0 0 0 0 
1.15027e-05 -4.06438e-06 0 0 0 0 0 0 0 0 0 0 
9.31171e-06 -3.73181e-06 0 0 0 0 0 0 0 0 0 0 
7.18179e-06 -3.47821e-06 0 0 0 0 0 0 0 0 0 0 
5.09789e-06 -3.29493e-06 0 0 0 0 0 0 0 0 0 0 
3.0461e-06 -3.17592e-06 0 0 0 0 0 0 0 0 0 0 
2.02655e-06 -3.11735e-06 0 0 0 0 0 0 0 0 0 0 
-2.06909e-06 -2.32663e-06 0 0 0 0 0 0 0 0 0 0 
-3.11065e-06 -2.37013e-06 0 0 0 0 0 0 0 0 0 0 
-5.20803e-06 -2.45857e-06 0 0 0 0 0 0 0 0 0 0 
-7.34152e-06 -2.59493e-06 0 0 0 0 0 0 0 0 0 0 
-9.52698e-06 -2.7839e-06 0 0 0 0 0 0 0 0 0 0 
-1.17818e-05 -3.03224e-06 0 0 0 0 0 0 0 0 0 0 
-1.41254e-05 -3.34924e-06 0 0 0 0 0 0 0 0 0 0 
-1.658e-05 -3.74741e-06 0 0 0 0 0 0 0 0 0 0 
-1.91714e-05 -4.2435e-06 0 0 0 0 0 0 0 0 0 0 
-2.193e-05 -4.85989e-06 0 0 0 0 0 0 0 0 0 0 
-2.48923e-05 -5.62669e-06 0 0 0 0 0 0 0 0 0 0 
-2.81023e-05 -6.58467e-06 0 0 0 0 0 0 0 0 0 0 
-3.16138e-05 -7.78957e-06 0 0 0 0 0 0 0 0 0 0 
-3.54926e-05 -9.31846e-06 0 0 0 0 0 0 0 0 0 0 
-3.98197e-05 -1.1279e-05 0 0 0 0 0 0 0 0 0 0 
-4.46937e-05 -1.38238e-05 0 0 0 0 0 0 0 0 0 0 
-5.02336e-05 -1.71708e-05 0 0 0 0 0 0 0 0 0 0 
-5.65785e-05 -2.16364e-05 0 0 0 0 0 0 0 0 0 0 
-6.38825e-05 -2.76841e-05 0 0 0 0 0 0 0 0 0 0 
-7.22988e-05 -3.60022e-05 0 0 0 0 0 0 0 0 0 0 
-8.03636e-05 -4.76253e-05 0 -0.0125 -0.0125 0 -0.0125 -0.0125 0 0 0 0 
-0.00011743 -0.000103655 0 -0.0125 -0.0125 0 -0.0125 -0.0125 0 0 0 0 
-8.93679e-05 -0.000111717 0 0 0 0 0 0 0 0 0 0 
-2.58411e-05 -7.05473e-05 0 0 0 0 0 0 0 0 0 0 
-3.70612e-05 -6.99106e-05 0 0 0 0 0 0 0 0 0 0 
9.8206e-06 -4.86984e-05 0 0 0 0 0 0 0 0 0 0 
6.33703e-05 -6.9574e-05 0 0 0 0 0 0 0 0 0 0 
7.1755e-05 -8.90083e-05 0 0 0 0 0 0 0 0 0 0 
9.97214e-05 -0.000127424 0 0.0125 -0.0125 0 0.0125 -0.0125 0 0 0 0 
9.54524e-05 -4.94166e-05 0 0.0125 -0.0125 0 0.0125 -0.0125 0 0 0 0 
7.34419e-05 -3.72648e-05 0 0 0 0 0 0 0 0 0 0 
6.47467e-05 -2.85981e-05 0 0 0 0 0 0 0 0 0 0 
5.72486e-05 -2.23136e-05 0 0 0 0 0 0 0 0 0 0 
5.07636e-05 -1.76825e-05 0 0 0 0 0 0 0 0 0 0 
4.5119e-05 -1.42169e-05 0 0 0 0 0 0 0 0 0 0 
4.01644e-05 -1.15855e-05 0 0 0 0 0 0 0 0 0 0 
3.5774e-05 -9.56061e-06 0 0 0 0 0 0 0 0 0 0 
3.18446e-05 -7.98338e-06 0 0 0 0 0 0 0 0 0 0 
2.82923e-05 -6.74177e-06 0 0 0 0 0 0 0 0 0 0 
2.50492e-05 -5.75571e-06 0 0 0 0 0 0 0 0 0 0 
2.20597e-05 -4.96729e-06 0 0 0 0 0 0 0 0 0 0 
1.92786e-05 -4.33419e-06 0 0 0 0 0 0 0 0 0 0 
1.66683e-05 -3.82516e-06 0 0 0 0 0 0 0 0 0 0 
1.41976e-05 -3.41696e-06 0 0 0 0 0 0 0 0 0 0 
1.184e-05 -3.09222e-06 0 0 0 0 0 0 0 0 0 0 
9.57281e-06 -2.83799e-06 0 0 0 0 0 0 0 0 0 0 
7.37611e-06 -2.64464e-06 0 0 0 0 0 0 0 0 0 0 
5.2322e-06 -2.50519e-06 0 0 0 0 0 0 0 0 0 0 
3.12494e-06 -2.41477e-06 0 0 0 0 0 0 0 0 0 0 
2.07854e-06 -2.37031e-06 0 0 0 0 0 0 0 0 0 0 
-2.10517e-06 -1.54455e-06 0 0 0 0 0 0 0 0 0 0 
-3.16539e-06 -1.57253e-06 0 0 0 0 0 0 0 0 0 0 
-5.30135e-06 -1.62945e-06 0 0 0 0 0 0 0 0 0 0 
-7.47669e-06 -1.71729e-06 0 0 0 0 0 0 0 0 0 0 
-9.70891e-06 -1.83921e-06 0 0 0 0 0 0 0 0 0 0 
-1.20174e-05 -1.99974e-06 0 0 0 0 0 0 0 0 0 0 
-1.4424e-05 -2.20518e-06 0 0 0 0 0 0 0 0 0 0 
-1.69544e-05 -2.46406e-06 0 0 0 0 0 0 0 0 0 0 
-1.96387e-05 -2.7879e-06 0 0 0 0 0 0 0 0 0 0 
-2.25136e-05 -3.19231e-06 0 0 0 0 0 0 0 0 0 0 
-2.56238e-05 -3.69849e-06 0 0 0 0 0 0 0 0 0 0 
-2.90257e-05 -4.33563e-06 0 0 0 0 0 0 0 0 0 0 
-3.27907e-05 -5.14427e-06 0 0 0 0 0 0 0 0 0 0 
-3.70107e-05 -6.18152e-06 0 0 0 0 0 0 0 0 0 0 
-4.18059e-05 -7.52891e-06 0 0 0 0 0 0 0 0 0 0 
-4.73354e-05 -9.30448e-06 0 0 0 0 0 0 0 0 0 0 
-5.38126e-05 -1.16817e-05 0 0 0 0 0 0 0 0 0 0 
-6.15283e-05 -1.4919e-05 0 0 0 0 0 0 0 0 0 0 
-7.08856e-05 -1.94077e-05 0 0 0 0 0 0 0 0 0 0 
-8.24567e-05 -2.57483e-05 0 -0.0125 0 0 -0.0125 0 0 0 0 0 
-0.000135892 -5.60324e-05 0 -0.0125 -0.0125 0 -0.0125 -0.0125 0 0 0 0 
-0.000156693 -6.3274e-05 0 0 0 0 0 0 0 0 0 0 
-9.37581e-05 -3.12556e-05 0 0 0 0 0 0 0 0 0 0 
-1.8202e-05 -6.76073e-05 0 0 0 0 0 0 0 0 0 0 
6.78497e-06 -4.47324e-05 0 0 0 0 0 0 0 0 0 0 
-1.17656e-05 -2.19283e-05 0 0 0 0 0 0 0 0 0 0 
4.25929e-05 -6.6162e-05 0 0 0 0 0 0 0 0 0 0 
6.69374e-05 -4.42748e-05 0 0 0 0 0 0 0 0 0 0 
0.000129857 -5.01586e-05 0 0 0 0 0 0 0 0 0 0 
0.000159014 -5.6637e-05 0 0.0125 -0.0125 0 0.0125 -0.0125 0 0 0 0 
8.38966e-05 -2.63429e-05 0 0.0125 0 0 0.0125 0 0 0 0 0 
7.19648e-05 -1.9926e-05 0 0 0 0 0 0 0 0 0 0 
6.23557e-05 -1.53482e-05 0 0 0 0 0 0 0 0 0 0 
5.44589e-05 -1.20288e-05 0 0 0 0 0 0 0 0 0 0 
4.78475e-05 -9.58245e-06 0 0 0 0 0 0 0 0 0 0 
4.2216e-05 -7.75101e-06 0 0 0 0 0 0 0 0 0 0 
3.73416e-05 -6.35944e-06 0 0 0 0 0 0 0 0 0 0 
3.30593e-05 -5.28764e-06 0 0 0 0 0 0 0 0 0 0 
2.92447e-05 -4.45212e-06 0 0 0 0 0 0 0 0 0 0 
2.58029e-05 -3.79413e-06 0 0 0 0 0 0 0 0 0 0 
2.26604e-05 -3.27176e-06 0 0 0 0 0 0 0 0 0 0 
1.97592e-05 -2.85481e-06 0 0 0 0 0 0 0 0 0 0 
1.7053e-05 -2.52123e-06 0 0 0 0 0 0 0 0 0 0 
1.45042e-05 -2.25483e-06 0 0 0 0 0 0 0 0 0 0 
1.20817e-05 -2.0436e-06 0 0 0 0 0 0 0 0 0 0 
9.75929e-06 -1.87867e-06 0 0 0 0 0 0 0 0 0 0 
7.51459e-06 -1.7535e-06 0 0 0 0 0 0 0 0 0 0 
5.32776e-06 -1.66336e-06 0 0 0 0 0 0 0 0 0 0 
3.18099e-06 -1.60497e-06 0 0 0 0 0 0 0 0 0 0 
2.11548e-06 -1.57628e-06 0 0 0 0 0 0 0 0 0 0 
-2.12505e-06 -7.32855e-07 0 0 0 0 0 0 0 0 0 0 
-3.19555e-06 -7.44233e-07 0 0 0 0 0 0 0 0 0 0 
-5.3528e-06 -7.67387e-07 0 0 0 0 0 0 0 0 0 0 
-7.55128e-06 -8.03139e-07 0 0 0 0 0 0 0 0 0 0 
-9.80943e-06 -8.52798e-07 0 0 0 0 0 0 0 0 0 0 
-1.21478e-05 -9.18261e-07 0 0 0 0 0 0 0 0 0 0 
-1.45897e-05 -1.00216e-06 0 0 0 0 0 0 0 0 0 0 
-1.71627e-05 -1.1081e-06 0 0 0 0 0 0 0 0 0 0 
-1.98996e-05 -1.24096e-06 0 0 0 0 0 0 0 0 0 0 
-2.28406e-05 -1.40742e-06 0 0 0 0 0 0 0 0 0 0 
-2.60356e-05 -1.61661e-06 0 0 0 0 0 0 0 0 0 0 
-2.95481e-05 -1.88121e-06 0 0 0 0 0 0 0 0 0 0 
-3.34597e-05 -2.21904e-06 0 0 0 0 0 0 0 0 0 0 
-3.78772e-05 -2.65545e-06 0 0 0 0 0 0 0 0 0 0 
-4.29426e-05 -3.2271e-06 0 0 0 0 0 0 0 0 0 0 
-4.88465e-05 -3.98783e-06 0 0 0 0 0 0 0 0 0 0 
-5.58482e-05 -5.01811e-06 0 0 0 0 0 0 0 0 0 0 
-6.43045e-05 -6.44031e-06 0 0 0 0 0 0 0 0 0 0 
-7.47117e-05 -8.44415e-06 0 0 0 0 0 0 0 0 0 0 
-0.000108924 -1.13299e-05 0 -0.0125 0 0 -0.0125 0 0 0 0 0 
-0.000117889 -3.67383e-05 0 -0.0125 0 0 -0.0125 0 0 0 0 0 
-9.26535e-05 -1.77678e-05 0 0 0 0 0 0 0 0 0 0 
-9.37012e-05 -1.8965e-05 0 0 0 0 0 0 0 0 0 0 
-3.93179e-05 -1.88961e-05 0 0 0 0 0 0 0 0 0 0 
8.61781e-06 -1.83182e-05 0 0 0 0 0 0 0 0 0 0 
-1.1609e-05 -3.79719e-05 0 0 0 0 0 0 0 0 0 0 
4.10237e-05 -1.66744e-05 0 0 0 0 0 0 0 0 0 0 
8.77584e-05 -1.83052e-05 0 0 0 0 0 0 0 0 0 0 
8.73592e-05 -1.81816e-05 0 0 0 0 0 0 0 0 0 0 
0.000119268 -3.72036e-05 0 0.0125 0 0 0.0125 0 0 0 0 0 
0.000110153 -1.17431e-05 0 0.0125 0 0 0.0125 0 0 0 0 0 
7.57414e-05 -8.78364e-06 0 0 0 0 0 0 0 0 0 0 
6.51458e-05 -6.71123e-06 0 0 0 0 0 0 0 0 0 0 
5.65294e-05 -5.23222e-06 0 0 0 0 0 0 0 0 0 0 
4.93968e-05 -4.15691e-06 0 0 0 0 0 0 0 0 0 0 
4.33874e-05 -3.3611e-06 0 0 0 0 0 0 0 0 0 0 
3.82373e-05 -2.76232e-06 0 0 0 0 0 0 0 0 0 0 
3.37519e-05 -2.30496e-06 0 0 0 0 0 0 0 0 0 0 
2.97858e-05 -1.95094e-06 0 0 0 0 0 0 0 0 0 0 
2.62295e-05 -1.67381e-06 0 0 0 0 0 0 0 0 0 0 
2.2999e-05 -1.45493e-06 0 0 0 0 0 0 0 0 0 0 
2.00291e-05 -1.28096e-06 0 0 0 0 0 0 0 0 0 0 
1.72683e-05 -1.14227e-06 0 0 0 0 0 0 0 0 0 0 
1.46752e-05 -1.03183e-06 0 0 0 0 0 0 0 0 0 0 
1.22162e-05 -9.4448e-07 0 0 0 0 0 0 0 0 0 0 
9.86291e-06 -8.76403e-07 0 0 0 0 0 0 0 0 0 0 
7.59142e-06 -8.24812e-07 0 0 0 0 0 0 0 0 0 0 
5.38073e-06 -7.877e-07 0 0 0 0 0 0 0 0 0 0 
3.21203e-06 -7.63679e-07 0 0 0 0 0 0 0 0 0 0 
2.13593e-06 -7.51879e-07 0 0 0 0 0 0 0 0 0 0 
-2.12793e-06 9.087e-08 0 0 0 0 0 0 0 0 0 0 
-3.19993e-06 9.65435e-08 0 0 0 0 0 0 0 0 0 0 
-5.36026e-06 1.08091e-07 0 0 0 0 0 0 0 0 0 0 
-7.5621e-06 1.25929e-07 0 0 0 0 0 0 0 0 0 0 
-9.82403e-06 1.50716e-07 0 0 0 0 0 0 0 0 0 0 
-1.21667e-05 1.83401e-07 0 0 0 0 0 0 0 0 0 0 
-1.46139e-05 2.25299e-07 0 0 0 0 0 0 0 0 0 0 
-1.71932e-05 2.782e-07 0 0 0 0 0 0 0 0 0 0 
-1.9938e-05 3.4453e-07 0 0 0 0 0 0 0 0 0 0 
-2.28892e-05 4.27596e-07 0 0 0 0 0 0 0 0 0 0 
-2.60976e-05 5.31961e-07 0 0 0 0 0 0 0 0 0 0 
-2.96282e-05 6.6401e-07 0 0 0 0 0 0 0 0 0 0 
-3.35649e-05 8.32855e-07 0 0 0 0 0 0 0 0 0 0 
-3.80187e-05 1.05178e-06 0 0 0 0 0 0 0 0 0 0 
-4.31383e-05 1.34058e-06 0 0 0 0 0 0 0 0 0 0 
-4.91264e-05 1.72952e-06 0 0 0 0 0 0 0 0 0 0 
-5.62651e-05 2.26591e-06 0 0 0 0 0 0 0 0 0 0 
-6.49543e-05 3.02553e-06 0 0 0 0 0 0 0 0 0 0 
-7.57752e-05 4.13229e-06 0 0 0 0 0 0 0 0 0 0 
-0.000110751 5.79273e-06 0 -0.0125 0 0 -0.0125 0 0 0 0 0 
-0.00014233 2.95106e-05 0 -0.0125 0 0 -0.0125 0 0 0 0 0 
-0.00013892 8.17327e-06 0 0 0 0 0 0 0 0 0 0 
-9.48865e-05 -1.43191e-05 0 0 0 0 0 0 0 0 0 0 
-1.75552e-05 2.92802e-05 0 0 0 0 0 0 0 0 0 0 
-1.22908e-05 6.35222e-06 0 0 0 0 0 0 0 0 0 0 
-1.01217e-05 -1.63786e-05 0 0 0 0 0 0 0 0 0 0 
6.22596e-05 2.80685e-05 0 0 0 0 0 0 0 0 0 0 
6.54302e-05 5.98187e-06 0 0 0 0 0 0 0 0 0 0 
0.000110958 -1.43924e-05 0 0 0 0 0 0 0 0 0 0 
0.000165453 2.87567e-05 0 0.0125 0 0 0.0125 0 0 0 0 0 
0.000112317 5.3877e-06 0 0.0125 0 0 0.0125 0 0 0 0 0 
7.69966e-05 3.90898e-06 0 0 0 0 0 0 0 0 0 0 
6.59071e-05 2.89657e-06 0 0 0 0 0 0 0 0 0 0 
5.70133e-05 2.18648e-06 0 0 0 0 0 0 0 0 0 0 
4.97187e-05 1.67681e-06 0 0 0 0 0 0 0 0 0 0 
4.36106e-05 1.303e-06 0 0 0 0 0 0 0 0 0 0 
3.83977e-05 1.02335e-06 0 0 0 0 0 0 0 0 0 0 
3.38706e-05 8.10389e-07 0 0 0 0 0 0 0 0 0 0 
2.98758e-05 6.45714e-07 0 0 0 0 0 0 0 0 0 0 
2.6299e-05 5.16741e-07 0 0 0 0 0 0 0 0 0 0 
2.30533e-05 4.14725e-07 0 0 0 0 0 0 0 0 0 0 
2.00719e-05 3.33483e-07 0 0 0 0 0 0 0 0 0 0 
1.73021e-05 2.68579e-07 0 0 0 0 0 0 0 0 0 0 
1.47019e-05 2.16788e-07 0 0 0 0 0 0 0 0 0 0 
1.22371e-05 1.75746e-07 0 0 0 0 0 0 0 0 0 0 
9.87896e-06 1.43709e-07 0 0 0 0 0 0 0 0 0 0 
7.60329e-06 1.194e-07 0 0 0 0 0 0 0 0 0 0 
5.38889e-06 1.01897e-07 0 0 0 0 0 0 0 0 0 0 
3.21681e-06 9.05608e-08 0 0 0 0 0 0 0 0 0 0 
2.13908e-06 8.499e-08 0 0 0 0 0 0 0 0 0 0 
-2.1137e-06 9.0854e-07 0 0 0 0 0 0 0 0 0 0 
-3.17833e-06 9.31035e-07 0 0 0 0 0 0 0 0 0 0 
-5.32341e-06 9.76807e-07 0 0 0 0 0 0 0 0 0 0 
-7.50866e-06 1.04747e-06 0 0 0 0 0 0 0 0 0 0 
-9.75196e-06 1.14559e-06 0 0 0 0 0 0 0 0 0 0 
-1.20732e-05 1.27487e-06 0 0 0 0 0 0 0 0 0 0 
-1.44949e-05 1.44041e-06 0 0 0 0 0 0 0 0 0 0 
-1.70435e-05 1.64917e-06 0 0 0 0 0 0 0 0 0 0 
-1.97502e-05 1.91053e-06 0 0 0 0 0 0 0 0 0 0 
-2.26532e-05 2.23719e-06 0 0 0 0 0 0 0 0 0 0 
-2.57992e-05 2.64647e-06 0 0 0 0 0 0 0 0 0 0 
-2.92472e-05 3.16228e-06 0 0 0 0 0 0 0 0 0 0 
-3.30719e-05 3.81793e-06 0 0 0 0 0 0 0 0 0 0 
-3.73695e-05 4.66062e-06 0 0 0 0 0 0 0 0 0 0 
-4.22649e-05 5.75814e-06 0 0 0 0 0 0 0 0 0 0 
-4.79212e-05 7.20935e-06 0 0 0 0 0 0 0 0 0 0 
-5.45522e-05 9.16065e-06 0 0 0 0 0 0 0 0 0 0 
-6.24381e-05 1.1832e-05 0 0 0 0 0 0 0 0 0 0 
-7.19445e-05 1.55585e-05 0 0 0 0 0 0 0 0 0 0 
-8.35452e-05 2.0857e-05 0 -0.0125 0 0 -0.0125 0 0 0 0 0 
-0.000115509 4.96877e-05 0 -0.0125 0.0125 0 -0.0125 0.0125 0 0 0 0 
-0.000136483 5.48422e-05 0 0 0 0 0 0 0 0 0 0 
-7.25943e-05 3.4511e-05 0 0 0 0 0 0 0 0 0 0 
-1.86466e-05 3.31605e-05 0 0 0 0 0 0 0 0 0 0 
-3.7041e-05 3.11135e-05 0 0 0 0 0 0 0 0 0 0 
1.01073e-05 2.84826e-05 0 0 0 0 0 0 0 0 0 0 
6.33842e-05 2.86168e-05 0 0 0 0 0 0 0 0 0 0 
4.52975e-05 9.0342e-06 0 0 0 0 0 0 0 0 0 0 
0.000110134 7.66812e-05 0 0 0 0 0 0 0 0 0 0 
0.000139048 5.01803e-05 0 0.0125 0.0125 0 0.0125 0.0125 0 0 0 0 
8.53051e-05 2.12207e-05 0 0.0125 0 0 0.0125 0 0 0 0 0 
7.32503e-05 1.58289e-05 0 0 0 0 0 0 0 0 0 0 
6.34233e-05 1.2033e-05 0 0 0 0 0 0 0 0 0 0 
5.53096e-05 9.31e-06 0 0 0 0 0 0 0 0 0 0 
4.85133e-05 7.3205e-06 0 0 0 0 0 0 0 0 0 0 
4.27339e-05 5.84124e-06 0 0 0 0 0 0 0 0 0 0 
3.77447e-05 4.72324e-06 0 0 0 0 0 0 0 0 0 0 
3.33743e-05 3.86563e-06 0 0 0 0 0 0 0 0 0 0 
2.94922e-05 3.1991e-06 0 0 0 0 0 0 0 0 0 0 
2.59986e-05 2.67534e-06 0 0 0 0 0 0 0 0 0 0 
2.28158e-05 2.2602e-06 0 0 0 0 0 0 0 0 0 0 
1.9883e-05 1.9292e-06 0 0 0 0 0 0 0 0 0 0 
1.71516e-05 1.6646e-06 0 0 0 0 0 0 0 0 0 0 
1.45824e-05 1.4534e-06 0 0 0 0 0 0 0 0 0 0 
1.21431e-05 1.28602e-06 0 0 0 0 0 0 0 0 0 0 
9.80657e-06 1.15536e-06 0 0 0 0 0 0 0 0 0 0 
7.54961e-06 1.05621e-06 0 0 0 0 0 0 0 0 0 0 
5.35189e-06 9.8483e-07 0 0 0 0 0 0 0 0 0 0 
3.19512e-06 9.38599e-07 0 0 0 0 0 0 0 0 0 0 
2.12479e-06 9.15879e-07 0 0 0 0 0 0 0 0 0 0 
-2.08294e-06 1.70233e-06 0 0 0 0 0 0 0 0 0 0 
-3.13166e-06 1.74076e-06 0 0 0 0 0 0 0 0 0 0 
-5.24382e-06 1.81892e-06 0 0 0 0 0 0 0 0 0 0 
-7.39332e-06 1.93948e-06 0 0 0 0 0 0 0 0 0 0 
-9.59663e-06 2.10668e-06 0 0 0 0 0 0 0 0 0 0 
-1.18719e-05 2.3266e-06 0 0 0 0 0 0 0 0 0 0 
-1.42395e-05 2.60763e-06 0 0 0 0 0 0 0 0 0 0 
-1.67231e-05 2.96107e-06 0 0 0 0 0 0 0 0 0 0 
-1.935e-05 3.40207e-06 0 0 0 0 0 0 0 0 0 0 
-2.21533e-05 3.95094e-06 0 0 0 0 0 0 0 0 0 0 
-2.51725e-05 4.63506e-06 0 0 0 0 0 0 0 0 0 0 
-2.84567e-05 5.49155e-06 0 0 0 0 0 0 0 0 0 0 
-3.20666e-05 6.57127e-06 0 0 0 0 0 0 0 0 0 0 
-3.60785e-05 7.94455e-06 0 0 0 0 0 0 0 0 0 0 
-4.05895e-05 9.70957e-06 0 0 0 0 0 0 0 0 0 0 
-4.57239e-05 1.20046e-05 0 0 0 0 0 0 0 0 0 0 
-5.16425e-05 1.50258e-05 0 0 0 0 0 0 0 0 0 0 
-5.85565e-05 1.90528e-05 0 0 0 0 0 0 0 0 0 0 
-6.67501e-05 2.44853e-05 0 0 0 0 0 0 0 0 0 0 
-7.66217e-05 3.18933e-05 0 0 0 0 0 0 0 0 0 0 
-0.000108345 4.20837e-05 0 -0.0125 0.0125 0 -0.0125 0.0125 0 0 0 0 
-0.000154097 7.45525e-05 0 -0.0125 0 0 -0.0125 0 0 0 0 0 
-0.000116568 8.84193e-05 0 0 0 0 0 0 0 0 0 0 
-2.09527e-05 1.5787e-05 0 0 0 0 0 0 0 0 0 0 
-1.69687e-05 3.65141e-05 0 0 0 0 0 0 0 0 0 0 
-1.26184e-05 3.61413e-05 0 0 0 0 0 0 0 0 0 0 
4.28112e-05 1.34815e-05 0 0 0 0 0 0 0 0 0 0 
0.000113495 5.66915e-05 0 0 0 0 0 0 0 0 0 0 
0.000152104 9.78221e-05 0 0.0125 0 0 0.0125 0 0 0 0 0 
0.000109992 4.35127e-05 0 0.0125 0.0125 0 0.0125 0.0125 0 0 0 0 
7.79652e-05 3.28734e-05 0 0 0 0 0 0 0 0 0 0 
6.78089e-05 2.51692e-05 0 0 0 0 0 0 0 0 0 0 
5.93882e-05 1.95385e-05 0 0 0 0 0 0 0 0 0 0 
5.23008e-05 1.53767e-05 0 0 0 0 0 0 0 0 0 0 
4.62499e-05 1.22625e-05 0 0 0 0 0 0 0 0 0 0 
4.10133e-05 9.90216e-06 0 0 0 0 0 0 0 0 0 0 
3.64221e-05 8.09073e-06 0 0 0 0 0 0 0 0 0 0 
3.23465e-05 6.68404e-06 0 0 0 0 0 0 0 0 0 0 
2.86855e-05 5.57997e-06 0 0 0 0 0 0 0 0 0 0 
2.53601e-05 4.70555e-06 0 0 0 0 0 0 0 0 0 0 
2.23071e-05 4.00809e-06 0 0 0 0 0 0 0 0 0 0 
1.94763e-05 3.44919e-06 0 0 0 0 0 0 0 0 0 0 
1.68263e-05 3.00061e-06 0 0 0 0 0 0 0 0 0 0 
1.43234e-05 2.6414e-06 0 0 0 0 0 0 0 0 0 0 
1.1939e-05 2.35599e-06 0 0 0 0 0 0 0 0 0 0 
9.64916e-06 2.13275e-06 0 0 0 0 0 0 0 0 0 0 
7.43276e-06 1.96311e-06 0 0 0 0 0 0 0 0 0 0 
5.27128e-06 1.84082e-06 0 0 0 0 0 0 0 0 0 0 
3.14786e-06 1.76156e-06 0 0 0 0 0 0 0 0 0 0 
2.09364e-06 1.7226e-06 0 0 0 0 0 0 0 0 0 0 
-2.03684e-06 2.45545e-06 0 0 0 0 0 0 0 0 0 0 
-3.06174e-06 2.50835e-06 0 0 0 0 0 0 0 0 0 0 
-5.12469e-06 2.61588e-06 0 0 0 0 0 0 0 0 0 0 
-7.2209e-06 2.78155e-06 0 0 0 0 0 0 0 0 0 0 
-9.36484e-06 3.0109e-06 0 0 0 0 0 0 0 0 0 0 
-1.15722e-05 3.31189e-06 0 0 0 0 0 0 0 0 0 0 
-1.38604e-05 3.69538e-06 0 0 0 0 0 0 0 0 0 0 
-1.6249e-05 4.1759e-06 0 0 0 0 0 0 0 0 0 0 
-1.87603e-05 4.77279e-06 0 0 0 0 0 0 0 0 0 0 
-2.14202e-05 5.51169e-06 0 0 0 0 0 0 0 0 0 0 
-2.42586e-05 6.42674e-06 0 0 0 0 0 0 0 0 0 0 
-2.7311e-05 7.56374e-06 0 0 0 0 0 0 0 0 0 0 
-3.06189e-05 8.98466e-06 0 0 0 0 0 0 0 0 0 0 
-3.42312e-05 1.07742e-05 0 0 0 0 0 0 0 0 0 0 
-3.82048e-05 1.30495e-05 0 0 0 0 0 0 0 0 0 0 
-4.2605e-05 1.59747e-05 0 0 0 0 0 0 0 0 0 0 
-4.7504e-05 1.97824e-05 0 0 0 0 0 0 0 0 0 0 
-5.29786e-05 2.48075e-05 0 0 0 0 0 0 0 0 0 0 
-5.9104e-05 3.15399e-05 0 0 0 0 0 0 0 0 0 0 
-6.59467e-05 4.07098e-05 0 0 0 0 0 0 0 0 0 0 
-7.28495e-05 5.34297e-05 0 -0.0125 0 0 -0.0125 0 0 0 0 0 
-9.01477e-05 9.13406e-05 0 -0.0125 0.0125 0 -0.0125 0.0125 0 0 0 0 
-0.00013136 0.000150087 0 0 0.0125 0 0 0.0125 0 0 0 0 
-7.05517e-05 0.00015816 0 0 0 0 0 0 0 0 0 0 
-1.66866e-05 0.000139259 0 0 0 0 0 0 0 0 0 0 
-1.29253e-05 0.000162665 0 0 0 0 0 0 0 0 0 0 
8.39344e-05 0.000158945 0 0 0 0 0 0 0 0 0 0 
0.000129638 0.000150281 0 0 0.0125 0 0 0.0125 0 0 0 0 
9.69553e-05 9.37355e-05 0 0.0125 0.0125 0 0.0125 0.0125 0 0 0 0 
7.40994e-05 5.51591e-05 0 0.0125 0 0 0.0125 0 0 0 0 0 
6.69617e-05 4.19484e-05 0 0 0 0 0 0 0 0 0 0 
5.99154e-05 3.24315e-05 0 0 0 0 0 0 0 0 0 0 
5.36308e-05 2.54566e-05 0 0 0 0 0 0 0 0 0 0 
4.80336e-05 2.02617e-05 0 0 0 0 0 0 0 0 0 0 
4.30387e-05 1.63339e-05 0 0 0 0 0 0 0 0 0 0 
3.85622e-05 1.33229e-05 0 0 0 0 0 0 0 0 0 0 
3.45266e-05 1.09853e-05 0 0 0 0 0 0 0 0 0 0 
3.08635e-05 9.15016e-06 0 0 0 0 0 0 0 0 0 0 
2.75137e-05 7.69542e-06 0 0 0 0 0 0 0 0 0 0 
2.44267e-05 6.53309e-06 0 0 0 0 0 0 0 0 0 0 
2.15594e-05 5.59891e-06 0 0 0 0 0 0 0 0 0 0 
1.88755e-05 4.84544e-06 0 0 0 0 0 0 0 0 0 0 
1.63438e-05 4.23739e-06 0 0 0 0 0 0 0 0 0 0 
1.39378e-05 3.74829e-06 0 0 0 0 0 0 0 0 0 0 
1.16344e-05 3.35823e-06 0 0 0 0 0 0 0 0 0 0 
9.41369e-06 3.05226e-06 0 0 0 0 0 0 0 0 0 0 
7.25768e-06 2.8192e-06 0 0 0 0 0 0 0 0 0 0 
5.15034e-06 2.65091e-06 0 0 0 0 0 0 0 0 0 0 
3.07689e-06 2.54171e-06 0 0 0 0 0 0 0 0 0 0 
2.04686e-06 2.48798e-06 0 0 0 0 0 0 0 0 0 0 
-1.97712e-06 3.15271e-06 0 0 0 0 0 0 0 0 0 0 
-2.97122e-06 3.2182e-06 0 0 0 0 0 0 0 0 0 0 
-4.97063e-06 3.35116e-06 0 0 0 0 0 0 0 0 0 0 
-6.99829e-06 3.5557e-06 0 0 0 0 0 0 0 0 0 0 
-9.06628e-06 3.83826e-06 0 0 0 0 0 0 0 0 0 0 
-1.11874e-05 4.20799e-06 0 0 0 0 0 0 0 0 0 0 
-1.33755e-05 4.67728e-06 0 0 0 0 0 0 0 0 0 0 
-1.56457e-05 5.26258e-06 0 0 0 0 0 0 0 0 0 0 
-1.80142e-05 5.98541e-06 0 0 0 0 0 0 0 0 0 0 
-2.04993e-05 6.87391e-06 0 0 0 0 0 0 0 0 0 0 
-2.31205e-05 7.96484e-06 0 0 0 0 0 0 0 0 0 0 
-2.58988e-05 9.30642e-06 0 0 0 0 0 0 0 0 0 0 
-2.88561e-05 1.09623e-05 0 0 0 0 0 0 0 0 0 0 
-3.20136e-05 1.30169e-05 0 0 0 0 0 0 0 0 0 0 
-3.5389e-05 1.55833e-05 0 0 0 0 0 0 0 0 0 0 
-3.89911e-05 1.88134e-05 0 0 0 0 0 0 0 0 0 0 
-4.28097e-05 2.29136e-05 0 0 0 0 0 0 0 0 0 0 
-4.6799e-05 2.81657e-05 0 0 0 0 0 0 0 0 0 0 
-5.08479e-05 3.49573e-05 0 0 0 0 0 0 0 0 0 0 
-5.47319e-05 4.38271e-05 0 0 0 0 0 0 0 0 0 0 
-5.77142e-05 5.55326e-05 0 0 0 0 0 0 0 0 0 0 
-5.74397e-05 7.05914e-05 0 0 0.0125 0 0 0.0125 0 0 0 0 
-4.97484e-05 0.000101568 0 -0.0125 0.0125 0 -0.0125 0.0125 0 0 0 0 
-3.17803e-05 0.000164738 0 -0.0125 0.0125 0 -0.0125 0.0125 0 0 0 0 
-1.24638e-05 0.000148048 0 0 0.0125 0 0 0.0125 0 0 0 0 
7.06794e-06 0.000172054 0 0 0.0125 0 0 0.0125 0 0 0 0 
3.04273e-05 0.000166783 0 0.0125 0.0125 0 0.0125 0.0125 0 0 0 0 
4.82847e-05 0.00011075 0 0.0125 0.0125 0 0.0125 0.0125 0 0 0 0 
5.69822e-05 7.31018e-05 0 0 0.0125 0 0 0.0125 0 0 0 0 
5.82051e-05 5.73416e-05 0 0 0 0 0 0 0 0 0 0 
5.52376e-05 4.51379e-05 0 0 0 0 0 0 0 0 0 0 
5.13171e-05 3.59192e-05 0 0 0 0 0 0 0 0 0 0 
4.72184e-05 2.88823e-05 0 0 0 0 0 0 0 0 0 0 
4.31781e-05 2.34557e-05 0 0 0 0 0 0 0 0 0 0 
3.93111e-05 1.92295e-05 0 0 0 0 0 0 0 0 0 0 
3.56647e-05 1.5907e-05 0 0 0 0 0 0 0 0 0 0 
3.22494e-05 1.3272e-05 0 0 0 0 0 0 0 0 0 0 
2.90566e-05 1.11659e-05 0 0 0 0 0 0 0 0 0 0 
2.60685e-05 9.47106e-06 0 0 0 0 0 0 0 0 0 0 
2.32635e-05 8.09968e-06 0 0 0 0 0 0 0 0 0 0 
2.06195e-05 6.98584e-06 0 0 0 0 0 0 0 0 0 0 
1.81147e-05 6.07961e-06 0 0 0 0 0 0 0 0 0 0 
1.57292e-05 5.34301e-06 0 0 0 0 0 0 0 0 0 0 
1.34442e-05 4.74702e-06 0 0 0 0 0 0 0 0 0 0 
1.1243e-05 4.26945e-06 0 0 0 0 0 0 0 0 0 0 
9.11012e-06 3.8934e-06 0 0 0 0 0 0 0 0 0 0 
7.03142e-06 3.60611e-06 0 0 0 0 0 0 0 0 0 0 
4.99379e-06 3.39821e-06 0 0 0 0 0 0 0 0 0 0 
2.98492e-06 3.2631e-06 0 0 0 0 0 0 0 0 0 0 
1.98619e-06 3.19656e-06 0 0 0 0 0 0 0 0 0 0 
-1.90587e-06 3.78112e-06 0 0 0 0 0 0 0 0 0 0 
-2.8633e-06 3.85698e-06 0 0 0 0 0 0 0 0 0 0 
-4.78719e-06 4.01084e-06 0 0 0 0 0 0 0 0 0 0 
-6.7338e-06 4.24714e-06 0 0 0 0 0 0 0 0 0 0 
-8.71255e-06 4.57275e-06 0 0 0 0 0 0 0 0 0 0 
-1.07332e-05 4.99738e-06 0 0 0 0 0 0 0 0 0 0 
-1.28058e-05 5.53408e-06 0 0 0 0 0 0 0 0 0 0 
-1.49409e-05 6.19989e-06 0 0 0 0 0 0 0 0 0 0 
-1.7149e-05 7.01681e-06 0 0 0 0 0 0 0 0 0 0 
-1.94407e-05 8.013e-06 0 0 0 0 0 0 0 0 0 0 
-2.18261e-05 9.22445e-06 0 0 0 0 0 0 0 0 0 0 
-2.43135e-05 1.06971e-05 0 0 0 0 0 0 0 0 0 0 
-2.69084e-05 1.24896e-05 0 0 0 0 0 0 0 0 0 0 
-2.96102e-05 1.46769e-05 0 0 0 0 0 0 0 0 0 0 
-3.24083e-05 1.73545e-05 0 0 0 0 0 0 0 0 0 0 
-3.52746e-05 2.06438e-05 0 0 0 0 0 0 0 0 0 0 
-3.81518e-05 2.46981e-05 0 0 0 0 0 0 0 0 0 0 
-4.0935e-05 2.9708e-05 0 0 0 0 0 0 0 0 0 0 
-4.34426e-05 3.59057e-05 0 0 0 0 0 0 0 0 0 0 
-4.53714e-05 4.35628e-05 0 0 0 0 0 0 0 0 0 0 
-4.60852e-05 5.29764e-05 0 0 0 0 0 0 0 0 0 0 
-4.41118e-05 6.41737e-05 0 0 0 0 0 0 0 0 0 0 
-3.72137e-05 7.60072e-05 0 0 0 0 0 0 0 0 0 0 
-2.40717e-05 8.55445e-05 0 0 0.0125 0 0 0.0125 0 0 0 0 
-9.37069e-06 8.93465e-05 0 0 0.0125 0 0 0.0125 0 0 0 0 
5.80899e-06 9.08832e-05 0 0 0.0125 0 0 0.0125 0 0 0 0 
2.26304e-05 8.69565e-05 0 0 0.0125 0 0 0.0125 0 0 0 0 
3.5957e-05 7.75762e-05 0 0 0 0 0 0 0 0 0 0 
4.35472e-05 6.59672e-05 0 0 0 0 0 0 0 0 0 0 
4.61355e-05 5.43953e-05 0 0 0 0 0 0 0 0 0 0 
4.55393e-05 4.46727e-05 0 0 0 0 0 0 0 0 0 0 
4.36598e-05 3.67737e-05 0 0 0 0 0 0 0 0 0 0 
4.11674e-05 3.03899e-05 0 0 0 0 0 0 0 0 0 0 
3.83808e-05 2.52371e-05 0 0 0 0 0 0 0 0 0 0 
3.549e-05 2.10729e-05 0 0 0 0 0 0 0 0 0 0 
3.26048e-05 1.76987e-05 0 0 0 0 0 0 0 0 0 0 
2.97856e-05 1.49552e-05 0 0 0 0 0 0 0 0 0 0 
2.70625e-05 1.27166e-05 0 0 0 0 0 0 0 0 0 0 
2.44475e-05 1.0884e-05 0 0 0 0 0 0 0 0 0 0 
2.19414e-05 9.37989e-06 0 0 0 0 0 0 0 0 0 0 
1.95393e-05 8.14373e-06 0 0 0 0 0 0 0 0 0 0 
1.72326e-05 7.12807e-06 0 0 0 0 0 0 0 0 0 0 
1.50112e-05 6.2958e-06 0 0 0 0 0 0 0 0 0 0 
1.28642e-05 5.61791e-06 0 0 0 0 0 0 0 0 0 0 
1.07808e-05 5.07176e-06 0 0 0 0 0 0 0 0 0 0 
8.75035e-06 4.63983e-06 0 0 0 0 0 0 0 0 0 0 
6.7625e-06 4.30875e-06 0 0 0 0 0 0 0 0 0 0 
4.80733e-06 4.06854e-06 0 0 0 0 0 0 0 0 0 0 
2.87524e-06 3.91215e-06 0 0 0 0 0 0 0 0 0 0 
1.91378e-06 3.83506e-06 0 0 0 0 0 0 0 0 0 0 
-1.8254e-06 4.33007e-06 0 0 0 0 0 0 0 0 0 0 
-2.7415e-06 4.41396e-06 0 0 0 0 0 0 0 0 0 0 
-4.58047e-06 4.58393e-06 0 0 0 0 0 0 0 0 0 0 
-6.43639e-06 4.84446e-06 0 0 0 0 0 0 0 0 0 0 
-8.31604e-06 5.20252e-06 0 0 0 0 0 0 0 0 0 0 
-1.02261e-05 5.66782e-06 0 0 0 0 0 0 0 0 0 0 
-1.2173e-05 6.25326e-06 0 0 0 0 0 0 0 0 0 0 
-1.41629e-05 6.97549e-06 0 0 0 0 0 0 0 0 0 0 
-1.62011e-05 7.85563e-06 0 0 0 0 0 0 0 0 0 0 
-1.82917e-05 8.92016e-06 0 0 0 0 0 0 0 0 0 0 
-2.04364e-05 1.02021e-05 0 0 0 0 0 0 0 0 0 0 
-2.26336e-05 1.17425e-05 0 0 0 0 0 0 0 0 0 0 
-2.48763e-05 1.35919e-05 0 0 0 0 0 0 0 0 0 0 
-2.71488e-05 1.58123e-05 0 0 0 0 0 0 0 0 0 0 
-2.94221e-05 1.84789e-05 0 0 0 0 0 0 0 0 0 0 
-3.16475e-05 2.1682e-05 0 0 0 0 0 0 0 0 0 0 
-3.37455e-05 2.55267e-05 0 0 0 0 0 0 0 0 0 0 
-3.55913e-05 3.01309e-05 0 0 0 0 0 0 0 0 0 0 
-3.69931e-05 3.5618e-05 0 0 0 0 0 0 0 0 0 0 
-3.76612e-05 4.20983e-05 0 0 0 0 0 0 0 0 0 0 
-3.71033e-05 4.96343e-05 0 0 0 0 0 0 0 0 0 0 
-3.44089e-05 5.80587e-05 0 0 0 0 0 0 0 0 0 0 
-2.83777e-05 6.65186e-05 0 0 0 0 0 0 0 0 0 0 
-1.8441e-05 7.3246e-05 0 0 0 0 0 0 0 0 0 0 
-7.12505e-06 7.62786e-05 0 0 0 0 0 0 0 0 0 0 
4.67796e-06 7.71241e-05 0 0 0 0 0 0 0 0 0 0 
1.71203e-05 7.42082e-05 0 0 0 0 0 0 0 0 0 0 
2.72954e-05 6.76593e-05 0 0 0 0 0 0 0 0 0 0 
3.38013e-05 5.93436e-05 0 0 0 0 0 0 0 0 0 0 
3.69106e-05 5.07327e-05 0 0 0 0 0 0 0 0 0 0 
3.76159e-05 4.30147e-05 0 0 0 0 0 0 0 0 0 0 
3.70343e-05 3.63746e-05 0 0 0 0 0 0 0 0 0 0 
3.56818e-05 3.0753e-05 0 0 0 0 0 0 0 0 0 0 
3.38611e-05 2.60376e-05 0 0 0 0 0 0 0 0 0 0 
3.17727e-05 2.21021e-05 0 0 0 0 0 0 0 0 0 0 
2.9547e-05 1.88253e-05 0 0 0 0 0 0 0 0 0 0 
2.72673e-05 1.6099e-05 0 0 0 0 0 0 0 0 0 0 
2.49854e-05 1.38305e-05 0 0 0 0 0 0 0 0 0 0 
2.27318e-05 1.19425e-05 0 0 0 0 0 0 0 0 0 0 
2.05233e-05 1.0371e-05 0 0 0 0 0 0 0 0 0 0 
1.83677e-05 9.06406e-06 0 0 0 0 0 0 0 0 0 0 
1.62668e-05 7.97949e-06 0 0 0 0 0 0 0 0 0 0 
1.4219e-05 7.0833e-06 0 0 0 0 0 0 0 0 0 0 
1.22202e-05 6.34827e-06 0 0 0 0 0 0 0 0 0 0 
1.02649e-05 5.7527e-06 0 0 0 0 0 0 0 0 0 0 
8.34711e-06 5.27952e-06 0 0 0 0 0 0 0 0 0 0 
6.46013e-06 4.9155e-06 0 0 0 0 0 0 0 0 0 0 
4.59719e-06 4.65068e-06 0 0 0 0 0 0 0 0 0 0 
2.75144e-06 4.47794e-06 0 0 0 0 0 0 0 0 0 0 
1.83201e-06 4.39269e-06 0 0 0 0 0 0 0 0 0 0 
-1.7381e-06 4.79151e-06 0 0 0 0 0 0 0 0 0 0 
-2.60944e-06 4.88108e-06 0 0 0 0 0 0 0 0 0 0 
-4.35668e-06 5.06234e-06 0 0 0 0 0 0 0 0 0 0 
-6.1152e-06 5.33966e-06 0 0 0 0 0 0 0 0 0 0 
-7.8892e-06 5.71972e-06 0 0 0 0 0 0 0 0 0 0 
-9.68246e-06 6.21182e-06 0 0 0 0 0 0 0 0 0 0 
-1.14982e-05 6.82815e-06 0 0 0 0 0 0 0 0 0 0 
-1.33385e-05 7.5842e-06 0 0 0 0 0 0 0 0 0 0 
-1.52043e-05 8.49928e-06 0 0 0 0 0 0 0 0 0 0 
-1.70942e-05 9.59711e-06 0 0 0 0 0 0 0 0 0 0 
-1.90037e-05 1.09065e-05 0 0 0 0 0 0 0 0 0 0 
-2.09238e-05 1.24622e-05 0 0 0 0 0 0 0 0 0 0 
-2.28386e-05 1.43055e-05 0 0 0 0 0 0 0 0 0 0 
-2.47232e-05 1.64849e-05 0 0 0 0 0 0 0 0 0 0 
-2.65386e-05 1.9056e-05 0 0 0 0 0 0 0 0 0 0 
-2.82268e-05 2.20813e-05 0 0 0 0 0 0 0 0 0 0 
-2.97028e-05 2.5627e-05 0 0 0 0 0 0 0 0 0 0 
-3.08437e-05 2.97574e-05 0 0 0 0 0 0 0 0 0 0 
-3.14753e-05 3.4524e-05 0 0 0 0 0 0 0 0 0 0 
-3.13551e-05 3.99452e-05 0 0 0 0 0 0 0 0 0 0 
-3.01247e-05 4.59723e-05 0 0 0 0 0 0 0 0 0 0 
-2.72275e-05 5.23817e-05 0 0 0 0 0 0 0 0 0 0 
-2.20264e-05 5.85497e-05 0 0 0 0 0 0 0 0 0 0 
-1.43117e-05 6.33825e-05 0 0 0 0 0 0 0 0 0 0 
-5.49264e-06 6.57313e-05 0 0 0 0 0 0 0 0 0 0 
3.73866e-06 6.62099e-05 0 0 0 0 0 0 0 0 0 0 
1.31657e-05 6.40405e-05 0 0 0 0 0 0 0 0 0 0 
2.10923e-05 5.93733e-05 0 0 0 0 0 0 0 0 0 0 
2.66206e-05 5.33131e-05 0 0 0 0 0 0 0 0 0 0 
2.98067e-05 4.68221e-05 0 0 0 0 0 0 0 0 0 0 
3.11812e-05 4.06942e-05 0 0 0 0 0 0 0 0 0 0 
3.13981e-05 3.51715e-05 0 0 0 0 0 0 0 0 0 0 
3.08304e-05 3.03109e-05 0 0 0 0 0 0 0 0 0 0 
2.97299e-05 2.6097e-05 0 0 0 0 0 0 0 0 0 0 
2.82776e-05 2.2479e-05 0 0 0 0 0 0 0 0 0 0 
2.66016e-05 1.93921e-05 0 0 0 0 0 0 0 0 0 0 
2.47908e-05 1.67691e-05 0 0 0 0 0 0 0 0 0 0 
2.2906e-05 1.45466e-05 0 0 0 0 0 0 0 0 0 0 
2.09879e-05 1.26677e-05 0 0 0 0 0 0 0 0 0 0 
1.9063e-05 1.10826e-05 0 0 0 0 0 0 0 0 0 0 
1.71478e-05 9.74907e-06 0 0 0 0 0 0 0 0 0 0 
1.52519e-05 8.63154e-06 0 0 0 0 0 0 0 0 0 0 
1.338e-05 7.70044e-06 0 0 0 0 0 0 0 0 0 0 
1.15336e-05 6.93143e-06 0 0 0 0 0 0 0 0 0 0 
9.71208e-06 6.30474e-06 0 0 0 0 0 0 0 0 0 0 
7.91315e-06 5.8045e-06 0 0 0 0 0 0 0 0 0 0 
6.13366e-06 5.41824e-06 0 0 0 0 0 0 0 0 0 0 
4.36976e-06 5.13644e-06 0 0 0 0 0 0 0 0 0 0 
2.61725e-06 4.95227e-06 0 0 0 0 0 0 0 0 0 0 
1.74329e-06 4.86127e-06 0 0 0 0 0 0 0 0 0 0 
-1.64627e-06 5.15992e-06 0 0 0 0 0 0 0 0 0 0 
-2.47067e-06 5.2529e-06 0 0 0 0 0 0 0 0 0 0 
-4.12189e-06 5.44086e-06 0 0 0 0 0 0 0 0 0 0 
-5.77902e-06 5.72786e-06 0 0 0 0 0 0 0 0 0 0 
-7.44387e-06 6.12011e-06 0 0 0 0 0 0 0 0 0 0 
-9.11766e-06 6.62615e-06 0 0 0 0 0 0 0 0 0 0 
-1.08006e-05 7.25706e-06 0 0 0 0 0 0 0 0 0 0 
-1.24918e-05 8.02668e-06 0 0 0 0 0 0 0 0 0 0 
-1.41882e-05 8.95198e-06 0 0 0 0 0 0 0 0 0 0 
-1.58844e-05 1.00533e-05 0 0 0 0 0 0 0 0 0 0 
-1.75713e-05 1.13548e-05 0 0 0 0 0 0 0 0 0 0 
-1.92346e-05 1.28845e-05 0 0 0 0 0 0 0 0 0 0 
-2.08537e-05 1.46746e-05 0 0 0 0 0 0 0 0 0 0 
-2.23982e-05 1.67609e-05 0 0 0 0 0 0 0 0 0 0 
-2.38256e-05 1.91821e-05 0 0 0 0 0 0 0 0 0 0 
-2.50765e-05 2.19778e-05 0 0 0 0 0 0 0 0 0 0 
-2.60694e-05 2.51849e-05 0 0 0 0 0 0 0 0 0 0 
-2.66943e-05 2.88305e-05 0 0 0 0 0 0 0 0 0 0 
-2.68052e-05 3.29218e-05 0 0 0 0 0 0 0 0 0 0 
-2.62129e-05 3.74282e-05 0 0 0 0 0 0 0 0 0 0 
-2.46669e-05 4.22555e-05 0 0 0 0 0 0 0 0 0 0 
-2.18314e-05 4.71846e-05 0 0 0 0 0 0 0 0 0 0 
-1.73768e-05 5.17626e-05 0 0 0 0 0 0 0 0 0 0 
-1.12595e-05 5.52963e-05 0 0 0 0 0 0 0 0 0 0 
-4.29773e-06 5.70942e-05 0 0 0 0 0 0 0 0 0 0 
2.98721e-06 5.73748e-05 0 0 0 0 0 0 0 0 0 0 
1.02837e-05 5.5752e-05 0 0 0 0 0 0 0 0 0 0 
1.6568e-05 5.23605e-05 0 0 0 0 0 0 0 0 0 0 
2.12502e-05 4.78704e-05 0 0 0 0 0 0 0 0 0 0 
2.42916e-05 4.29164e-05 0 0 0 0 0 0 0 0 0 0 
2.59653e-05 3.8038e-05 0 0 0 0 0 0 0 0 0 0 
2.66511e-05 3.34701e-05 0 0 0 0 0 0 0 0 0 0 
2.66073e-05 2.93153e-05 0 0 0 0 0 0 0 0 0 0 
2.60292e-05 2.56086e-05 0 0 0 0 0 0 0 0 0 0 
2.50677e-05 2.23455e-05 0 0 0 0 0 0 0 0 0 0 
2.38371e-05 1.94998e-05 0 0 0 0 0 0 0 0 0 0 
2.24219e-05 1.7035e-05 0 0 0 0 0 0 0 0 0 0 
2.08839e-05 1.49113e-05 0 0 0 0 0 0 0 0 0 0 
1.92677e-05 1.30894e-05 0 0 0 0 0 0 0 0 0 0 
1.76047e-05 1.15328e-05 0 0 0 0 0 0 0 0 0 0 
1.59166e-05 1.02089e-05 0 0 0 0 0 0 0 0 0 0 
1.42182e-05 9.08885e-06 0 0 0 0 0 0 0 0 0 0 
1.25189e-05 8.14811e-06 0 0 0 0 0 0 0 0 0 0 
1.08245e-05 7.36583e-06 0 0 0 0 0 0 0 0 0 0 
9.138e-06 6.7247e-06 0 0 0 0 0 0 0 0 0 0 
7.4606e-06 6.21055e-06 0 0 0 0 0 0 0 0 0 0 
5.79207e-06 5.81207e-06 0 0 0 0 0 0 0 0 0 0 
4.13123e-06 5.52055e-06 0 0 0 0 0 0 0 0 0 0 
2.47627e-06 5.32965e-06 0 0 0 0 0 0 0 0 0 0 
1.65001e-06 5.23522e-06 0 0 0 0 0 0 0 0 0 0 
-1.55214e-06 5.43214e-06 0 0 0 0 0 0 0 0 0 0 
-2.3285e-06 5.52644e-06 0 0 0 0 0 0 0 0 0 0 
-3.88172e-06 5.71686e-06 0 0 0 0 0 0 0 0 0 0 
-5.43595e-06 6.00706e-06 0 0 0 0 0 0 0 0 0 0 
-6.9909e-06 6.40261e-06 0 0 0 0 0 0 0 0 0 0 
-8.54551e-06 6.9111e-06 0 0 0 0 0 0 0 0 0 0 
-1.00976e-05 7.54225e-06 0 0 0 0 0 0 0 0 0 0 
-1.16436e-05 8.30802e-06 0 0 0 0 0 0 0 0 0 0 
-1.31777e-05 9.22278e-06 0 0 0 0 0 0 0 0 0 0 
-1.46914e-05 1.03034e-05 0 0 0 0 0 0 0 0 0 0 
-1.61725e-05 1.15691e-05 0 0 0 0 0 0 0 0 0 0 
-1.7604e-05 1.30418e-05 0 0 0 0 0 0 0 0 0 0 
-1.89623e-05 1.47452e-05 0 0 0 0 0 0 0 0 0 0 
-2.02157e-05 1.67043e-05 0 0 0 0 0 0 0 0 0 0 
-2.13216e-05 1.89438e-05 0 0 0 0 0 0 0 0 0 0 
-2.2224e-05 2.14861e-05 0 0 0 0 0 0 0 0 0 0 
-2.28501e-05 2.43467e-05 0 0 0 0 0 0 0 0 0 0 
-2.31068e-05 2.75287e-05 0 0 0 0 0 0 0 0 0 0 
-2.28777e-05 3.10136e-05 0 0 0 0 0 0 0 0 0 0 
-2.20214e-05 3.4748e-05 0 0 0 0 0 0 0 0 0 0 
-2.03683e-05 3.86263e-05 0 0 0 0 0 0 0 0 0 0 
-1.77203e-05 4.24561e-05 0 0 0 0 0 0 0 0 0 0 
-1.39147e-05 4.59097e-05 0 0 0 0 0 0 0 0 0 0 
-8.98015e-06 4.85371e-05 0 0 0 0 0 0 0 0 0 0 
-3.41407e-06 4.99107e-05 0 0 0 0 0 0 0 0 0 0 
2.39643e-06 5.00821e-05 0 0 0 0 0 0 0 0 0 0 
8.15135e-06 4.88584e-05 0 0 0 0 0 0 0 0 0 0 
1.32107e-05 4.63488e-05 0 0 0 0 0 0 0 0 0 0 
1.71764e-05 4.29694e-05 0 0 0 0 0 0 0 0 0 0 
1.99743e-05 3.91438e-05 0 0 0 0 0 0 0 0 0 0 
2.17349e-05 3.52445e-05 0 0 0 0 0 0 0 0 0 0 
2.26754e-05 3.14751e-05 0 0 0 0 0 0 0 0 0 0 
2.29689e-05 2.79487e-05 0 0 0 0 0 0 0 0 0 0 
2.27601e-05 2.47232e-05 0 0 0 0 0 0 0 0 0 0 
2.21688e-05 2.18203e-05 0 0 0 0 0 0 0 0 0 0 
2.12911e-05 1.92386e-05 0 0 0 0 0 0 0 0 0 0 
2.02023e-05 1.69633e-05 0 0 0 0 0 0 0 0 0 0 
1.89604e-05 1.49725e-05 0 0 0 0 0 0 0 0 0 0 
1.76095e-05 1.32415e-05 0 0 0 0 0 0 0 0 0 0 
1.61825e-05 1.17449e-05 0 0 0 0 0 0 0 0 0 0 
1.47038e-05 1.04588e-05 0 0 0 0 0 0 0 0 0 0 
1.31911e-05 9.36097e-06 0 0 0 0 0 0 0 0 0 0 
1.1657e-05 8.43174e-06 0 0 0 0 0 0 0 0 0 0 
1.01102e-05 7.65396e-06 0 0 0 0 0 0 0 0 0 0 
8.55679e-06 7.013e-06 0 0 0 0 0 0 0 0 0 0 
7.00052e-06 6.49666e-06 0 0 0 0 0 0 0 0 0 0 
5.44366e-06 6.09503e-06 0 0 0 0 0 0 0 0 0 0 
3.88734e-06 5.8004e-06 0 0 0 0 0 0 0 0 0 0 
2.33191e-06 5.60708e-06 0 0 0 0 0 0 0 0 0 0 
1.55442e-06 5.51135e-06 0 0 0 0 0 0 0 0 0 0 
-1.45767e-06 5.6072e-06 0 0 0 0 0 0 0 0 0 0 
-2.18595e-06 5.70095e-06 0 0 0 0 0 0 0 0 0 0 
-3.64127e-06 5.89005e-06 0 0 0 0 0 0 0 0 0 0 
-5.09327e-06 6.17771e-06 0 0 0 0 0 0 0 0 0 0 
-6.53983e-06 6.56879e-06 0 0 0 0 0 0 0 0 0 0 
-7.97802e-06 7.0698e-06 0 0 0 0 0 0 0 0 0 0 
-9.40373e-06 7.68902e-06 0 0 0 0 0 0 0 0 0 0 
-1.08113e-05 8.43646e-06 0 0 0 0 0 0 0 0 0 0 
-1.21929e-05 9.32386e-06 0 0 0 0 0 0 0 0 0 0 
-1.35381e-05 1.03647e-05 0 0 0 0 0 0 0 0 0 0 
-1.48328e-05 1.15738e-05 0 0 0 0 0 0 0 0 0 0 
-1.60586e-05 1.29673e-05 0 0 0 0 0 0 0 0 0 0 
-1.71912e-05 1.45618e-05 0 0 0 0 0 0 0 0 0 0 
-1.81996e-05 1.63734e-05 0 0 0 0 0 0 0 0 0 0 
-1.90438e-05 1.84162e-05 0 0 0 0 0 0 0 0 0 0 
-1.96737e-05 2.06994e-05 0 0 0 0 0 0 0 0 0 0 
-2.00268e-05 2.32247e-05 0 0 0 0 0 0 0 0 0 0 
-2.00274e-05 2.59803e-05 0 0 0 0 0 0 0 0 0 0 
-1.95859e-05 2.89344e-05 0 0 0 0 0 0 0 0 0 0 
-1.86002e-05 3.20261e-05 0 0 0 0 0 0 0 0 0 0 
-1.69588e-05 3.51541e-05 0 0 0 0 0 0 0 0 0 0 
-1.4548e-05 3.8159e-05 0 0 0 0 0 0 0 0 0 0 
-1.12959e-05 4.08027e-05 0 0 0 0 0 0 0 0 0 0 
-7.25848e-06 4.2787e-05 0 0 0 0 0 0 0 0 0 0 
-2.75269e-06 4.38402e-05 0 0 0 0 0 0 0 0 0 0 
1.93493e-06 4.39496e-05 0 0 0 0 0 0 0 0 0 0 
6.55035e-06 4.30182e-05 0 0 0 0 0 0 0 0 0 0 
1.0679e-05 4.11298e-05 0 0 0 0 0 0 0 0 0 0 
1.40452e-05 3.85492e-05 0 0 0 0 0 0 0 0 0 0 
1.65667e-05 3.55626e-05 0 0 0 0 0 0 0 0 0 0 
1.82966e-05 3.2431e-05 0 0 0 0 0 0 0 0 0 0 
1.93552e-05 2.93215e-05 0 0 0 0 0 0 0 0 0 0 
1.98554e-05 2.63415e-05 0 0 0 0 0 0 0 0 0 0 
1.99008e-05 2.3556e-05 0 0 0 0 0 0 0 0 0 0 
1.95831e-05 2.09995e-05 0 0 0 0 0 0 0 0 0 0 
1.89801e-05 1.86857e-05 0 0 0 0 0 0 0 0 0 0 
1.81558e-05 1.66143e-05 0 0 0 0 0 0 0 0 0 0 
1.71621e-05 1.47764e-05 0 0 0 0 0 0 0 0 0 0 
1.60401e-05 1.31584e-05 0 0 0 0 0 0 0 0 0 0 
1.4822e-05 1.17442e-05 0 0 0 0 0 0 0 0 0 0 
1.35326e-05 1.0517e-05 0 0 0 0 0 0 0 0 0 0 
1.21911e-05 9.46059e-06 0 0 0 0 0 0 0 0 0 0 
1.08119e-05 8.55994e-06 0 0 0 0 0 0 0 0 0 0 
9.40573e-06 7.80137e-06 0 0 0 0 0 0 0 0 0 0 
7.98069e-06 7.17294e-06 0 0 0 0 0 0 0 0 0 0 
6.54264e-06 6.6645e-06 0 0 0 0 0 0 0 0 0 0 
5.09581e-06 6.26765e-06 0 0 0 0 0 0 0 0 0 0 
3.64328e-06 5.97574e-06 0 0 0 0 0 0 0 0 0 0 
2.18722e-06 5.78386e-06 0 0 0 0 0 0 0 0 0 0 
1.45854e-06 5.68872e-06 0 0 0 0 0 0 0 0 0 0 
-1.36463e-06 5.68602e-06 0 0 0 0 0 0 0 0 0 0 
-2.04564e-06 5.7776e-06 0 0 0 0 0 0 0 0 0 0 
-3.40496e-06 5.96212e-06 0 0 0 0 0 0 0 0 0 0 
-4.75722e-06 6.24233e-06 0 0 0 0 0 0 0 0 0 0 
-6.09881e-06 6.62232e-06 0 0 0 0 0 0 0 0 0 0 
-7.42527e-06 7.10755e-06 0 0 0 0 0 0 0 0 0 0 
-8.73098e-06 7.70486e-06 0 0 0 0 0 0 0 0 0 0 
-1.00088e-05 8.42233e-06 0 0 0 0 0 0 0 0 0 0 
-1.12495e-05 9.26926e-06 0 0 0 0 0 0 0 0 0 0 
-1.24415e-05 1.0256e-05 0 0 0 0 0 0 0 0 0 0 
-1.35699e-05 1.13935e-05 0 0 0 0 0 0 0 0 0 0 
-1.4616e-05 1.2693e-05 0 0 0 0 0 0 0 0 0 0 
-1.55562e-05 1.41653e-05 0 0 0 0 0 0 0 0 0 0 
-1.63614e-05 1.58195e-05 0 0 0 0 0 0 0 0 0 0 
-1.69956e-05 1.76615e-05 0 0 0 0 0 0 0 0 0 0 
-1.74155e-05 1.96922e-05 0 0 0 0 0 0 0 0 0 0 
-1.75693e-05 2.19037e-05 0 0 0 0 0 0 0 0 0 0 
-1.73971e-05 2.42763e-05 0 0 0 0 0 0 0 0 0 0 
-1.68318e-05 2.67728e-05 0 0 0 0 0 0 0 0 0 0 
-1.58017e-05 2.9333e-05 0 0 0 0 0 0 0 0 0 0 
-1.42355e-05 3.18666e-05 0 0 0 0 0 0 0 0 0 0 
-1.20717e-05 3.42453e-05 0 0 0 0 0 0 0 0 0 0 
-9.28665e-06 3.62957e-05 0 0 0 0 0 0 0 0 0 0 
-5.94265e-06 3.78159e-05 0 0 0 0 0 0 0 0 0 0 
-2.25141e-06 3.86287e-05 0 0 0 0 0 0 0 0 0 0 
1.57444e-06 3.87018e-05 0 0 0 0 0 0 0 0 0 0 
5.33146e-06 3.79857e-05 0 0 0 0 0 0 0 0 0 0 
8.74175e-06 3.6543e-05 0 0 0 0 0 0 0 0 0 0 
1.16093e-05 3.45463e-05 0 0 0 0 0 0 0 0 0 0 
1.3856e-05 3.21915e-05 0 0 0 0 0 0 0 0 0 0 
1.54938e-05 2.96638e-05 0 0 0 0 0 0 0 0 0 0 
1.65859e-05 2.7097e-05 0 0 0 0 0 0 0 0 0 0 
1.72033e-05 2.45855e-05 0 0 0 0 0 0 0 0 0 0 
1.74181e-05 2.2193e-05 0 0 0 0 0 0 0 0 0 0 
1.72986e-05 1.9959e-05 0 0 0 0 0 0 0 0 0 0 
1.69059e-05 1.79053e-05 0 0 0 0 0 0 0 0 0 0 
1.62931e-05 1.60406e-05 0 0 0 0 0 0 0 0 0 0 
1.55045e-05 1.43651e-05 0 0 0 0 0 0 0 0 0 0 
1.45772e-05 1.28732e-05 0 0 0 0 0 0 0 0 0 0 
1.35411e-05 1.1556e-05 0 0 0 0 0 0 0 0 0 0 
1.24203e-05 1.04027e-05 0 0 0 0 0 0 0 0 0 0 
1.12341e-05 9.40224e-06 0 0 0 0 0 0 0 0 0 0 
9.99774e-06 8.5434e-06 0 0 0 0 0 0 0 0 0 0 
8.72322e-06 7.8158e-06 0 0 0 0 0 0 0 0 0 0 
7.41993e-06 7.21005e-06 0 0 0 0 0 0 0 0 0 0 
6.09523e-06 6.71793e-06 0 0 0 0 0 0 0 0 0 0 
4.7549e-06 6.33255e-06 0 0 0 0 0 0 0 0 0 0 
3.40354e-06 6.04836e-06 0 0 0 0 0 0 0 0 0 0 
2.04489e-06 5.86121e-06 0 0 0 0 0 0 0 0 0 0 
1.36416e-06 5.76833e-06 0 0 0 0 0 0 0 0 0 0 
-1.27451e-06 5.67116e-06 0 0 0 0 0 0 0 0 0 0 
-1.90984e-06 5.7592e-06 0 0 0 0 0 0 0 0 0 0 
-3.17654e-06 5.93641e-06 0 0 0 0 0 0 0 0 0 0 
-4.43307e-06 6.20506e-06 0 0 0 0 0 0 0 0 0 0 
-5.6746e-06 6.56853e-06 0 0 0 0 0 0 0 0 0 0 
-6.89548e-06 7.03125e-06 0 0 0 0 0 0 0 0 0 0 
-8.08896e-06 7.59869e-06 0 0 0 0 0 0 0 0 0 0 
-9.24687e-06 8.27718e-06 0 0 0 0 0 0 0 0 0 0 
-1.03592e-05 9.07383e-06 0 0 0 0 0 0 0 0 0 0 
-1.14138e-05 9.99621e-06 0 0 0 0 0 0 0 0 0 0 
-1.23958e-05 1.1052e-05 0 0 0 0 0 0 0 0 0 0 
-1.32867e-05 1.22485e-05 0 0 0 0 0 0 0 0 0 0 
-1.40648e-05 1.35919e-05 0 0 0 0 0 0 0 0 0 0 
-1.47034e-05 1.5086e-05 0 0 0 0 0 0 0 0 0 0 
-1.51711e-05 1.67312e-05 0 0 0 0 0 0 0 0 0 0 
-1.54315e-05 1.85223e-05 0 0 0 0 0 0 0 0 0 0 
-1.54427e-05 2.04465e-05 0 0 0 0 0 0 0 0 0 0 
-1.51583e-05 2.24801e-05 0 0 0 0 0 0 0 0 0 0 
-1.45292e-05 2.45855e-05 0 0 0 0 0 0 0 0 0 0 
-1.35064e-05 2.6707e-05 0 0 0 0 0 0 0 0 0 0 
-1.20464e-05 2.87677e-05 0 0 0 0 0 0 0 0 0 0 
-1.01189e-05 3.06658e-05 0 0 0 0 0 0 0 0 0 0 
-7.72535e-06 3.22742e-05 0 0 0 0 0 0 0 0 0 0 
-4.92541e-06 3.34538e-05 0 0 0 0 0 0 0 0 0 0 
-1.86673e-06 3.40862e-05 0 0 0 0 0 0 0 0 0 0 
1.29187e-06 3.41371e-05 0 0 0 0 0 0 0 0 0 0 
4.39149e-06 3.35809e-05 0 0 0 0 0 0 0 0 0 0 
7.23969e-06 3.24639e-05 0 0 0 0 0 0 0 0 0 0 
9.69378e-06 3.09009e-05 0 0 0 0 0 0 0 0 0 0 
1.16842e-05 2.9028e-05 0 0 0 0 0 0 0 0 0 0 
1.32021e-05 2.69782e-05 0 0 0 0 0 0 0 0 0 0 
1.42769e-05 2.48569e-05 0 0 0 0 0 0 0 0 0 0 
1.49514e-05 2.27439e-05 0 0 0 0 0 0 0 0 0 0 
1.52743e-05 2.06977e-05 0 0 0 0 0 0 0 0 0 0 
1.52954e-05 1.87578e-05 0 0 0 0 0 0 0 0 0 0 
1.50617e-05 1.69495e-05 0 0 0 0 0 0 0 0 0 0 
1.46156e-05 1.52869e-05 0 0 0 0 0 0 0 0 0 0 
1.39947e-05 1.37757e-05 0 0 0 0 0 0 0 0 0 0 
1.3231e-05 1.24163e-05 0 0 0 0 0 0 0 0 0 0 
1.23515e-05 1.12049e-05 0 0 0 0 0 0 0 0 0 0 
1.13789e-05 1.01356e-05 0 0 0 0 0 0 0 0 0 0 
1.03318e-05 9.2012e-06 0 0 0 0 0 0 0 0 0 0 
9.22544e-06 8.39403e-06 0 0 0 0 0 0 0 0 0 0 
8.07237e-06 7.70649e-06 0 0 0 0 0 0 0 0 0 0 
6.88282e-06 7.13142e-06 0 0 0 0 0 0 0 0 0 0 
5.66514e-06 6.66243e-06 0 0 0 0 0 0 0 0 0 0 
4.42625e-06 6.29402e-06 0 0 0 0 0 0 0 0 0 0 
3.17194e-06 6.02171e-06 0 0 0 0 0 0 0 0 0 0 
1.90719e-06 5.84207e-06 0 0 0 0 0 0 0 0 0 0 
1.27278e-06 5.75283e-06 0 0 0 0 0 0 0 0 0 0 
-1.18856e-06 5.56656e-06 0 0 0 0 0 0 0 0 0 0 
-1.7804e-06 5.64993e-06 0 0 0 0 0 0 0 0 0 0 
-2.9591e-06 5.81759e-06 0 0 0 0 0 0 0 0 0 0 
-4.1251e-06 6.07137e-06 0 0 0 0 0 0 0 0 0 0 
-5.27262e-06 6.41396e-06 0 0 0 0 0 0 0 0 0 0 
-6.39511e-06 6.84888e-06 0 0 0 0 0 0 0 0 0 0 
-7.48505e-06 7.38034e-06 0 0 0 0 0 0 0 0 0 0 
-8.53362e-06 8.01315e-06 0 0 0 0 0 0 0 0 0 0 
-9.53047e-06 8.75249e-06 0 0 0 0 0 0 0 0 0 0 
-1.04633e-05 9.60365e-06 0 0 0 0 0 0 0 0 0 0 
-1.13176e-05 1.05716e-05 0 0 0 0 0 0 0 0 0 0 
-1.20761e-05 1.16605e-05 0 0 0 0 0 0 0 0 0 0 
-1.27187e-05 1.28731e-05 0 0 0 0 0 0 0 0 0 0 
-1.32221e-05 1.42094e-05 0 0 0 0 0 0 0 0 0 0 
-1.35593e-05 1.56661e-05 0 0 0 0 0 0 0 0 0 0 
-1.37001e-05 1.72345e-05 0 0 0 0 0 0 0 0 0 0 
-1.36114e-05 1.88991e-05 0 0 0 0 0 0 0 0 0 0 
-1.32581e-05 2.06354e-05 0 0 0 0 0 0 0 0 0 0 
-1.26049e-05 2.24077e-05 0 0 0 0 0 0 0 0 0 0 
-1.16195e-05 2.41669e-05 0 0 0 0 0 0 0 0 0 0 
-1.02768e-05 2.58489e-05 0 0 0 0 0 0 0 0 0 0 
-8.56527e-06 2.73737e-05 0 0 0 0 0 0 0 0 0 0 
-6.4987e-06 2.86476e-05 0 0 0 0 0 0 0 0 0 0 
-4.13066e-06 2.95729e-05 0 0 0 0 0 0 0 0 0 0 
-1.56809e-06 3.0069e-05 0 0 0 0 0 0 0 0 0 0 
1.06919e-06 3.01058e-05 0 0 0 0 0 0 0 0 0 0 
3.65825e-06 2.96698e-05 0 0 0 0 0 0 0 0 0 0 
6.06174e-06 2.87949e-05 0 0 0 0 0 0 0 0 0 0 
8.17341e-06 2.75594e-05 0 0 0 0 0 0 0 0 0 0 
9.93334e-06 2.60587e-05 0 0 0 0 0 0 0 0 0 0 
1.13227e-05 2.43898e-05 0 0 0 0 0 0 0 0 0 0 
1.23517e-05 2.26347e-05 0 0 0 0 0 0 0 0 0 0 
1.30441e-05 2.08598e-05 0 0 0 0 0 0 0 0 0 0 
1.34319e-05 1.91161e-05 0 0 0 0 0 0 0 0 0 0 
1.35504e-05 1.7441e-05 0 0 0 0 0 0 0 0 0 0 
1.3435e-05 1.58601e-05 0 0 0 0 0 0 0 0 0 0 
1.31193e-05 1.43902e-05 0 0 0 0 0 0 0 0 0 0 
1.26339e-05 1.30404e-05 0 0 0 0 0 0 0 0 0 0 
1.20064e-05 1.18148e-05 0 0 0 0 0 0 0 0 0 0 
1.12604e-05 1.07136e-05 0 0 0 0 0 0 0 0 0 0 
1.04166e-05 9.73424e-06 0 0 0 0 0 0 0 0 0 0 
9.49255e-06 8.87278e-06 0 0 0 0 0 0 0 0 0 0 
8.50303e-06 8.12429e-06 0 0 0 0 0 0 0 0 0 0 
7.4606e-06 7.48351e-06 0 0 0 0 0 0 0 0 0 0 
6.37587e-06 6.94526e-06 0 0 0 0 0 0 0 0 0 0 
5.25783e-06 6.50473e-06 0 0 0 0 0 0 0 0 0 0 
4.11418e-06 6.15768e-06 0 0 0 0 0 0 0 0 0 0 
2.95159e-06 5.90058e-06 0 0 0 0 0 0 0 0 0 0 
1.77601e-06 5.73072e-06 0 0 0 0 0 0 0 0 0 0 
1.18567e-06 5.64625e-06 0 0 0 0 0 0 0 0 0 0 
-1.10777e-06 5.37723e-06 0 0 0 0 0 0 0 0 0 0 
-1.65881e-06 5.45503e-06 0 0 0 0 0 0 0 0 0 0 
-2.7551e-06 5.61137e-06 0 0 0 0 0 0 0 0 0 0 
-3.8367e-06 5.84767e-06 0 0 0 0 0 0 0 0 0 0 
-4.89709e-06 6.16603e-06 0 0 0 0 0 0 0 0 0 0 
-5.9291e-06 6.56912e-06 0 0 0 0 0 0 0 0 0 0 
-6.92469e-06 7.0601e-06 0 0 0 0 0 0 0 0 0 0 
-7.87472e-06 7.64246e-06 0 0 0 0 0 0 0 0 0 0 
-8.76874e-06 8.31978e-06 0 0 0 0 0 0 0 0 0 0 
-9.59474e-06 9.0955e-06 0 0 0 0 0 0 0 0 0 0 
-1.03389e-05 9.97246e-06 0 0 0 0 0 0 0 0 0 0 
-1.09853e-05 1.09525e-05 0 0 0 0 0 0 0 0 0 0 
-1.15159e-05 1.20357e-05 0 0 0 0 0 0 0 0 0 0 
-1.19104e-05 1.32198e-05 0 0 0 0 0 0 0 0 0 0 
-1.21461e-05 1.44988e-05 0 0 0 0 0 0 0 0 0 0 
-1.21985e-05 1.58626e-05 0 0 0 0 0 0 0 0 0 0 
-1.20417e-05 1.72946e-05 0 0 0 0 0 0 0 0 0 0 
-1.16497e-05 1.87712e-05 0 0 0 0 0 0 0 0 0 0 
-1.09977e-05 2.02601e-05 0 0 0 0 0 0 0 0 0 0 
-1.00653e-05 2.1719e-05 0 0 0 0 0 0 0 0 0 0 
-8.83965e-06 2.30953e-05 0 0 0 0 0 0 0 0 0 0 
-7.32025e-06 2.43267e-05 0 0 0 0 0 0 0 0 0 0 
-5.52614e-06 2.53433e-05 0 0 0 0 0 0 0 0 0 0 
-3.504e-06 2.60758e-05 0 0 0 0 0 0 0 0 0 0 
-1.33388e-06 2.64678e-05 0 0 0 0 0 0 0 0 0 0 
8.92722e-07 2.64952e-05 0 0 0 0 0 0 0 0 0 0 
3.08067e-06 2.61507e-05 0 0 0 0 0 0 0 0 0 0 
5.12921e-06 2.54591e-05 0 0 0 0 0 0 0 0 0 0 
6.95749e-06 2.44746e-05 0 0 0 0 0 0 0 0 0 0 
8.51467e-06 2.32653e-05 0 0 0 0 0 0 0 0 0 0 
9.77816e-06 2.19025e-05 0 0 0 0 0 0 0 0 0 0 
1.07469e-05 2.04499e-05 0 0 0 0 0 0 0 0 0 0 
1.14327e-05 1.89616e-05 0 0 0 0 0 0 0 0 0 0 
1.18554e-05 1.74813e-05 0 0 0 0 0 0 0 0 0 0 
1.20394e-05 1.60425e-05 0 0 0 0 0 0 0 0 0 0 
1.20109e-05 1.467e-05 0 0 0 0 0 0 0 0 0 0 
1.17959e-05 1.3381e-05 0 0 0 0 0 0 0 0 0 0 
1.14194e-05 1.21865e-05 0 0 0 0 0 0 0 0 0 0 
1.09042e-05 1.10929e-05 0 0 0 0 0 0 0 0 0 0 
1.02709e-05 1.01027e-05 0 0 0 0 0 0 0 0 0 0 
9.53813e-06 9.21629e-06 0 0 0 0 0 0 0 0 0 0 
8.72184e-06 8.43185e-06 0 0 0 0 0 0 0 0 0 0 
7.83617e-06 7.74666e-06 0 0 0 0 0 0 0 0 0 0 
6.89335e-06 7.15739e-06 0 0 0 0 0 0 0 0 0 0 
5.90404e-06 6.66046e-06 0 0 0 0 0 0 0 0 0 0 
4.87756e-06 6.25241e-06 0 0 0 0 0 0 0 0 0 0 
3.8221e-06 5.9301e-06 0 0 0 0 0 0 0 0 0 0 
2.74498e-06 5.69084e-06 0 0 0 0 0 0 0 0 0 0 
1.65286e-06 5.53253e-06 0 0 0 0 0 0 0 0 0 0 
1.10385e-06 5.45374e-06 0 0 0 0 0 0 0 0 0 0 
-1.03294e-06 5.10904e-06 0 0 0 0 0 0 0 0 0 0 
-1.54625e-06 5.18059e-06 0 0 0 0 0 0 0 0 0 0 
-2.56646e-06 5.32424e-06 0 0 0 0 0 0 0 0 0 0 
-3.57045e-06 5.54108e-06 0 0 0 0 0 0 0 0 0 0 
-4.55117e-06 5.83268e-06 0 0 0 0 0 0 0 0 0 0 
-5.50104e-06 6.20102e-06 0 0 0 0 0 0 0 0 0 0 
-6.41171e-06 6.64835e-06 0 0 0 0 0 0 0 0 0 0 
-7.27394e-06 7.17708e-06 0 0 0 0 0 0 0 0 0 0 
-8.07743e-06 7.78952e-06 0 0 0 0 0 0 0 0 0 0 
-8.81062e-06 8.48764e-06 0 0 0 0 0 0 0 0 0 0 
-9.46057e-06 9.27268e-06 0 0 0 0 0 0 0 0 0 0 
-1.00129e-05 1.01448e-05 0 0 0 0 0 0 0 0 0 0 
-1.04515e-05 1.11023e-05 0 0 0 0 0 0 0 0 0 0 
-1.07589e-05 1.21414e-05 0 0 0 0 0 0 0 0 0 0 
-1.09165e-05 1.3255e-05 0 0 0 0 0 0 0 0 0 0 
-1.09044e-05 1.44319e-05 0 0 0 0 0 0 0 0 0 0 
-1.07028e-05 1.56563e-05 0 0 0 0 0 0 0 0 0 0 
-1.02926e-05 1.69064e-05 0 0 0 0 0 0 0 0 0 0 
-9.65709e-06 1.81535e-05 0 0 0 0 0 0 0 0 0 0 
-8.78422e-06 1.93622e-05 0 0 0 0 0 0 0 0 0 0 
-7.66904e-06 2.04897e-05 0 0 0 0 0 0 0 0 0 0 
-6.31727e-06 2.14874e-05 0 0 0 0 0 0 0 0 0 0 
-4.74962e-06 2.23031e-05 0 0 0 0 0 0 0 0 0 0 
-3.00622e-06 2.28867e-05 0 0 0 0 0 0 0 0 0 0 
-1.14868e-06 2.31983e-05 0 0 0 0 0 0 0 0 0 0 
7.52162e-07 2.32192e-05 0 0 0 0 0 0 0 0 0 0 
2.62219e-06 2.29454e-05 0 0 0 0 0 0 0 0 0 0 
4.38558e-06 2.23949e-05 0 0 0 0 0 0 0 0 0 0 
5.97957e-06 2.1606e-05 0 0 0 0 0 0 0 0 0 0 
7.36123e-06 2.06279e-05 0 0 0 0 0 0 0 0 0 0 
8.50734e-06 1.95134e-05 0 0 0 0 0 0 0 0 0 0 
9.4108e-06 1.8312e-05 0 0 0 0 0 0 0 0 0 0 
1.00755e-05 1.70674e-05 0 0 0 0 0 0 0 0 0 0 
1.05128e-05 1.58161e-05 0 0 0 0 0 0 0 0 0 0 
1.07392e-05 1.45876e-05 0 0 0 0 0 0 0 0 0 0 
1.07735e-05 1.34047e-05 0 0 0 0 0 0 0 0 0 0 
1.06358e-05 1.22838e-05 0 0 0 0 0 0 0 0 0 0 
1.03458e-05 1.12368e-05 0 0 0 0 0 0 0 0 0 0 
9.92259e-06 1.0271e-05 0 0 0 0 0 0 0 0 0 0 
9.38383e-06 9.39076e-06 0 0 0 0 0 0 0 0 0 0 
8.74573e-06 8.5979e-06 0 0 0 0 0 0 0 0 0 0 
8.02293e-06 7.89248e-06 0 0 0 0 0 0 0 0 0 0 
7.22857e-06 7.27338e-06 0 0 0 0 0 0 0 0 0 0 
6.3744e-06 6.73872e-06 0 0 0 0 0 0 0 0 0 0 
5.4709e-06 6.28625e-06 0 0 0 0 0 0 0 0 0 0 
4.52747e-06 5.9136e-06 0 0 0 0 0 0 0 0 0 0 
3.5526e-06 5.61854e-06 0 0 0 0 0 0 0 0 0 0 
2.55402e-06 5.39909e-06 0 0 0 0 0 0 0 0 0 0 
1.53891e-06 5.2537e-06 0 0 0 0 0 0 0 0 0 0 
1.02809e-06 5.18129e-06 0 0 0 0 0 0 0 0 0 0 
-9.64677e-07 4.76853e-06 0 0 0 0 0 0 0 0 0 0 
-1.44361e-06 4.8333e-06 0 0 0 0 0 0 0 0 0 0 
-2.39461e-06 4.96324e-06 0 0 0 0 0 0 0 0 0 0 
-3.32826e-06 5.15917e-06 0 0 0 0 0 0 0 0 0 0 
-4.23715e-06 5.42222e-06 0 0 0 0 0 0 0 0 0 0 
-5.11343e-06 5.75377e-06 0 0 0 0 0 0 0 0 0 0 
-5.94862e-06 6.15537e-06 0 0 0 0 0 0 0 0 0 0 
-6.73355e-06 6.62855e-06 0 0 0 0 0 0 0 0 0 0 
-7.45819e-06 7.17464e-06 0 0 0 0 0 0 0 0 0 0 
-8.11158e-06 7.79451e-06 0 0 0 0 0 0 0 0 0 0 
-8.68173e-06 8.48828e-06 0 0 0 0 0 0 0 0 0 0 
-9.15563e-06 9.2549e-06 0 0 0 0 0 0 0 0 0 0 
-9.51926e-06 1.00917e-05 0 0 0 0 0 0 0 0 0 0 
-9.75774e-06 1.0994e-05 0 0 0 0 0 0 0 0 0 0 
-9.85557e-06 1.19541e-05 0 0 0 0 0 0 0 0 0 0 
-9.79712e-06 1.29613e-05 0 0 0 0 0 0 0 0 0 0 
-9.56729e-06 1.40006e-05 0 0 0 0 0 0 0 0 0 0 
-9.15247e-06 1.50525e-05 0 0 0 0 0 0 0 0 0 0 
-8.54185e-06 1.60926e-05 0 0 0 0 0 0 0 0 0 0 
-7.72911e-06 1.70912e-05 0 0 0 0 0 0 0 0 0 0 
-6.71443e-06 1.8014e-05 0 0 0 0 0 0 0 0 0 0 
-5.50683e-06 1.88231e-05 0 0 0 0 0 0 0 0 0 0 
-4.12685e-06 1.94794e-05 0 0 0 0 0 0 0 0 0 0 
-2.60883e-06 1.99461e-05 0 0 0 0 0 0 0 0 0 0 
-1.00136e-06 2.01947e-05 0 0 0 0 0 0 0 0 0 0 
6.39811e-07 2.02109e-05 0 0 0 0 0 0 0 0 0 0 
2.25635e-06 1.99925e-05 0 0 0 0 0 0 0 0 0 0 
3.7898e-06 1.95525e-05 0 0 0 0 0 0 0 0 0 0 
5.19047e-06 1.89186e-05 0 0 0 0 0 0 0 0 0 0 
6.42208e-06 1.81264e-05 0 0 0 0 0 0 0 0 0 0 
7.46231e-06 1.72156e-05 0 0 0 0 0 0 0 0 0 0 
8.30093e-06 1.62245e-05 0 0 0 0 0 0 0 0 0 0 
8.93683e-06 1.5188e-05 0 0 0 0 0 0 0 0 0 0 
9.37572e-06 1.41364e-05 0 0 0 0 0 0 0 0 0 0 
9.628e-06 1.3095e-05 0 0 0 0 0 0 0 0 0 0 
9.7071e-06 1.20839e-05 0 0 0 0 0 0 0 0 0 0 
9.62805e-06 1.11185e-05 0 0 0 0 0 0 0 0 0 0 
9.40653e-06 1.02102e-05 0 0 0 0 0 0 0 0 0 0 
9.05812e-06 9.367e-06 0 0 0 0 0 0 0 0 0 0 
8.59784e-06 8.59387e-06 0 0 0 0 0 0 0 0 0 0 
8.03985e-06 7.89374e-06 0 0 0 0 0 0 0 0 0 0 
7.39733e-06 7.26783e-06 0 0 0 0 0 0 0 0 0 0 
6.68241e-06 6.71617e-06 0 0 0 0 0 0 0 0 0 0 
5.90622e-06 6.23798e-06 0 0 0 0 0 0 0 0 0 0 
5.07892e-06 5.832e-06 0 0 0 0 0 0 0 0 0 0 
4.20984e-06 5.49675e-06 0 0 0 0 0 0 0 0 0 0 
3.30758e-06 5.23072e-06 0 0 0 0 0 0 0 0 0 0 
2.38015e-06 5.03254e-06 0 0 0 0 0 0 0 0 0 0 
1.43506e-06 4.90108e-06 0 0 0 0 0 0 0 0 0 0 
9.59012e-07 4.83555e-06 0 0 0 0 0 0 0 0 0 0 
-9.03408e-07 4.36269e-06 0 0 0 0 0 0 0 0 0 0 
-1.35153e-06 4.42031e-06 0 0 0 0 0 0 0 0 0 0 
-2.24058e-06 4.53583e-06 0 0 0 0 0 0 0 0 0 0 
-3.11148e-06 4.70983e-06 0 0 0 0 0 0 0 0 0 0 
-3.95658e-06 4.94308e-06 0 0 0 0 0 0 0 0 0 0 
-4.76789e-06 5.23653e-06 0 0 0 0 0 0 0 0 0 0 
-5.53693e-06 5.59114e-06 0 0 0 0 0 0 0 0 0 0 
-6.25467e-06 6.0078e-06 0 0 0 0 0 0 0 0 0 0 
-6.91146e-06 6.4871e-06 0 0 0 0 0 0 0 0 0 0 
-7.49697e-06 7.02916e-06 0 0 0 0 0 0 0 0 0 0 
-8.00018e-06 7.6333e-06 0 0 0 0 0 0 0 0 0 0 
-8.40941e-06 8.29779e-06 0 0 0 0 0 0 0 0 0 0 
-8.71241e-06 9.01941e-06 0 0 0 0 0 0 0 0 0 0 
-8.89656e-06 9.79309e-06 0 0 0 0 0 0 0 0 0 0 
-8.94918e-06 1.06114e-05 0 0 0 0 0 0 0 0 0 0 
-8.85794e-06 1.14642e-05 0 0 0 0 0 0 0 0 0 0 
-8.61156e-06 1.23381e-05 0 0 0 0 0 0 0 0 0 0 
-8.20056e-06 1.32161e-05 0 0 0 0 0 0 0 0 0 0 
-7.61842e-06 1.40776e-05 0 0 0 0 0 0 0 0 0 0 
-6.8628e-06 1.48982e-05 0 0 0 0 0 0 0 0 0 0 
-5.93707e-06 1.56506e-05 0 0 0 0 0 0 0 0 0 0 
-4.85185e-06 1.63055e-05 0 0 0 0 0 0 0 0 0 0 
-3.62665e-06 1.6833e-05 0 0 0 0 0 0 0 0 0 0 
-2.29092e-06 1.72064e-05 0 0 0 0 0 0 0 0 0 0 
-8.83871e-07 1.74048e-05 0 0 0 0 0 0 0 0 0 0 
5.49908e-07 1.74175e-05 0 0 0 0 0 0 0 0 0 0 
1.96381e-06 1.72431e-05 0 0 0 0 0 0 0 0 0 0 
3.31169e-06 1.68914e-05 0 0 0 0 0 0 0 0 0 0 
4.55347e-06 1.63823e-05 0 0 0 0 0 0 0 0 0 0 
5.65831e-06 1.5742e-05 0 0 0 0 0 0 0 0 0 0 
6.60541e-06 1.50003e-05 0 0 0 0 0 0 0 0 0 0 
7.38314e-06 1.41868e-05 0 0 0 0 0 0 0 0 0 0 
7.98736e-06 1.33293e-05 0 0 0 0 0 0 0 0 0 0 
8.4198e-06 1.24526e-05 0 0 0 0 0 0 0 0 0 0 
8.6866e-06 1.15779e-05 0 0 0 0 0 0 0 0 0 0 
8.79699e-06 1.07226e-05 0 0 0 0 0 0 0 0 0 0 
8.76213e-06 9.9006e-06 0 0 0 0 0 0 0 0 0 0 
8.59431e-06 9.12246e-06 0 0 0 0 0 0 0 0 0 0 
8.30623e-06 8.3959e-06 0 0 0 0 0 0 0 0 0 0 
7.91057e-06 7.72629e-06 0 0 0 0 0 0 0 0 0 0 
7.41969e-06 7.11703e-06 0 0 0 0 0 0 0 0 0 0 
6.84535e-06 6.57005e-06 0 0 0 0 0 0 0 0 0 0 
6.19872e-06 6.08615e-06 0 0 0 0 0 0 0 0 0 0 
5.49023e-06 5.66532e-06 0 0 0 0 0 0 0 0 0 0 
4.72967e-06 5.30703e-06 0 0 0 0 0 0 0 0 0 0 
3.92619e-06 5.01045e-06 0 0 0 0 0 0 0 0 0 0 
3.08838e-06 4.77466e-06 0 0 0 0 0 0 0 0 0 0 
2.22438e-06 4.59874e-06 0 0 0 0 0 0 0 0 0 0 
1.34193e-06 4.48192e-06 0 0 0 0 0 0 0 0 0 0 
8.97042e-07 4.42366e-06 0 0 0 0 0 0 0 0 0 0 
-8.49447e-07 3.89886e-06 0 0 0 0 0 0 0 0 0 0 
-1.27047e-06 3.94907e-06 0 0 0 0 0 0 0 0 0 0 
-2.10509e-06 4.04967e-06 0 0 0 0 0 0 0 0 0 0 
-2.921e-06 4.20106e-06 0 0 0 0 0 0 0 0 0 0 
-3.71045e-06 4.40375e-06 0 0 0 0 0 0 0 0 0 0 
-4.46537e-06 4.65832e-06 0 0 0 0 0 0 0 0 0 0 
-5.17735e-06 4.96533e-06 0 0 0 0 0 0 0 0 0 0 
-5.83759e-06 5.32518e-06 0 0 0 0 0 0 0 0 0 0 
-6.43683e-06 5.73796e-06 0 0 0 0 0 0 0 0 0 0 
-6.96538e-06 6.20329e-06 0 0 0 0 0 0 0 0 0 0 
-7.4131e-06 6.72005e-06 0 0 0 0 0 0 0 0 0 0 
-7.76952e-06 7.28614e-06 0 0 0 0 0 0 0 0 0 0 
-8.02396e-06 7.89818e-06 0 0 0 0 0 0 0 0 0 0 
-8.16573e-06 8.55122e-06 0 0 0 0 0 0 0 0 0 0 
-8.18443e-06 9.23836e-06 0 0 0 0 0 0 0 0 0 0 
-8.07044e-06 9.95044e-06 0 0 0 0 0 0 0 0 0 0 
-7.8154e-06 1.06758e-05 0 0 0 0 0 0 0 0 0 0 
-7.41299e-06 1.14001e-05 0 0 0 0 0 0 0 0 0 0 
-6.85974e-06 1.21061e-05 0 0 0 0 0 0 0 0 0 0 
-6.15604e-06 1.27743e-05 0 0 0 0 0 0 0 0 0 0 
-5.30719e-06 1.3383e-05 0 0 0 0 0 0 0 0 0 0 
-4.32442e-06 1.39095e-05 0 0 0 0 0 0 0 0 0 0 
-3.2259e-06 1.43315e-05 0 0 0 0 0 0 0 0 0 0 
-2.03708e-06 1.46288e-05 0 0 0 0 0 0 0 0 0 0 
-7.90277e-07 1.47865e-05 0 0 0 0 0 0 0 0 0 0 
4.78146e-07 1.47965e-05 0 0 0 0 0 0 0 0 0 0 
1.7303e-06 1.46579e-05 0 0 0 0 0 0 0 0 0 0 
2.92892e-06 1.43779e-05 0 0 0 0 0 0 0 0 0 0 
4.04101e-06 1.39711e-05 0 0 0 0 0 0 0 0 0 0 
5.0401e-06 1.34568e-05 0 0 0 0 0 0 0 0 0 0 
5.9071e-06 1.28573e-05 0 0 0 0 0 0 0 0 0 0 
6.62994e-06 1.21956e-05 0 0 0 0 0 0 0 0 0 0 
7.20265e-06 1.14936e-05 0 0 0 0 0 0 0 0 0 0 
7.62431e-06 1.07711e-05 0 0 0 0 0 0 0 0 0 0 
7.89801e-06 1.00457e-05 0 0 0 0 0 0 0 0 0 0 
8.02982e-06 9.33221e-06 0 0 0 0 0 0 0 0 0 0 
8.02791e-06 8.64257e-06 0 0 0 0 0 0 0 0 0 0 
7.90183e-06 7.98627e-06 0 0 0 0 0 0 0 0 0 0 
7.66195e-06 7.37048e-06 0 0 0 0 0 0 0 0 0 0 
7.31897e-06 6.8004e-06 0 0 0 0 0 0 0 0 0 0 
6.88362e-06 6.2796e-06 0 0 0 0 0 0 0 0 0 0 
6.36645e-06 5.81032e-06 0 0 0 0 0 0 0 0 0 0 
5.77768e-06 5.39379e-06 0 0 0 0 0 0 0 0 0 0 
5.12709e-06 5.03053e-06 0 0 0 0 0 0 0 0 0 0 
4.42405e-06 4.72048e-06 0 0 0 0 0 0 0 0 0 0 
3.67747e-06 4.46331e-06 0 0 0 0 0 0 0 0 0 0 
2.89587e-06 4.2585e-06 0 0 0 0 0 0 0 0 0 0 
2.08741e-06 4.1055e-06 0 0 0 0 0 0 0 0 0 0 
1.25998e-06 4.00381e-06 0 0 0 0 0 0 0 0 0 0 
8.42486e-07 3.95306e-06 0 0 0 0 0 0 0 0 0 0 
-8.03001e-07 3.38459e-06 0 0 0 0 0 0 0 0 0 0 
-1.20072e-06 3.42721e-06 0 0 0 0 0 0 0 0 0 0 
-1.98858e-06 3.51259e-06 0 0 0 0 0 0 0 0 0 0 
-2.7574e-06 3.64096e-06 0 0 0 0 0 0 0 0 0 0 
-3.49932e-06 3.81264e-06 0 0 0 0 0 0 0 0 0 0 
-4.20631e-06 4.02796e-06 0 0 0 0 0 0 0 0 0 0 
-4.87008e-06 4.28717e-06 0 0 0 0 0 0 0 0 0 0 
-5.48204e-06 4.59037e-06 0 0 0 0 0 0 0 0 0 0 
-6.03335e-06 4.93735e-06 0 0 0 0 0 0 0 0 0 0 
-6.51489e-06 5.32741e-06 0 0 0 0 0 0 0 0 0 0 
-6.91734e-06 5.75926e-06 0 0 0 0 0 0 0 0 0 0 
-7.23127e-06 6.23073e-06 0 0 0 0 0 0 0 0 0 0 
-7.44732e-06 6.73856e-06 0 0 0 0 0 0 0 0 0 0 
-7.55639e-06 7.27821e-06 0 0 0 0 0 0 0 0 0 0 
-7.54996e-06 7.84354e-06 0 0 0 0 0 0 0 0 0 0 
-7.4205e-06 8.42665e-06 0 0 0 0 0 0 0 0 0 0 
-7.16193e-06 9.0177e-06 0 0 0 0 0 0 0 0 0 0 
-6.77024e-06 9.60481e-06 0 0 0 0 0 0 0 0 0 0 
-6.24416e-06 1.01741e-05 0 0 0 0 0 0 0 0 0 0 
-5.58589e-06 1.071e-05 0 0 0 0 0 0 0 0 0 0 
-4.80187e-06 1.11957e-05 0 0 0 0 0 0 0 0 0 0 
-3.90344e-06 1.16136e-05 0 0 0 0 0 0 0 0 0 0 
-2.90734e-06 1.19471e-05 0 0 0 0 0 0 0 0 0 0 
-1.83586e-06 1.21814e-05 0 0 0 0 0 0 0 0 0 0 
-7.16225e-07 1.23054e-05 0 0 0 0 0 0 0 0 0 0 
4.21297e-07 1.23132e-05 0 0 0 0 0 0 0 0 0 0 
1.54526e-06 1.22042e-05 0 0 0 0 0 0 0 0 0 0 
2.62484e-06 1.19837e-05 0 0 0 0 0 0 0 0 0 0 
3.63229e-06 1.16623e-05 0 0 0 0 0 0 0 0 0 0 
4.5446e-06 1.12544e-05 0 0 0 0 0 0 0 0 0 0 
5.34429e-06 1.07766e-05 0 0 0 0 0 0 0 0 0 0 
6.01936e-06 1.02464e-05 0 0 0 0 0 0 0 0 0 0 
6.56281e-06 9.68074e-06 0 0 0 0 0 0 0 0 0 0 
6.97196e-06 9.09557e-06 0 0 0 0 0 0 0 0 0 0 
7.24772e-06 8.50498e-06 0 0 0 0 0 0 0 0 0 0 
7.39383e-06 7.92114e-06 0 0 0 0 0 0 0 0 0 0 
7.4162e-06 7.35415e-06 0 0 0 0 0 0 0 0 0 0 
7.32222e-06 6.81217e-06 0 0 0 0 0 0 0 0 0 0 
7.12036e-06 6.30155e-06 0 0 0 0 0 0 0 0 0 0 
6.81969e-06 5.82704e-06 0 0 0 0 0 0 0 0 0 0 
6.4296e-06 5.39204e-06 0 0 0 0 0 0 0 0 0 0 
5.95955e-06 4.99885e-06 0 0 0 0 0 0 0 0 0 0 
5.41893e-06 4.64891e-06 0 0 0 0 0 0 0 0 0 0 
4.81692e-06 4.34296e-06 0 0 0 0 0 0 0 0 0 0 
4.16246e-06 4.08129e-06 0 0 0 0 0 0 0 0 0 0 
3.46421e-06 3.86386e-06 0 0 0 0 0 0 0 0 0 0 
2.73057e-06 3.69045e-06 0 0 0 0 0 0 0 0 0 0 
1.96968e-06 3.56076e-06 0 0 0 0 0 0 0 0 0 0 
1.18949e-06 3.47449e-06 0 0 0 0 0 0 0 0 0 0 
7.95546e-07 3.43142e-06 0 0 0 0 0 0 0 0 0 0 
-7.64201e-07 2.82756e-06 0 0 0 0 0 0 0 0 0 0 
-1.14247e-06 2.8625e-06 0 0 0 0 0 0 0 0 0 0 
-1.89134e-06 2.93246e-06 0 0 0 0 0 0 0 0 0 0 
-2.62095e-06 3.03758e-06 0 0 0 0 0 0 0 0 0 0 
-3.32345e-06 3.17804e-06 0 0 0 0 0 0 0 0 0 0 
-3.99083e-06 3.354e-06 0 0 0 0 0 0 0 0 0 0 
-4.61494e-06 3.56552e-06 0 0 0 0 0 0 0 0 0 0 
-5.18742e-06 3.81251e-06 0 0 0 0 0 0 0 0 0 0 
-5.69979e-06 4.09459e-06 0 0 0 0 0 0 0 0 0 0 
-6.14346e-06 4.41099e-06 0 0 0 0 0 0 0 0 0 0 
-6.50978e-06 4.76039e-06 0 0 0 0 0 0 0 0 0 0 
-6.79022e-06 5.14077e-06 0 0 0 0 0 0 0 0 0 0 
-6.97649e-06 5.54923e-06 0 0 0 0 0 0 0 0 0 0 
-7.06076e-06 5.98182e-06 0 0 0 0 0 0 0 0 0 0 
-7.03599e-06 6.43338e-06 0 0 0 0 0 0 0 0 0 0 
-6.89627e-06 6.89735e-06 0 0 0 0 0 0 0 0 0 0 
-6.63724e-06 7.36575e-06 0 0 0 0 0 0 0 0 0 0 
-6.25657e-06 7.82908e-06 0 0 0 0 0 0 0 0 0 0 
-5.75453e-06 8.27644e-06 0 0 0 0 0 0 0 0 0 0 
-5.13452e-06 8.69573e-06 0 0 0 0 0 0 0 0 0 0 
-4.40361e-06 9.07409e-06 0 0 0 0 0 0 0 0 0 0 
-3.57297e-06 9.39845e-06 0 0 0 0 0 0 0 0 0 0 
-2.65811e-06 9.65639e-06 0 0 0 0 0 0 0 0 0 0 
-1.67879e-06 9.83712e-06 0 0 0 0 0 0 0 0 0 0 
-6.58501e-07 9.93263e-06 0 0 0 0 0 0 0 0 0 0 
3.76955e-07 9.9386e-06 0 0 0 0 0 0 0 0 0 0 
1.40086e-06 9.85467e-06 0 0 0 0 0 0 0 0 0 0 
2.38706e-06 9.68467e-06 0 0 0 0 0 0 0 0 0 0 
3.31166e-06 9.43622e-06 0 0 0 0 0 0 0 0 0 0 
4.15436e-06 9.11984e-06 0 0 0 0 0 0 0 0 0 0 
4.89907e-06 8.74783e-06 0 0 0 0 0 0 0 0 0 0 
5.53409e-06 8.33327e-06 0 0 0 0 0 0 0 0 0 0 
6.05185e-06 7.88912e-06 0 0 0 0 0 0 0 0 0 0 
6.44855e-06 7.42764e-06 0 0 0 0 0 0 0 0 0 0 
6.72358e-06 6.95991e-06 0 0 0 0 0 0 0 0 0 0 
6.87898e-06 6.49564e-06 0 0 0 0 0 0 0 0 0 0 
6.91894e-06 6.04303e-06 0 0 0 0 0 0 0 0 0 0 
6.84924e-06 5.60881e-06 0 0 0 0 0 0 0 0 0 0 
6.67682e-06 5.19832e-06 0 0 0 0 0 0 0 0 0 0 
6.40946e-06 4.81566e-06 0 0 0 0 0 0 0 0 0 0 
6.05544e-06 4.46387e-06 0 0 0 0 0 0 0 0 0 0 
5.62332e-06 4.14508e-06 0 0 0 0 0 0 0 0 0 0 
5.12178e-06 3.86069e-06 0 0 0 0 0 0 0 0 0 0 
4.55947e-06 3.61156e-06 0 0 0 0 0 0 0 0 0 0 
3.94495e-06 3.39811e-06 0 0 0 0 0 0 0 0 0 0 
3.28663e-06 3.22049e-06 0 0 0 0 0 0 0 0 0 0 
2.59277e-06 3.07866e-06 0 0 0 0 0 0 0 0 0 0 
1.87145e-06 2.97248e-06 0 0 0 0 0 0 0 0 0 0 
1.13064e-06 2.90182e-06 0 0 0 0 0 0 0 0 0 0 
7.56345e-07 2.86652e-06 0 0 0 0 0 0 0 0 0 0 
-7.3312e-07 2.23551e-06 0 0 0 0 0 0 0 0 0 0 
-1.09582e-06 2.26271e-06 0 0 0 0 0 0 0 0 0 0 
-1.8135e-06 2.31716e-06 0 0 0 0 0 0 0 0 0 0 
-2.51181e-06 2.39894e-06 0 0 0 0 0 0 0 0 0 0 
-3.1829e-06 2.50812e-06 0 0 0 0 0 0 0 0 0 0 
-3.81884e-06 2.64476e-06 0 0 0 0 0 0 0 0 0 0 
-4.41157e-06 2.80884e-06 0 0 0 0 0 0 0 0 0 0 
-4.95297e-06 3.00016e-06 0 0 0 0 0 0 0 0 0 0 
-5.43487e-06 3.21832e-06 0 0 0 0 0 0 0 0 0 0 
-5.84909e-06 3.46258e-06 0 0 0 0 0 0 0 0 0 0 
-6.18756e-06 3.73177e-06 0 0 0 0 0 0 0 0 0 0 
-6.44243e-06 4.02418e-06 0 0 0 0 0 0 0 0 0 0 
-6.60627e-06 4.3374e-06 0 0 0 0 0 0 0 0 0 0 
-6.67224e-06 4.66826e-06 0 0 0 0 0 0 0 0 0 0 
-6.63443e-06 5.01263e-06 0 0 0 0 0 0 0 0 0 0 
-6.48812e-06 5.36541e-06 0 0 0 0 0 0 0 0 0 0 
-6.2302e-06 5.72043e-06 0 0 0 0 0 0 0 0 0 0 
-5.85956e-06 6.07045e-06 0 0 0 0 0 0 0 0 0 0 
-5.37751e-06 6.40728e-06 0 0 0 0 0 0 0 0 0 0 
-4.78824e-06 6.72193e-06 0 0 0 0 0 0 0 0 0 0 
-4.09915e-06 7.00493e-06 0 0 0 0 0 0 0 0 0 0 
-3.32114e-06 7.24682e-06 0 0 0 0 0 0 0 0 0 0 
-2.46866e-06 7.43868e-06 0 0 0 0 0 0 0 0 0 0 
-1.55962e-06 7.57285e-06 0 0 0 0 0 0 0 0 0 0 
-6.14749e-07 7.64366e-06 0 0 0 0 0 0 0 0 0 0 
3.43335e-07 7.64808e-06 0 0 0 0 0 0 0 0 0 0 
1.29133e-06 7.58585e-06 0 0 0 0 0 0 0 0 0 0 
2.20639e-06 7.4597e-06 0 0 0 0 0 0 0 0 0 0 
3.06745e-06 7.27498e-06 0 0 0 0 0 0 0 0 0 0 
3.85621e-06 7.03915e-06 0 0 0 0 0 0 0 0 0 0 
4.55773e-06 6.76105e-06 0 0 0 0 0 0 0 0 0 0 
5.16066e-06 6.45012e-06 0 0 0 0 0 0 0 0 0 0 
5.65718e-06 6.1159e-06 0 0 0 0 0 0 0 0 0 0 
6.04275e-06 5.76746e-06 0 0 0 0 0 0 0 0 0 0 
6.31572e-06 5.41313e-06 0 0 0 0 0 0 0 0 0 0 
6.47695e-06 5.0603e-06 0 0 0 0 0 0 0 0 0 0 
6.52936e-06 4.71528e-06 0 0 0 0 0 0 0 0 0 0 
6.47751e-06 4.38333e-06 0 0 0 0 0 0 0 0 0 0 
6.32721e-06 4.06868e-06 0 0 0 0 0 0 0 0 0 0 
6.08525e-06 3.77464e-06 0 0 0 0 0 0 0 0 0 0 
5.75902e-06 3.5037e-06 0 0 0 0 0 0 0 0 0 0 
5.35637e-06 3.25768e-06 0 0 0 0 0 0 0 0 0 0 
4.88541e-06 3.03781e-06 0 0 0 0 0 0 0 0 0 0 
4.35433e-06 2.84488e-06 0 0 0 0 0 0 0 0 0 0 
3.77139e-06 2.67936e-06 0 0 0 0 0 0 0 0 0 0 
3.14476e-06 2.54146e-06 0 0 0 0 0 0 0 0 0 0 
2.48257e-06 2.43124e-06 0 0 0 0 0 0 0 0 0 0 
1.79285e-06 2.34867e-06 0 0 0 0 0 0 0 0 0 0 
1.08352e-06 2.29369e-06 0 0 0 0 0 0 0 0 0 0 
7.24952e-07 2.26621e-06 0 0 0 0 0 0 0 0 0 0 
-7.09797e-07 1.61624e-06 0 0 0 0 0 0 0 0 0 0 
-1.06082e-06 1.63567e-06 0 0 0 0 0 0 0 0 0 0 
-1.75512e-06 1.67457e-06 0 0 0 0 0 0 0 0 0 0 
-2.43e-06 1.73297e-06 0 0 0 0 0 0 0 0 0 0 
-3.07763e-06 1.8109e-06 0 0 0 0 0 0 0 0 0 0 
-3.69012e-06 1.90835e-06 0 0 0 0 0 0 0 0 0 0 
-4.25954e-06 2.02527e-06 0 0 0 0 0 0 0 0 0 0 
-4.77794e-06 2.16147e-06 0 0 0 0 0 0 0 0 0 0 
-5.23737e-06 2.31659e-06 0 0 0 0 0 0 0 0 0 0 
-5.63001e-06 2.49003e-06 0 0 0 0 0 0 0 0 0 0 
-5.94819e-06 2.6809e-06 0 0 0 0 0 0 0 0 0 0 
-6.18459e-06 2.88787e-06 0 0 0 0 0 0 0 0 0 0 
-6.33241e-06 3.10918e-06 0 0 0 0 0 0 0 0 0 0 
-6.38553e-06 3.34248e-06 0 0 0 0 0 0 0 0 0 0 
-6.33883e-06 3.5848e-06 0 0 0 0 0 0 0 0 0 0 
-6.18847e-06 3.83249e-06 0 0 0 0 0 0 0 0 0 0 
-5.9322e-06 4.08116e-06 0 0 0 0 0 0 0 0 0 0 
-5.56972e-06 4.32574e-06 0 0 0 0 0 0 0 0 0 0 
-5.10305e-06 4.56053e-06 0 0 0 0 0 0 0 0 0 0 
-4.53687e-06 4.77931e-06 0 0 0 0 0 0 0 0 0 0 
-3.87871e-06 4.97564e-06 0 0 0 0 0 0 0 0 0 0 
-3.13923e-06 5.14307e-06 0 0 0 0 0 0 0 0 0 0 
-2.33208e-06 5.27562e-06 0 0 0 0 0 0 0 0 0 0 
-1.47381e-06 5.36818e-06 0 0 0 0 0 0 0 0 0 0 
-5.83271e-07 5.417e-06 0 0 0 0 0 0 0 0 0 0 
3.19146e-07 5.42004e-06 0 0 0 0 0 0 0 0 0 0 
1.21248e-06 5.37715e-06 0 0 0 0 0 0 0 0 0 0 
2.07618e-06 5.29014e-06 0 0 0 0 0 0 0 0 0 0 
2.89112e-06 5.16256e-06 0 0 0 0 0 0 0 0 0 0 
3.64043e-06 4.99938e-06 0 0 0 0 0 0 0 0 0 0 
4.31004e-06 4.80654e-06 0 0 0 0 0 0 0 0 0 0 
4.88894e-06 4.59043e-06 0 0 0 0 0 0 0 0 0 0 
5.36919e-06 4.35755e-06 0 0 0 0 0 0 0 0 0 0 
5.74579e-06 4.11417e-06 0 0 0 0 0 0 0 0 0 0 
6.01642e-06 3.86608e-06 0 0 0 0 0 0 0 0 0 0 
6.18113e-06 3.61845e-06 0 0 0 0 0 0 0 0 0 0 
6.24197e-06 3.37576e-06 0 0 0 0 0 0 0 0 0 0 
6.20263e-06 3.14176e-06 0 0 0 0 0 0 0 0 0 0 
6.06813e-06 2.91951e-06 0 0 0 0 0 0 0 0 0 0 
5.84448e-06 2.71145e-06 0 0 0 0 0 0 0 0 0 0 
5.53848e-06 2.5194e-06 0 0 0 0 0 0 0 0 0 0 
5.15743e-06 2.34475e-06 0 0 0 0 0 0 0 0 0 0 
4.70898e-06 2.18845e-06 0 0 0 0 0 0 0 0 0 0 
4.20102e-06 2.05114e-06 0 0 0 0 0 0 0 0 0 0 
3.64153e-06 1.93322e-06 0 0 0 0 0 0 0 0 0 0 
3.03851e-06 1.83488e-06 0 0 0 0 0 0 0 0 0 0 
2.39998e-06 1.75623e-06 0 0 0 0 0 0 0 0 0 0 
1.7339e-06 1.69728e-06 0 0 0 0 0 0 0 0 0 0 
1.04818e-06 1.658e-06 0 0 0 0 0 0 0 0 0 0 
7.01399e-07 1.63838e-06 0 0 0 0 0 0 0 0 0 0 
-6.94245e-07 9.77516e-07 0 0 0 0 0 0 0 0 0 0 
-1.03749e-06 9.8918e-07 0 0 0 0 0 0 0 0 0 0 
-1.7162e-06 1.01252e-06 0 0 0 0 0 0 0 0 0 0 
-2.37549e-06 1.04755e-06 0 0 0 0 0 0 0 0 0 0 
-3.00752e-06 1.09427e-06 0 0 0 0 0 0 0 0 0 0 
-3.60446e-06 1.15268e-06 0 0 0 0 0 0 0 0 0 0 
-4.15845e-06 1.22271e-06 0 0 0 0 0 0 0 0 0 0 
-4.66165e-06 1.30423e-06 0 0 0 0 0 0 0 0 0 0 
-5.10631e-06 1.39701e-06 0 0 0 0 0 0 0 0 0 0 
-5.48478e-06 1.50065e-06 0 0 0 0 0 0 0 0 0 0 
-5.78972e-06 1.61458e-06 0 0 0 0 0 0 0 0 0 0 
-6.01415e-06 1.738e-06 0 0 0 0 0 0 0 0 0 0 
-6.15166e-06 1.86981e-06 0 0 0 0 0 0 0 0 0 0 
-6.19662e-06 2.00857e-06 0 0 0 0 0 0 0 0 0 0 
-6.14442e-06 2.15251e-06 0 0 0 0 0 0 0 0 0 0 
-5.99176e-06 2.29941e-06 0 0 0 0 0 0 0 0 0 0 
-5.73694e-06 2.44667e-06 0 0 0 0 0 0 0 0 0 0 
-5.38019e-06 2.59127e-06 0 0 0 0 0 0 0 0 0 0 
-4.92394e-06 2.72986e-06 0 0 0 0 0 0 0 0 0 0 
-4.37314e-06 2.8588e-06 0 0 0 0 0 0 0 0 0 0 
-3.7354e-06 2.97432e-06 0 0 0 0 0 0 0 0 0 0 
-3.02115e-06 3.07271e-06 0 0 0 0 0 0 0 0 0 0 
-2.24355e-06 3.1505e-06 0 0 0 0 0 0 0 0 0 0 
-1.41824e-06 3.20477e-06 0 0 0 0 0 0 0 0 0 0 
-5.62896e-07 3.23338e-06 0 0 0 0 0 0 0 0 0 0 
3.03489e-07 3.23516e-06 0 0 0 0 0 0 0 0 0 0 
1.16143e-06 3.21003e-06 0 0 0 0 0 0 0 0 0 0 
1.9918e-06 3.15902e-06 0 0 0 0 0 0 0 0 0 0 
2.7767e-06 3.08416e-06 0 0 0 0 0 0 0 0 0 0 
3.50019e-06 2.9883e-06 0 0 0 0 0 0 0 0 0 0 
4.14877e-06 2.87485e-06 0 0 0 0 0 0 0 0 0 0 
4.71167e-06 2.74753e-06 0 0 0 0 0 0 0 0 0 0 
5.18093e-06 2.6101e-06 0 0 0 0 0 0 0 0 0 0 
5.55128e-06 2.46625e-06 0 0 0 0 0 0 0 0 0 0 
5.82e-06 2.31937e-06 0 0 0 0 0 0 0 0 0 0 
5.98663e-06 2.17254e-06 0 0 0 0 0 0 0 0 0 0 
6.05267e-06 2.02842e-06 0 0 0 0 0 0 0 0 0 0 
6.02126e-06 1.88927e-06 0 0 0 0 0 0 0 0 0 0 
5.8969e-06 1.75693e-06 0 0 0 0 0 0 0 0 0 0 
5.68514e-06 1.63288e-06 0 0 0 0 0 0 0 0 0 0 
5.39232e-06 1.51826e-06 0 0 0 0 0 0 0 0 0 0 
5.02542e-06 1.41392e-06 0 0 0 0 0 0 0 0 0 0 
4.5918e-06 1.32045e-06 0 0 0 0 0 0 0 0 0 0 
4.0991e-06 1.23828e-06 0 0 0 0 0 0 0 0 0 0 
3.55513e-06 1.16765e-06 0 0 0 0 0 0 0 0 0 0 
2.96778e-06 1.10873e-06 0 0 0 0 0 0 0 0 0 0 
2.34497e-06 1.06158e-06 0 0 0 0 0 0 0 0 0 0 
1.69462e-06 1.02622e-06 0 0 0 0 0 0 0 0 0 0 
1.02462e-06 1.00266e-06 0 0 0 0 0 0 0 0 0 0 
6.85696e-07 9.90883e-07 0 0 0 0 0 0 0 0 0 0 
-6.86469e-07 6.54268e-07 0 0 0 0 0 0 0 0 0 0 
-1.02582e-06 6.62044e-07 0 0 0 0 0 0 0 0 0 0 
-1.69675e-06 6.77602e-07 0 0 0 0 0 0 0 0 0 0 
-2.34825e-06 7.00948e-07 0 0 0 0 0 0 0 0 0 0 
-2.97249e-06 7.32086e-07 0 0 0 0 0 0 0 0 0 0 
-3.56168e-06 7.71001e-07 0 0 0 0 0 0 0 0 0 0 
-4.10799e-06 8.17646e-07 0 0 0 0 0 0 0 0 0 0 
-4.60364e-06 8.71927e-07 0 0 0 0 0 0 0 0 0 0 
-5.04096e-06 9.33675e-07 0 0 0 0 0 0 0 0 0 0 
-5.41243e-06 1.00263e-06 0 0 0 0 0 0 0 0 0 0 
-5.71083e-06 1.07839e-06 0 0 0 0 0 0 0 0 0 0 
-5.92937e-06 1.16041e-06 0 0 0 0 0 0 0 0 0 0 
-6.06183e-06 1.24795e-06 0 0 0 0 0 0 0 0 0 0 
-6.10283e-06 1.34006e-06 0 0 0 0 0 0 0 0 0 0 
-6.048e-06 1.43552e-06 0 0 0 0 0 0 0 0 0 0 
-5.89431e-06 1.53289e-06 0 0 0 0 0 0 0 0 0 0 
-5.64033e-06 1.63042e-06 0 0 0 0 0 0 0 0 0 0 
-5.28652e-06 1.72612e-06 0 0 0 0 0 0 0 0 0 0 
-4.83553e-06 1.81776e-06 0 0 0 0 0 0 0 0 0 0 
-4.29241e-06 1.90295e-06 0 0 0 0 0 0 0 0 0 0 
-3.66481e-06 1.97922e-06 0 0 0 0 0 0 0 0 0 0 
-2.96305e-06 2.04412e-06 0 0 0 0 0 0 0 0 0 0 
-2.20002e-06 2.09542e-06 0 0 0 0 0 0 0 0 0 0 
-1.39093e-06 2.13119e-06 0 0 0 0 0 0 0 0 0 0 
-5.52886e-07 2.15003e-06 0 0 0 0 0 0 0 0 0 0 
2.95798e-07 2.15121e-06 0 0 0 0 0 0 0 0 0 0 
1.13634e-06 2.13465e-06 0 0 0 0 0 0 0 0 0 0 
1.95031e-06 2.10103e-06 0 0 0 0 0 0 0 0 0 0 
2.72041e-06 2.05168e-06 0 0 0 0 0 0 0 0 0 0 
3.43113e-06 1.98845e-06 0 0 0 0 0 0 0 0 0 0 
4.06927e-06 1.91356e-06 0 0 0 0 0 0 0 0 0 0 
4.62419e-06 1.82944e-06 0 0 0 0 0 0 0 0 0 0 
5.0879e-06 1.73858e-06 0 0 0 0 0 0 0 0 0 0 
5.45505e-06 1.6434e-06 0 0 0 0 0 0 0 0 0 0 
5.72271e-06 1.54613e-06 0 0 0 0 0 0 0 0 0 0 
5.89018e-06 1.44883e-06 0 0 0 0 0 0 0 0 0 0 
5.9587e-06 1.35324e-06 0 0 0 0 0 0 0 0 0 0 
5.93114e-06 1.26089e-06 0 0 0 0 0 0 0 0 0 0 
5.81174e-06 1.17301e-06 0 0 0 0 0 0 0 0 0 0 
5.60582e-06 1.09058e-06 0 0 0 0 0 0 0 0 0 0 
5.31951e-06 1.01437e-06 0 0 0 0 0 0 0 0 0 0 
4.95961e-06 9.44955e-07 0 0 0 0 0 0 0 0 0 0 
4.53334e-06 8.82752e-07 0 0 0 0 0 0 0 0 0 0 
4.04822e-06 8.28041e-07 0 0 0 0 0 0 0 0 0 0 
3.51198e-06 7.81004e-07 0 0 0 0 0 0 0 0 0 0 
2.93244e-06 7.41748e-07 0 0 0 0 0 0 0 0 0 0 
2.31748e-06 7.10327e-07 0 0 0 0 0 0 0 0 0 0 
1.67498e-06 6.86763e-07 0 0 0 0 0 0 0 0 0 0 
1.01284e-06 6.71058e-07 0 0 0 0 0 0 0 0 0 0 
6.77846e-07 6.63207e-07 0 0 0 0 0 0 0 0 0 0 

gradient_vector_computed: true true true true true true true true true true true true true true true true true true true true true true true true true true true true true true true true true true true true true true true true true true true true true true true true true true true true true true true true true true true true true true true true true true true true true true true true true true true true true true true true true true true true true true true true true true true true true true true true true true true true true true true true true true true true true true true true true true true true true true true true true true true true true true true true true true true true true true true true true true true true true true true true true true true true true true true true true true true true true true true true true true true true true true true true true true true true true true true true true true true true true true true true true true true true true true true true true true true true true true true true true true true true true true true true true true true true true true true true true true true true true true true true true true true true true true true true true true true true true true true true true true true true true true true true true true true true true true true true true true true true true true true true true true true true true true true true true true true true true true true true true true true true true true true true true true true true true true true true true true true true true true true true true true true true true true true true true true true true true true true true true true true true true true true true true true true true true true true true true true true true true true true true true true true true true true true true true true true true true true true true true true true true true true true true true true true true true true true true true true true true true true true true true true true true true true true true true true true true true true true true true true true true true true true true true true true true true true true true true true true true true true true true true true true true true true true true true true true true true true true true true true true true true true true true true true true true true true true true true true true true true true true true true true true true true true true true true true true true true true true true true true true true true true true true true true true true true true true true true true true true true true true true true true true true true true true true true true true true true true true true true true true true true true true true true true true true true true true true true true true true true true true true true true true true true true true true true true true true true true true true true true true true true true true true true true true true true true true true true true true true true true true true true true true true true true true true true true true true true true true true true true true true true true true true true true true true true true true true true true true true true true true true true true true true true true true true true true true true true true true true true true true true true true true true true true true true true true true true true true true true true true true true true true true true true true true true true true true true true true true true true true true true true true true true true true true true true true true true true true true true true true true true true true true true true true true true true true true true true true true true true true true true true true true true true true true true true true true true true true true true true true true true true true true true true true true true true true true true true true true true true true true true true true true true true true true true true true true true true true true true true true true true true true true true true true true true true true true true true true true true true true true true true true true true true true true true true true true true true true true true true true true true true true true true true true true true true true true true true true true true true true true true true true true true true true true true true true true true true true true true true true true true true true true true true true true true true true true true true true true true true true true true true true true true true true true true true true true true true true true true true true true true true true true true true true true true true true true true true true true true true true true true true true true true true true true true true true true true true true true true true true true true true true true true true true true true true true true true true true true true true true true true true true true true true true true true true true true true true true true true true true true true true true true true true true true true true true true true true true true true true true true true true true true true true true true true true true true true true true true true true true true true true true true true true true true true true true true true true true true true true true true true true true true true true true true true true true true true true true true true true true true true true true true true true true true true true true true true true true true true true true true true true true true true true true true true true true true true true true true true true true true true true true true true true true true true true true true true true true true true true true true true true true true true true true true true true true true true true true true true true true true true true true true true true true true true true true true true true true true true true true true true true true true true true true true true true true true true true true true true true true true true true true true true true true true true true true true true true true true true true true true true true true true true true true true true true true true true true true true true true true true true true true true true true true true true true true true true true true true true true true true true true true true true true true true true true true true true true true true true true true true true true true true true true true true true true true true true true true true true true true true true true true true true true true true true true true true true true true true true true true true true true true true true true true true true true true true true true true true true true true true true true true true true true true true true true true true true true true true true true true true true true true true true true true true true true true true true true true true true true true true true true true true true true true true true true true true true true true true true true true true true true true true true true true true true true true true true true true true true true true true true true true true true true true true true true true true true true true true true true true true true true true true true true true true true true true true true true true true true true true true true true true true true true true true true true true true true true true true true true true true true true true true true true true true true true true true true true true true true true true true true true true true true true true true true true true true true true true true true true true true true true true true true true true true true true true true true true true true true true true true true true true true true true true true true true true true true true true true true true true true true true true true true true true true true true true true true true true true true true true true true true true true true true true true true true true true true true true true true true true true true true true true true true true true true true true true true true true true true true true true true true true true true true true true true true true true true true true true true true true true true true true true true true true true true true true true true true true true true true true true true true true true true true true true true true true true true true true true true true true true true true true true true true true true true true true true true true true true true true true true true true true true true true true true true true true true true true true true true true true true true true true true true true true true true true true true true true true true true true true true true true true true true true true true true true true true true true true true true true true true true true true true true true true true true true true true true true true true true true true true true true true true true true true true true true true true true true true true true true true true true true true true true true true true true true true true true true true true true true true true true true true true true true true true true true true true true true true true true true true true true true true true true true true true true true true true true true true true true true true true true true true true true true true true true true true true true true true true true true true true true true true true true true true true true true true true true true true true true true true true true true true true true true true true true true true true true true true true true true true true true true true true true true true true true true true true true true true true true true true true true true true true true true true true true true true true true true true true true true true true true true true true true true true true true true true true true true true true true true true true true true true true true true true true true true true true true true true true true true true true true true true true true true true true true true true true true true true true true true true true true true true true true true true true true true true true true true true true true true true true true true true true true true true true true true true true true true true true true true true true true true true true true true true true true true true true true true true true true true true true true true true true true true true true true true true true true true true true true true true true true true true true true true true true true true true true true true true true true true true true true true true true true true true true true true true true true true true true true true true true true true true true true true true true true true true true true true true true true true true true true true true true true true true true true true true true true true true true true true true true true true true true true true true true true true true true true true true true true true true true true true true true true true true true true true true true true true true true true true true true true true true true true true true true true true true true true true true true true true true true true true true true true true true true true true true true true true true true true true true true true true true true true true true true true true true true true true true true true true true true true true true true true true true true true true true true true true true true true true true true true true true true true true true true true true true true true true true true true true true true true true true true true true true true true true true true true true true true true true true true true true true true true true true true true true true true true true true true true true true true true true true true true true true true true true true true true true true true true true true true true true true true true true true true true true true true true true true true true true true true true true true true true true true true true true true true true true true true true true true true true true true true true true true true true true true true true true true true true true true true true true true true true true true true true true true true true true true true true true true true true true true true true true true true true true true true true true true true true true true true true true true true true true true true true true true true true true true true true true true true true true true true true true true true true true true true true true true true true 
one: 1 1 1 1 
zero: 0 0 0 0 
one_half: 0.5 0.5 0.5 0.5 
one_third: 0.333333 0.333333 0.333333 0.333333 
thomas_temp1:

thomas_temp2:

thomas_constant1x: 
thomas_constant1y: 
thomas_constant1z: 
thomas_neg_constant1x: 
thomas_neg_constant1y: 
thomas_neg_constant1z: 
thomas_setup_done: false
thomas_i_jump: 1
thomas_j_jump: 50
thomas_k_jump: 0
thomas_constant1: 1.5 0 0 0 
thomas_constant1a: -1.5 -0 -0 -0 
thomas_constant2: 2.5e-06 0 0 0 
thomas_constant3: 4 1 1 1 
thomas_constant3a: 2.5 1 1 1 
name: microenvironment
supply_rates:

uptake_rates:

Densities: 4
oxygen
units: dimensionless
diffusion_coefficient: 60000 micron min
decay_rate: 0.0005 min
ecm
units: dimensionless
diffusion_coefficient: 0 micron min
decay_rate: 0 min
tgfbeta
units: dimensionless
diffusion_coefficient: 0 micron min
decay_rate: 0 min
light
units: dimensionless
diffusion_coefficient: 0 micron min
decay_rate: 0 min

Values for each voxel: 
32.7636 0.5 0.5 0 
32.7636 0.5 0.5 0 
32.7635 0.5 0.5 0 
32.7635 0.5 0.5 0 
32.7634 0.5 0.5 0 
32.7634 0.5 0.5 0 
32.7633 0.5 0.5 0 
32.7632 0.5 0.5 0 
32.7631 0.5 0.5 0 
32.763 0.5 0.5 0 
32.7629 0.5 0.5 0 
32.7628 0.5 0.5 0 
32.7627 0.5 0.5 0 
32.7626 0.5 0.5 0 
32.7624 0.5 0.5 0 
32.7623 0.5 0.5 0 
32.7622 0.5 0.5 0 
32.7621 0.5 0.5 0 
32.762 0.5 0.5 0 
32.7619 0.5 0.5 0 
32.7619 0.5 0.5 0 
32.7618 0.5 0.5 0 
32.7617 0.5 0.5 0 
32.7617 0.5 0.5 0 
32.7617 0.5 0.5 0 
32.7617 0.5 0.5 0 
32.7617 0.5 0.5 0 
32.7617 0.5 0.5 0 
32.7618 0.5 0.5 0 
32.7618 0.5 0.5 0 
32.7619 0.5 0.5 0 
32.762 0.5 0.5 0 
32.7621 0.5 0.5 0 
32.7622 0.5 0.5 0 
32.7623 0.5 0.5 0 
32.7624 0.5 0.5 0 
32.7625 0.5 0.5 0 
32.7626 0.5 0.5 0 
32.7628 0.5 0.5 0 
32.7629 0.5 0.5 0 
32.763 0.5 0.5 0 
32.7631 0.5 0.5 0 
32.7632 0.5 0.5 0 
32.7632 0.5 0.5 0 
32.7633 0.5 0.5 0 
32.7634 0.5 0.5 0 
32.7634 0.5 0.5 0 
32.7635 0.5 0.5 0 
32.7635 0.5 0.5 0 
32.7635 0.5 0.5 0 
32.7636 0.5 0.5 0 
32.7635 0.5 0.5 0 
32.7635 0.5 0.5 0 
32.7635 0.5 0.5 0 
32.7634 0.5 0.5 0 
32.7634 0.5 0.5 0 
32.7633 0.5 0.5 0 
32.7632 0.5 0.5 0 
32.7631 0.5 0.5 0 
32.763 0.5 0.5 0 
32.7629 0.5 0.5 0 
32.7628 0.5 0.5 0 
32.7627 0.5 0.5 0 
32.7625 0.5 0.5 0 
32.7624 0.5 0.5 0 
32.7623 0.5 0.5 0 
32.7622 0.5 0.5 0 
32.7621 0.5 0.5 0 
32.762 0.5 0.5 0 
32.7619 0.5 0.5 0 
32.7618 0.5 0.5 0 
32.7618 0.5 0.5 0 
32.7617 0.5 0.5 0 
32.7617 0.5 0.5 0 
32.7616 0.5 0.5 0 
32.7616 0.5 0.5 0 
32.7617 0.5 0.5 0 
32.7617 0.5 0.5 0 
32.7617 0.5 0.5 0 
32.7618 0.5 0.5 0 
32.7619 0.5 0.5 0 
32.762 0.5 0.5 0 
32.7621 0.5 0.5 0 
32.7622 0.5 0.5 0 
32.7623 0.5 0.5 0 
32.7624 0.5 0.5 0 
32.7625 0.5 0.5 0 
32.7626 0.5 0.5 0 
32.7627 0.5 0.5 0 
32.7628 0.5 0.5 0 
32.7629 0.5 0.5 0 
32.763 0.5 0.5 0 
32.7631 0.5 0.5 0 
32.7632 0.5 0.5 0 
32.7633 0.5 0.5 0 
32.7634 0.5 0.5 0 
32.7634 0.5 0.5 0 
32.7635 0.5 0.5 0 
32.7635 0.5 0.5 0 
32.7635 0.5 0.5 0 
32.7635 0.5 0.5 0 
32.7635 0.5 0.5 0 
32.7635 0.5 0.5 0 
32.7634 0.5 0.5 0 
32.7634 0.5 0.5 0 
32.7633 0.5 0.5 0 
32.7632 0.5 0.5 0 
32.7632 0.5 0.5 0 
32.7631 0.5 0.5 0 
32.763 0.5 0.5 0 
32.7628 0.5 0.5 0 
32.7627 0.5 0.5 0 
32.7626 0.5 0.5 0 
32.7625 0.5 0.5 0 
32.7624 0.5 0.5 0 
32.7622 0.5 0.5 0 
32.7621 0.5 0.5 0 
32.762 0.5 0.5 0 
32.7619 0.5 0.5 0 
32.7618 0.5 0.5 0 
32.7617 0.5 0.5 0 
32.7617 0.5 0.5 0 
32.7616 0.5 0.5 0 
32.7616 0.5 0.5 0 
32.7616 0.5 0.5 0 
32.7616 0.5 0.5 0 
32.7616 0.5 0.5 0 
32.7616 0.5 0.5 0 
32.7617 0.5 0.5 0 
32.7617 0.5 0.5 0 
32.7618 0.5 0.5 0 
32.7619 0.5 0.5 0 
32.762 0.5 0.5 0 
32.7621 0.5 0.5 0 
32.7622 0.5 0.5 0 
32.7623 0.5 0.5 0 
32.7624 0.5 0.5 0 
32.7626 0.5 0.5 0 
32.7627 0.5 0.5 0 
32.7628 0.5 0.5 0 
32.7629 0.5 0.5 0 
32.763 0.5 0.5 0 
32.7631 0.5 0.5 0 
32.7632 0.5 0.5 0 
32.7633 0.5 0.5 0 
32.7633 0.5 0.5 0 
32.7634 0.5 0.5 0 
32.7634 0.5 0.5 0 
32.7635 0.5 0.5 0 
32.7635 0.5 0.5 0 
32.7635 0.5 0.5 0 
32.7635 0.5 0.5 0 
32.7634 0.5 0.5 0 
32.7634 0.5 0.5 0 
32.7633 0.5 0.5 0 
32.7633 0.5 0.5 0 
32.7632 0.5 0.5 0 
32.7631 0.5 0.5 0 
32.763 0.5 0.5 0 
32.7629 0.5 0.5 0 
32.7628 0.5 0.5 0 
32.7627 0.5 0.5 0 
32.7625 0.5 0.5 0 
32.7624 0.5 0.5 0 
32.7623 0.5 0.5 0 
32.7622 0.5 0.5 0 
32.762 0.5 0.5 0 
32.7619 0.5 0.5 0 
32.7618 0.5 0.5 0 
32.7617 0.5 0.5 0 
32.7616 0.5 0.5 0 
32.7615 0.5 0.5 0 
32.7615 0.5 0.5 0 
32.7615 0.5 0.5 0 
32.7614 0.5 0.5 0 
32.7614 0.5 0.5 0 
32.7614 0.5 0.5 0 
32.7615 0.5 0.5 0 
32.7615 0.5 0.5 0 
32.7616 0.5 0.5 0 
32.7617 0.5 0.5 0 
32.7618 0.5 0.5 0 
32.7619 0.5 0.5 0 
32.762 0.5 0.5 0 
32.7621 0.5 0.5 0 
32.7622 0.5 0.5 0 
32.7624 0.5 0.5 0 
32.7625 0.5 0.5 0 
32.7626 0.5 0.5 0 
32.7627 0.5 0.5 0 
32.7628 0.5 0.5 0 
32.763 0.5 0.5 0 
32.7631 0.5 0.5 0 
32.7631 0.5 0.5 0 
32.7632 0.5 0.5 0 
32.7633 0.5 0.5 0 
32.7633 0.5 0.5 0 
32.7634 0.5 0.5 0 
32.7634 0.5 0.5 0 
32.7634 0.5 0.5 0 
32.7634 0.5 0.5 0 
32.7634 0.5 0.5 0 
32.7634 0.5 0.5 0 
32.7633 0.5 0.5 0 
32.7633 0.5 0.5 0 
32.7632 0.5 0.5 0 
32.7631 0.5 0.5 0 
32.763 0.5 0.5 0 
32.7629 0.5 0.5 0 
32.7628 0.5 0.5 0 
32.7627 0.5 0.5 0 
32.7626 0.5 0.5 0 
32.7624 0.5 0.5 0 
32.7623 0.5 0.5 0 
32.7622 0.5 0.5 0 
32.762 0.5 0.5 0 
32.7619 0.5 0.5 0 
32.7618 0.5 0.5 0 
32.7617 0.5 0.5 0 
32.7616 0.5 0.5 0 
32.7615 0.5 0.5 0 
32.7614 0.5 0.5 0 
32.7613 0.5 0.5 0 
32.7613 0.5 0.5 0 
32.7613 0.5 0.5 0 
32.7613 0.5 0.5 0 
32.7613 0.5 0.5 0 
32.7613 0.5 0.5 0 
32.7614 0.5 0.5 0 
32.7614 0.5 0.5 0 
32.7615 0.5 0.5 0 
32.7616 0.5 0.5 0 
32.7617 0.5 0.5 0 
32.7619 0.5 0.5 0 
32.762 0.5 0.5 0 
32.7621 0.5 0.5 0 
32.7623 0.5 0.5 0 
32.7624 0.5 0.5 0 
32.7625 0.5 0.5 0 
32.7626 0.5 0.5 0 
32.7628 0.5 0.5 0 
32.7629 0.5 0.5 0 
32.763 0.5 0.5 0 
32.7631 0.5 0.5 0 
32.7632 0.5 0.5 0 
32.7632 0.5 0.5 0 
32.7633 0.5 0.5 0 
32.7633 0.5 0.5 0 
32.7634 0.5 0.5 0 
32.7634 0.5 0.5 0 
32.7634 0.5 0.5 0 
32.7634 0.5 0.5 0 
32.7633 0.5 0.5 0 
32.7633 0.5 0.5 0 
32.7632 0.5 0.5 0 
32.7631 0.5 0.5 0 
32.7631 0.5 0.5 0 
32.763 0.5 0.5 0 
32.7628 0.5 0.5 0 
32.7627 0.5 0.5 0 
32.7626 0.5 0.5 0 
32.7625 0.5 0.5 0 
32.7623 0.5 0.5 0 
32.7622 0.5 0.5 0 
32.762 0.5 0.5 0 
32.7619 0.5 0.5 0 
32.7617 0.5 0.5 0 
32.7616 0.5 0.5 0 
32.7615 0.5 0.5 0 
32.7614 0.5 0.5 0 
32.7613 0.5 0.5 0 
32.7612 0.5 0.5 0 
32.7611 0.5 0.5 0 
32.7611 0.5 0.5 0 
32.761 0.5 0.5 0 
32.761 0.5 0.5 0 
32.7611 0.5 0.5 0 
32.7611 0.5 0.5 0 
32.7612 0.5 0.5 0 
32.7612 0.5 0.5 0 
32.7613 0.5 0.5 0 
32.7614 0.5 0.5 0 
32.7616 0.5 0.5 0 
32.7617 0.5 0.5 0 
32.7618 0.5 0.5 0 
32.762 0.5 0.5 0 
32.7621 0.5 0.5 0 
32.7623 0.5 0.5 0 
32.7624 0.5 0.5 0 
32.7625 0.5 0.5 0 
32.7627 0.5 0.5 0 
32.7628 0.5 0.5 0 
32.7629 0.5 0.5 0 
32.763 0.5 0.5 0 
32.7631 0.5 0.5 0 
32.7632 0.5 0.5 0 
32.7632 0.5 0.5 0 
32.7633 0.5 0.5 0 
32.7633 0.5 0.5 0 
32.7633 0.5 0.5 0 
32.7633 0.5 0.5 0 
32.7633 0.5 0.5 0 
32.7632 0.5 0.5 0 
32.7632 0.5 0.5 0 
32.7631 0.5 0.5 0 
32.7631 0.5 0.5 0 
32.763 0.5 0.5 0 
32.7629 0.5 0.5 0 
32.7627 0.5 0.5 0 
32.7626 0.5 0.5 0 
32.7625 0.5 0.5 0 
32.7623 0.5 0.5 0 
32.7622 0.5 0.5 0 
32.762 0.5 0.5 0 
32.7619 0.5 0.5 0 
32.7617 0.5 0.5 0 
32.7615 0.5 0.5 0 
32.7614 0.5 0.5 0 
32.7613 0.5 0.5 0 
32.7611 0.5 0.5 0 
32.761 0.5 0.5 0 
32.7609 0.5 0.5 0 
32.7609 0.5 0.5 0 
32.7608 0.5 0.5 0 
32.7608 0.5 0.5 0 
32.7608 0.5 0.5 0 
32.7608 0.5 0.5 0 
32.7608 0.5 0.5 0 
32.7609 0.5 0.5 0 
32.761 0.5 0.5 0 
32.7611 0.5 0.5 0 
32.7612 0.5 0.5 0 
32.7614 0.5 0.5 0 
32.7615 0.5 0.5 0 
32.7616 0.5 0.5 0 
32.7618 0.5 0.5 0 
32.762 0.5 0.5 0 
32.7621 0.5 0.5 0 
32.7623 0.5 0.5 0 
32.7624 0.5 0.5 0 
32.7625 0.5 0.5 0 
32.7627 0.5 0.5 0 
32.7628 0.5 0.5 0 
32.7629 0.5 0.5 0 
32.763 0.5 0.5 0 
32.7631 0.5 0.5 0 
32.7631 0.5 0.5 0 
32.7632 0.5 0.5 0 
32.7632 0.5 0.5 0 
32.7632 0.5 0.5 0 
32.7632 0.5 0.5 0 
32.7632 0.5 0.5 0 
32.7632 0.5 0.5 0 
32.7631 0.5 0.5 0 
32.763 0.5 0.5 0 
32.7629 0.5 0.5 0 
32.7628 0.5 0.5 0 
32.7627 0.5 0.5 0 
32.7626 0.5 0.5 0 
32.7625 0.5 0.5 0 
32.7623 0.5 0.5 0 
32.7622 0.5 0.5 0 
32.762 0.5 0.5 0 
32.7618 0.5 0.5 0 
32.7617 0.5 0.5 0 
32.7615 0.5 0.5 0 
32.7613 0.5 0.5 0 
32.7611 0.5 0.5 0 
32.761 0.5 0.5 0 
32.7609 0.5 0.5 0 
32.7607 0.5 0.5 0 
32.7606 0.5 0.5 0 
32.7606 0.5 0.5 0 
32.7605 0.5 0.5 0 
32.7605 0.5 0.5 0 
32.7605 0.5 0.5 0 
32.7605 0.5 0.5 0 
32.7605 0.5 0.5 0 
32.7606 0.5 0.5 0 
32.7607 0.5 0.5 0 
32.7608 0.5 0.5 0 
32.761 0.5 0.5 0 
32.7611 0.5 0.5 0 
32.7613 0.5 0.5 0 
32.7614 0.5 0.5 0 
32.7616 0.5 0.5 0 
32.7618 0.5 0.5 0 
32.7619 0.5 0.5 0 
32.7621 0.5 0.5 0 
32.7623 0.5 0.5 0 
32.7624 0.5 0.5 0 
32.7625 0.5 0.5 0 
32.7627 0.5 0.5 0 
32.7628 0.5 0.5 0 
32.7629 0.5 0.5 0 
32.763 0.5 0.5 0 
32.763 0.5 0.5 0 
32.7631 0.5 0.5 0 
32.7631 0.5 0.5 0 
32.7631 0.5 0.5 0 
32.7631 0.5 0.5 0 
32.7631 0.5 0.5 0 
32.7631 0.5 0.5 0 
32.763 0.5 0.5 0 
32.7629 0.5 0.5 0 
32.7628 0.5 0.5 0 
32.7627 0.5 0.5 0 
32.7626 0.5 0.5 0 
32.7625 0.5 0.5 0 
32.7623 0.5 0.5 0 
32.7622 0.5 0.5 0 
32.762 0.5 0.5 0 
32.7618 0.5 0.5 0 
32.7616 0.5 0.5 0 
32.7614 0.5 0.5 0 
32.7612 0.5 0.5 0 
32.761 0.5 0.5 0 
32.7609 0.5 0.5 0 
32.7607 0.5 0.5 0 
32.7605 0.5 0.5 0 
32.7604 0.5 0.5 0 
32.7603 0.5 0.5 0 
32.7602 0.5 0.5 0 
32.7601 0.5 0.5 0 
32.7601 0.5 0.5 0 
32.7601 0.5 0.5 0 
32.7601 0.5 0.5 0 
32.7602 0.5 0.5 0 
32.7603 0.5 0.5 0 
32.7604 0.5 0.5 0 
32.7605 0.5 0.5 0 
32.7607 0.5 0.5 0 
32.7608 0.5 0.5 0 
32.761 0.5 0.5 0 
32.7612 0.5 0.5 0 
32.7614 0.5 0.5 0 
32.7616 0.5 0.5 0 
32.7617 0.5 0.5 0 
32.7619 0.5 0.5 0 
32.7621 0.5 0.5 0 
32.7623 0.5 0.5 0 
32.7624 0.5 0.5 0 
32.7625 0.5 0.5 0 
32.7627 0.5 0.5 0 
32.7628 0.5 0.5 0 
32.7629 0.5 0.5 0 
32.7629 0.5 0.5 0 
32.763 0.5 0.5 0 
32.763 0.5 0.5 0 
32.763 0.5 0.5 0 
32.763 0.5 0.5 0 
32.763 0.5 0.5 0 
32.7629 0.5 0.5 0 
32.7629 0.5 0.5 0 
32.7628 0.5 0.5 0 
32.7627 0.5 0.5 0 
32.7626 0.5 0.5 0 
32.7625 0.5 0.5 0 
32.7623 0.5 0.5 0 
32.7622 0.5 0.5 0 
32.762 0.5 0.5 0 
32.7618 0.5 0.5 0 
32.7616 0.5 0.5 0 
32.7614 0.5 0.5 0 
32.7612 0.5 0.5 0 
32.761 0.5 0.5 0 
32.7608 0.5 0.5 0 
32.7606 0.5 0.5 0 
32.7604 0.5 0.5 0 
32.7602 0.5 0.5 0 
32.76 0.5 0.5 0 
32.7599 0.5 0.5 0 
32.7598 0.5 0.5 0 
32.7597 0.5 0.5 0 
32.7597 0.5 0.5 0 
32.7597 0.5 0.5 0 
32.7597 0.5 0.5 0 
32.7598 0.5 0.5 0 
32.7599 0.5 0.5 0 
32.76 0.5 0.5 0 
32.7602 0.5 0.5 0 
32.7603 0.5 0.5 0 
32.7605 0.5 0.5 0 
32.7607 0.5 0.5 0 
32.7609 0.5 0.5 0 
32.7611 0.5 0.5 0 
32.7613 0.5 0.5 0 
32.7615 0.5 0.5 0 
32.7617 0.5 0.5 0 
32.7619 0.5 0.5 0 
32.7621 0.5 0.5 0 
32.7622 0.5 0.5 0 
32.7624 0.5 0.5 0 
32.7625 0.5 0.5 0 
32.7626 0.5 0.5 0 
32.7627 0.5 0.5 0 
32.7628 0.5 0.5 0 
32.7629 0.5 0.5 0 
32.7629 0.5 0.5 0 
32.7629 0.5 0.5 0 
32.7629 0.5 0.5 0 
32.7629 0.5 0.5 0 
32.7628 0.5 0.5 0 
32.7628 0.5 0.5 0 
32.7627 0.5 0.5 0 
32.7626 0.5 0.5 0 
32.7625 0.5 0.5 0 
32.7623 0.5 0.5 0 
32.7621 0.5 0.5 0 
32.762 0.5 0.5 0 
32.7618 0.5 0.5 0 
32.7616 0.5 0.5 0 
32.7614 0.5 0.5 0 
32.7611 0.5 0.5 0 
32.7609 0.5 0.5 0 
32.7607 0.5 0.5 0 
32.7604 0.5 0.5 0 
32.7602 0.5 0.5 0 
32.76 0.5 0.5 0 
32.7598 0.5 0.5 0 
32.7596 0.5 0.5 0 
32.7594 0.5 0.5 0 
32.7593 0.5 0.5 0 
32.7592 0.5 0.5 0 
32.7592 0.5 0.5 0 
32.7592 0.5 0.5 0 
32.7592 0.5 0.5 0 
32.7593 0.5 0.5 0 
32.7594 0.5 0.5 0 
32.7596 0.5 0.5 0 
32.7597 0.5 0.5 0 
32.7599 0.5 0.5 0 
32.7602 0.5 0.5 0 
32.7604 0.5 0.5 0 
32.7606 0.5 0.5 0 
32.7608 0.5 0.5 0 
32.7611 0.5 0.5 0 
32.7613 0.5 0.5 0 
32.7615 0.5 0.5 0 
32.7617 0.5 0.5 0 
32.7619 0.5 0.5 0 
32.7621 0.5 0.5 0 
32.7622 0.5 0.5 0 
32.7624 0.5 0.5 0 
32.7625 0.5 0.5 0 
32.7626 0.5 0.5 0 
32.7627 0.5 0.5 0 
32.7628 0.5 0.5 0 
32.7628 0.5 0.5 0 
32.7628 0.5 0.5 0 
32.7628 0.5 0.5 0 
32.7628 0.5 0.5 0 
32.7627 0.5 0.5 0 
32.7626 0.5 0.5 0 
32.7626 0.5 0.5 0 
32.7624 0.5 0.5 0 
32.7623 0.5 0.5 0 
32.7621 0.5 0.5 0 
32.762 0.5 0.5 0 
32.7618 0.5 0.5 0 
32.7616 0.5 0.5 0 
32.7613 0.5 0.5 0 
32.7611 0.5 0.5 0 
32.7609 0.5 0.5 0 
32.7606 0.5 0.5 0 
32.7603 0.5 0.5 0 
32.7601 0.5 0.5 0 
32.7598 0.5 0.5 0 
32.7596 0.5 0.5 0 
32.7593 0.5 0.5 0 
32.7591 0.5 0.5 0 
32.7589 0.5 0.5 0 
32.7588 0.5 0.5 0 
32.7587 0.5 0.5 0 
32.7586 0.5 0.5 0 
32.7586 0.5 0.5 0 
32.7587 0.5 0.5 0 
32.7588 0.5 0.5 0 
32.7589 0.5 0.5 0 
32.7591 0.5 0.5 0 
32.7593 0.5 0.5 0 
32.7595 0.5 0.5 0 
32.7598 0.5 0.5 0 
32.76 0.5 0.5 0 
32.7603 0.5 0.5 0 
32.7605 0.5 0.5 0 
32.7608 0.5 0.5 0 
32.761 0.5 0.5 0 
32.7613 0.5 0.5 0 
32.7615 0.5 0.5 0 
32.7617 0.5 0.5 0 
32.7619 0.5 0.5 0 
32.7621 0.5 0.5 0 
32.7622 0.5 0.5 0 
32.7624 0.5 0.5 0 
32.7625 0.5 0.5 0 
32.7626 0.5 0.5 0 
32.7626 0.5 0.5 0 
32.7627 0.5 0.5 0 
32.7627 0.5 0.5 0 
32.7627 0.5 0.5 0 
32.7626 0.5 0.5 0 
32.7626 0.5 0.5 0 
32.7625 0.5 0.5 0 
32.7624 0.5 0.5 0 
32.7623 0.5 0.5 0 
32.7621 0.5 0.5 0 
32.762 0.5 0.5 0 
32.7618 0.5 0.5 0 
32.7616 0.5 0.5 0 
32.7613 0.5 0.5 0 
32.7611 0.5 0.5 0 
32.7608 0.5 0.5 0 
32.7606 0.5 0.5 0 
32.7603 0.5 0.5 0 
32.76 0.5 0.5 0 
32.7597 0.5 0.5 0 
32.7594 0.5 0.5 0 
32.7591 0.5 0.5 0 
32.7588 0.5 0.5 0 
32.7586 0.5 0.5 0 
32.7584 0.5 0.5 0 
32.7582 0.5 0.5 0 
32.7581 0.5 0.5 0 
32.758 0.5 0.5 0 
32.758 0.5 0.5 0 
32.7581 0.5 0.5 0 
32.7582 0.5 0.5 0 
32.7583 0.5 0.5 0 
32.7585 0.5 0.5 0 
32.7588 0.5 0.5 0 
32.759 0.5 0.5 0 
32.7593 0.5 0.5 0 
32.7596 0.5 0.5 0 
32.7599 0.5 0.5 0 
32.7602 0.5 0.5 0 
32.7605 0.5 0.5 0 
32.7608 0.5 0.5 0 
32.761 0.5 0.5 0 
32.7613 0.5 0.5 0 
32.7615 0.5 0.5 0 
32.7617 0.5 0.5 0 
32.7619 0.5 0.5 0 
32.7621 0.5 0.5 0 
32.7622 0.5 0.5 0 
32.7623 0.5 0.5 0 
32.7624 0.5 0.5 0 
32.7625 0.5 0.5 0 
32.7626 0.5 0.5 0 
32.7626 0.5 0.5 0 
32.7625 0.5 0.5 0 
32.7625 0.5 0.5 0 
32.7625 0.5 0.5 0 
32.7624 0.5 0.5 0 
32.7623 0.5 0.5 0 
32.7621 0.5 0.5 0 
32.762 0.5 0.5 0 
32.7618 0.5 0.5 0 
32.7616 0.5 0.5 0 
32.7614 0.5 0.5 0 
32.7611 0.5 0.5 0 
32.7608 0.5 0.5 0 
32.7606 0.5 0.5 0 
32.7602 0.5 0.5 0 
32.7599 0.5 0.5 0 
32.7596 0.5 0.5 0 
32.7593 0.5 0.5 0 
32.7589 0.5 0.5 0 
32.7586 0.5 0.5 0 
32.7583 0.5 0.5 0 
32.758 0.5 0.5 0 
32.7577 0.5 0.5 0 
32.7575 0.5 0.5 0 
32.7574 0.5 0.5 0 
32.7573 0.5 0.5 0 
32.7573 0.5 0.5 0 
32.7574 0.5 0.5 0 
32.7575 0.5 0.5 0 
32.7577 0.5 0.5 0 
32.7579 0.5 0.5 0 
32.7582 0.5 0.5 0 
32.7585 0.5 0.5 0 
32.7589 0.5 0.5 0 
32.7592 0.5 0.5 0 
32.7595 0.5 0.5 0 
32.7599 0.5 0.5 0 
32.7602 0.5 0.5 0 
32.7605 0.5 0.5 0 
32.7608 0.5 0.5 0 
32.761 0.5 0.5 0 
32.7613 0.5 0.5 0 
32.7615 0.5 0.5 0 
32.7617 0.5 0.5 0 
32.7619 0.5 0.5 0 
32.7621 0.5 0.5 0 
32.7622 0.5 0.5 0 
32.7623 0.5 0.5 0 
32.7624 0.5 0.5 0 
32.7624 0.5 0.5 0 
32.7625 0.5 0.5 0 
32.7624 0.5 0.5 0 
32.7624 0.5 0.5 0 
32.7623 0.5 0.5 0 
32.7623 0.5 0.5 0 
32.7621 0.5 0.5 0 
32.762 0.5 0.5 0 
32.7618 0.5 0.5 0 
32.7616 0.5 0.5 0 
32.7614 0.5 0.5 0 
32.7612 0.5 0.5 0 
32.7609 0.5 0.5 0 
32.7606 0.5 0.5 0 
32.7603 0.5 0.5 0 
32.7599 0.5 0.5 0 
32.7596 0.5 0.5 0 
32.7592 0.5 0.5 0 
32.7588 0.5 0.5 0 
32.7584 0.5 0.5 0 
32.758 0.5 0.5 0 
32.7577 0.5 0.5 0 
32.7573 0.5 0.5 0 
32.757 0.5 0.5 0 
32.7568 0.5 0.5 0 
32.7566 0.5 0.5 0 
32.7565 0.5 0.5 0 
32.7565 0.5 0.5 0 
32.7566 0.5 0.5 0 
32.7567 0.5 0.5 0 
32.757 0.5 0.5 0 
32.7573 0.5 0.5 0 
32.7576 0.5 0.5 0 
32.758 0.5 0.5 0 
32.7583 0.5 0.5 0 
32.7587 0.5 0.5 0 
32.7591 0.5 0.5 0 
32.7595 0.5 0.5 0 
32.7598 0.5 0.5 0 
32.7602 0.5 0.5 0 
32.7605 0.5 0.5 0 
32.7608 0.5 0.5 0 
32.7611 0.5 0.5 0 
32.7613 0.5 0.5 0 
32.7616 0.5 0.5 0 
32.7617 0.5 0.5 0 
32.7619 0.5 0.5 0 
32.7621 0.5 0.5 0 
32.7622 0.5 0.5 0 
32.7623 0.5 0.5 0 
32.7623 0.5 0.5 0 
32.7623 0.5 0.5 0 
32.7623 0.5 0.5 0 
32.7623 0.5 0.5 0 
32.7622 0.5 0.5 0 
32.7621 0.5 0.5 0 
32.762 0.5 0.5 0 
32.7618 0.5 0.5 0 
32.7617 0.5 0.5 0 
32.7615 0.5 0.5 0 
32.7612 0.5 0.5 0 
32.7609 0.5 0.5 0 
32.7606 0.5 0.5 0 
32.7603 0.5 0.5 0 
32.76 0.5 0.5 0 
32.7596 0.5 0.5 0 
32.7592 0.5 0.5 0 
32.7588 0.5 0.5 0 
32.7583 0.5 0.5 0 
32.7579 0.5 0.5 0 
32.7574 0.5 0.5 0 
32.757 0.5 0.5 0 
32.7566 0.5 0.5 0 
32.7562 0.5 0.5 0 
32.7559 0.5 0.5 0 
32.7557 0.5 0.5 0 
32.7556 0.5 0.5 0 
32.7556 0.5 0.5 0 
32.7557 0.5 0.5 0 
32.7559 0.5 0.5 0 
32.7562 0.5 0.5 0 
32.7565 0.5 0.5 0 
32.7569 0.5 0.5 0 
32.7574 0.5 0.5 0 
32.7578 0.5 0.5 0 
32.7582 0.5 0.5 0 
32.7587 0.5 0.5 0 
32.7591 0.5 0.5 0 
32.7595 0.5 0.5 0 
32.7599 0.5 0.5 0 
32.7602 0.5 0.5 0 
32.7606 0.5 0.5 0 
32.7609 0.5 0.5 0 
32.7611 0.5 0.5 0 
32.7614 0.5 0.5 0 
32.7616 0.5 0.5 0 
32.7618 0.5 0.5 0 
32.7619 0.5 0.5 0 
32.762 0.5 0.5 0 
32.7621 0.5 0.5 0 
32.7622 0.5 0.5 0 
32.7622 0.5 0.5 0 
32.7622 0.5 0.5 0 
32.7622 0.5 0.5 0 
32.7621 0.5 0.5 0 
32.762 0.5 0.5 0 
32.7619 0.5 0.5 0 
32.7617 0.5 0.5 0 
32.7615 0.5 0.5 0 
32.7613 0.5 0.5 0 
32.761 0.5 0.5 0 
32.7607 0.5 0.5 0 
32.7604 0.5 0.5 0 
32.76 0.5 0.5 0 
32.7597 0.5 0.5 0 
32.7592 0.5 0.5 0 
32.7588 0.5 0.5 0 
32.7583 0.5 0.5 0 
32.7578 0.5 0.5 0 
32.7573 0.5 0.5 0 
32.7568 0.5 0.5 0 
32.7563 0.5 0.5 0 
32.7558 0.5 0.5 0 
32.7554 0.5 0.5 0 
32.755 0.5 0.5 0 
32.7547 0.5 0.5 0 
32.7546 0.5 0.5 0 
32.7546 0.5 0.5 0 
32.7547 0.5 0.5 0 
32.7549 0.5 0.5 0 
32.7553 0.5 0.5 0 
32.7557 0.5 0.5 0 
32.7562 0.5 0.5 0 
32.7567 0.5 0.5 0 
32.7572 0.5 0.5 0 
32.7577 0.5 0.5 0 
32.7582 0.5 0.5 0 
32.7587 0.5 0.5 0 
32.7592 0.5 0.5 0 
32.7596 0.5 0.5 0 
32.76 0.5 0.5 0 
32.7603 0.5 0.5 0 
32.7606 0.5 0.5 0 
32.7609 0.5 0.5 0 
32.7612 0.5 0.5 0 
32.7614 0.5 0.5 0 
32.7616 0.5 0.5 0 
32.7618 0.5 0.5 0 
32.7619 0.5 0.5 0 
32.762 0.5 0.5 0 
32.7621 0.5 0.5 0 
32.7621 0.5 0.5 0 
32.7621 0.5 0.5 0 
32.762 0.5 0.5 0 
32.762 0.5 0.5 0 
32.7619 0.5 0.5 0 
32.7617 0.5 0.5 0 
32.7616 0.5 0.5 0 
32.7614 0.5 0.5 0 
32.7611 0.5 0.5 0 
32.7608 0.5 0.5 0 
32.7605 0.5 0.5 0 
32.7602 0.5 0.5 0 
32.7598 0.5 0.5 0 
32.7594 0.5 0.5 0 
32.7589 0.5 0.5 0 
32.7584 0.5 0.5 0 
32.7579 0.5 0.5 0 
32.7573 0.5 0.5 0 
32.7567 0.5 0.5 0 
32.7561 0.5 0.5 0 
32.7555 0.5 0.5 0 
32.7549 0.5 0.5 0 
32.7544 0.5 0.5 0 
32.7539 0.5 0.5 0 
32.7536 0.5 0.5 0 
32.7534 0.5 0.5 0 
32.7534 0.5 0.5 0 
32.7535 0.5 0.5 0 
32.7539 0.5 0.5 0 
32.7543 0.5 0.5 0 
32.7549 0.5 0.5 0 
32.7554 0.5 0.5 0 
32.756 0.5 0.5 0 
32.7566 0.5 0.5 0 
32.7572 0.5 0.5 0 
32.7578 0.5 0.5 0 
32.7583 0.5 0.5 0 
32.7588 0.5 0.5 0 
32.7593 0.5 0.5 0 
32.7597 0.5 0.5 0 
32.7601 0.5 0.5 0 
32.7604 0.5 0.5 0 
32.7607 0.5 0.5 0 
32.761 0.5 0.5 0 
32.7613 0.5 0.5 0 
32.7615 0.5 0.5 0 
32.7617 0.5 0.5 0 
32.7618 0.5 0.5 0 
32.7619 0.5 0.5 0 
32.762 0.5 0.5 0 
32.762 0.5 0.5 0 
32.762 0.5 0.5 0 
32.7619 0.5 0.5 0 
32.7619 0.5 0.5 0 
32.7618 0.5 0.5 0 
32.7616 0.5 0.5 0 
32.7614 0.5 0.5 0 
32.7612 0.5 0.5 0 
32.761 0.5 0.5 0 
32.7607 0.5 0.5 0 
32.7603 0.5 0.5 0 
32.7599 0.5 0.5 0 
32.7595 0.5 0.5 0 
32.7591 0.5 0.5 0 
32.7586 0.5 0.5 0 
32.758 0.5 0.5 0 
32.7574 0.5 0.5 0 
32.7568 0.5 0.5 0 
32.7561 0.5 0.5 0 
32.7554 0.5 0.5 0 
32.7547 0.5 0.5 0 
32.754 0.5 0.5 0 
32.7533 0.5 0.5 0 
32.7527 0.5 0.5 0 
32.7523 0.5 0.5 0 
32.752 0.5 0.5 0 
32.752 0.5 0.5 0 
32.7522 0.5 0.5 0 
32.7527 0.5 0.5 0 
32.7532 0.5 0.5 0 
32.7539 0.5 0.5 0 
32.7546 0.5 0.5 0 
32.7553 0.5 0.5 0 
32.756 0.5 0.5 0 
32.7567 0.5 0.5 0 
32.7573 0.5 0.5 0 
32.7579 0.5 0.5 0 
32.7585 0.5 0.5 0 
32.759 0.5 0.5 0 
32.7594 0.5 0.5 0 
32.7599 0.5 0.5 0 
32.7602 0.5 0.5 0 
32.7606 0.5 0.5 0 
32.7609 0.5 0.5 0 
32.7611 0.5 0.5 0 
32.7613 0.5 0.5 0 
32.7615 0.5 0.5 0 
32.7617 0.5 0.5 0 
32.7618 0.5 0.5 0 
32.7619 0.5 0.5 0 
32.7619 0.5 0.5 0 
32.7619 0.5 0.5 0 
32.7618 0.5 0.5 0 
32.7618 0.5 0.5 0 
32.7617 0.5 0.5 0 
32.7615 0.5 0.5 0 
32.7613 0.5 0.5 0 
32.7611 0.5 0.5 0 
32.7608 0.5 0.5 0 
32.7605 0.5 0.5 0 
32.7601 0.5 0.5 0 
32.7597 0.5 0.5 0 
32.7593 0.5 0.5 0 
32.7588 0.5 0.5 0 
32.7582 0.5 0.5 0 
32.7576 0.5 0.5 0 
32.757 0.5 0.5 0 
32.7563 0.5 0.5 0 
32.7555 0.5 0.5 0 
32.7547 0.5 0.5 0 
32.7539 0.5 0.5 0 
32.753 0.5 0.5 0 
32.7521 0.5 0.5 0 
32.7513 0.5 0.5 0 
32.7507 0.5 0.5 0 
32.7504 0.5 0.5 0 
32.7504 0.5 0.5 0 
32.7507 0.5 0.5 0 
32.7513 0.5 0.5 0 
32.752 0.5 0.5 0 
32.7529 0.5 0.5 0 
32.7537 0.5 0.5 0 
32.7546 0.5 0.5 0 
32.7554 0.5 0.5 0 
32.7562 0.5 0.5 0 
32.7569 0.5 0.5 0 
32.7575 0.5 0.5 0 
32.7581 0.5 0.5 0 
32.7587 0.5 0.5 0 
32.7592 0.5 0.5 0 
32.7596 0.5 0.5 0 
32.76 0.5 0.5 0 
32.7604 0.5 0.5 0 
32.7607 0.5 0.5 0 
32.761 0.5 0.5 0 
32.7612 0.5 0.5 0 
32.7614 0.5 0.5 0 
32.7616 0.5 0.5 0 
32.7617 0.5 0.5 0 
32.7618 0.5 0.5 0 
32.7618 0.5 0.5 0 
32.7618 0.5 0.5 0 
32.7618 0.5 0.5 0 
32.7617 0.5 0.5 0 
32.7616 0.5 0.5 0 
32.7614 0.5 0.5 0 
32.7612 0.5 0.5 0 
32.761 0.5 0.5 0 
32.7607 0.5 0.5 0 
32.7603 0.5 0.5 0 
32.76 0.5 0.5 0 
32.7595 0.5 0.5 0 
32.7591 0.5 0.5 0 
32.7585 0.5 0.5 0 
32.7579 0.5 0.5 0 
32.7573 0.5 0.5 0 
32.7566 0.5 0.5 0 
32.7558 0.5 0.5 0 
32.7549 0.5 0.5 0 
32.754 0.5 0.5 0 
32.753 0.5 0.5 0 
32.7519 0.5 0.5 0 
32.7508 0.5 0.5 0 
32.7498 0 0 0 
32.749 0 0 0 
32.7486 0 0 0 
32.7485 0 0 0 
32.7489 0 0 0 
32.7497 0 0 0 
32.7507 0.5 0.5 0 
32.7518 0.5 0.5 0 
32.7528 0.5 0.5 0 
32.7538 0.5 0.5 0 
32.7548 0.5 0.5 0 
32.7556 0.5 0.5 0 
32.7564 0.5 0.5 0 
32.7572 0.5 0.5 0 
32.7578 0.5 0.5 0 
32.7584 0.5 0.5 0 
32.759 0.5 0.5 0 
32.7594 0.5 0.5 0 
32.7599 0.5 0.5 0 
32.7603 0.5 0.5 0 
32.7606 0.5 0.5 0 
32.7609 0.5 0.5 0 
32.7611 0.5 0.5 0 
32.7613 0.5 0.5 0 
32.7615 0.5 0.5 0 
32.7616 0.5 0.5 0 
32.7617 0.5 0.5 0 
32.7617 0.5 0.5 0 
32.7617 0.5 0.5 0 
32.7617 0.5 0.5 0 
32.7616 0.5 0.5 0 
32.7615 0.5 0.5 0 
32.7613 0.5 0.5 0 
32.7611 0.5 0.5 0 
32.7609 0.5 0.5 0 
32.7606 0.5 0.5 0 
32.7602 0.5 0.5 0 
32.7598 0.5 0.5 0 
32.7594 0.5 0.5 0 
32.7589 0.5 0.5 0 
32.7583 0.5 0.5 0 
32.7577 0.5 0.5 0 
32.757 0.5 0.5 0 
32.7562 0.5 0.5 0 
32.7553 0.5 0.5 0 
32.7543 0.5 0.5 0 
32.7533 0.5 0.5 0 
32.7521 0.5 0.5 0 
32.7508 0.5 0.5 0 
32.7494 0.5 0.5 0 
32.7471 0 0 0 
32.7443 0 0 0 
32.7447 0 0 0 
32.7437 0 0 0 
32.7442 0 0 0 
32.747 0 0 0 
32.7492 0.5 0.5 0 
32.7506 0.5 0.5 0 
32.7519 0.5 0.5 0 
32.7531 0.5 0.5 0 
32.7542 0.5 0.5 0 
32.7552 0.5 0.5 0 
32.7561 0.5 0.5 0 
32.7568 0.5 0.5 0 
32.7576 0.5 0.5 0 
32.7582 0.5 0.5 0 
32.7588 0.5 0.5 0 
32.7593 0.5 0.5 0 
32.7597 0.5 0.5 0 
32.7601 0.5 0.5 0 
32.7605 0.5 0.5 0 
32.7608 0.5 0.5 0 
32.761 0.5 0.5 0 
32.7612 0.5 0.5 0 
32.7614 0.5 0.5 0 
32.7615 0.5 0.5 0 
32.7616 0.5 0.5 0 
32.7616 0.5 0.5 0 
32.7617 0.5 0.5 0 
32.7616 0.5 0.5 0 
32.7616 0.5 0.5 0 
32.7614 0.5 0.5 0 
32.7613 0.5 0.5 0 
32.761 0.5 0.5 0 
32.7608 0.5 0.5 0 
32.7605 0.5 0.5 0 
32.7601 0.5 0.5 0 
32.7597 0.5 0.5 0 
32.7593 0.5 0.5 0 
32.7587 0.5 0.5 0 
32.7581 0.5 0.5 0 
32.7575 0.5 0.5 0 
32.7567 0.5 0.5 0 
32.7559 0.5 0.5 0 
32.7549 0.5 0.5 0 
32.7539 0.5 0.5 0 
32.7527 0.5 0.5 0 
32.7513 0.5 0.5 0 
32.7498 0.5 0.5 0 
32.7482 0 0 0 
32.7451 0 0 0 
32.7445 0 0 0 
32.7441 0 0 0 
32.7431 0 0 0 
32.7445 0 0 0 
32.7456 0 0 0 
32.7473 0 0 0 
32.7496 0.5 0.5 0 
32.7511 0.5 0.5 0 
32.7525 0.5 0.5 0 
32.7537 0.5 0.5 0 
32.7548 0.5 0.5 0 
32.7557 0.5 0.5 0 
32.7566 0.5 0.5 0 
32.7573 0.5 0.5 0 
32.758 0.5 0.5 0 
32.7586 0.5 0.5 0 
32.7591 0.5 0.5 0 
32.7596 0.5 0.5 0 
32.76 0.5 0.5 0 
32.7604 0.5 0.5 0 
32.7607 0.5 0.5 0 
32.761 0.5 0.5 0 
32.7612 0.5 0.5 0 
32.7613 0.5 0.5 0 
32.7615 0.5 0.5 0 
32.7615 0.5 0.5 0 
32.7616 0.5 0.5 0 
32.7616 0.5 0.5 0 
32.7616 0.5 0.5 0 
32.7615 0.5 0.5 0 
32.7614 0.5 0.5 0 
32.7612 0.5 0.5 0 
32.761 0.5 0.5 0 
32.7607 0.5 0.5 0 
32.7604 0.5 0.5 0 
32.7601 0.5 0.5 0 
32.7596 0.5 0.5 0 
32.7592 0.5 0.5 0 
32.7586 0.5 0.5 0 
32.758 0.5 0.5 0 
32.7573 0.5 0.5 0 
32.7565 0.5 0.5 0 
32.7556 0.5 0.5 0 
32.7546 0.5 0.5 0 
32.7535 0.5 0.5 0 
32.7522 0.5 0.5 0 
32.7507 0.5 0.5 0 
32.7489 0 0 0 
32.7453 0 0 0 
32.7427 0 0 0 
32.7415 0 0 0 
32.7419 0 0 0 
32.7409 0 0 0 
32.7415 0 0 0 
32.7435 0 0 0 
32.7441 0 0 0 
32.7487 0 0 0 
32.7505 0.5 0.5 0 
32.752 0.5 0.5 0 
32.7533 0.5 0.5 0 
32.7545 0.5 0.5 0 
32.7555 0.5 0.5 0 
32.7564 0.5 0.5 0 
32.7572 0.5 0.5 0 
32.7579 0.5 0.5 0 
32.7585 0.5 0.5 0 
32.759 0.5 0.5 0 
32.7595 0.5 0.5 0 
32.76 0.5 0.5 0 
32.7603 0.5 0.5 0 
32.7606 0.5 0.5 0 
32.7609 0.5 0.5 0 
32.7611 0.5 0.5 0 
32.7613 0.5 0.5 0 
32.7614 0.5 0.5 0 
32.7615 0.5 0.5 0 
32.7615 0.5 0.5 0 
32.7616 0.5 0.5 0 
32.7616 0.5 0.5 0 
32.7615 0.5 0.5 0 
32.7614 0.5 0.5 0 
32.7612 0.5 0.5 0 
32.761 0.5 0.5 0 
32.7607 0.5 0.5 0 
32.7604 0.5 0.5 0 
32.76 0.5 0.5 0 
32.7596 0.5 0.5 0 
32.7591 0.5 0.5 0 
32.7585 0.5 0.5 0 
32.7579 0.5 0.5 0 
32.7572 0.5 0.5 0 
32.7564 0.5 0.5 0 
32.7555 0.5 0.5 0 
32.7545 0.5 0.5 0 
32.7533 0.5 0.5 0 
32.7519 0.5 0.5 0 
32.7503 0.5 0.5 0 
32.7476 0 0 0 
32.7456 0 0 0 
32.7439 0 0 0 
32.7418 0 0 0 
32.7423 0 0 0 
32.7421 0 0 0 
32.7418 0 0 0 
32.7438 0 0 0 
32.7453 0 0 0 
32.7473 0 0 0 
32.7501 0.5 0.5 0 
32.7517 0.5 0.5 0 
32.7531 0.5 0.5 0 
32.7543 0.5 0.5 0 
32.7554 0.5 0.5 0 
32.7563 0.5 0.5 0 
32.7571 0.5 0.5 0 
32.7578 0.5 0.5 0 
32.7584 0.5 0.5 0 
32.759 0.5 0.5 0 
32.7595 0.5 0.5 0 
32.7599 0.5 0.5 0 
32.7603 0.5 0.5 0 
32.7606 0.5 0.5 0 
32.7609 0.5 0.5 0 
32.7611 0.5 0.5 0 
32.7613 0.5 0.5 0 
32.7614 0.5 0.5 0 
32.7615 0.5 0.5 0 
32.7615 0.5 0.5 0 
32.7616 0.5 0.5 0 
32.7616 0.5 0.5 0 
32.7615 0.5 0.5 0 
32.7614 0.5 0.5 0 
32.7612 0.5 0.5 0 
32.761 0.5 0.5 0 
32.7607 0.5 0.5 0 
32.7604 0.5 0.5 0 
32.76 0.5 0.5 0 
32.7596 0.5 0.5 0 
32.7591 0.5 0.5 0 
32.7585 0.5 0.5 0 
32.7579 0.5 0.5 0 
32.7572 0.5 0.5 0 
32.7564 0.5 0.5 0 
32.7555 0.5 0.5 0 
32.7544 0.5 0.5 0 
32.7532 0.5 0.5 0 
32.7518 0.5 0.5 0 
32.7502 0.5 0.5 0 
32.7474 0 0 0 
32.7454 0 0 0 
32.7427 0 0 0 
32.7407 0 0 0 
32.7411 0 0 0 
32.7409 0 0 0 
32.7406 0 0 0 
32.7427 0 0 0 
32.7434 0 0 0 
32.7472 0 0 0 
32.75 0.5 0.5 0 
32.7516 0.5 0.5 0 
32.753 0.5 0.5 0 
32.7543 0.5 0.5 0 
32.7553 0.5 0.5 0 
32.7563 0.5 0.5 0 
32.7571 0.5 0.5 0 
32.7578 0.5 0.5 0 
32.7584 0.5 0.5 0 
32.759 0.5 0.5 0 
32.7595 0.5 0.5 0 
32.7599 0.5 0.5 0 
32.7603 0.5 0.5 0 
32.7606 0.5 0.5 0 
32.7609 0.5 0.5 0 
32.7611 0.5 0.5 0 
32.7613 0.5 0.5 0 
32.7614 0.5 0.5 0 
32.7615 0.5 0.5 0 
32.7615 0.5 0.5 0 
32.7616 0.5 0.5 0 
32.7616 0.5 0.5 0 
32.7615 0.5 0.5 0 
32.7614 0.5 0.5 0 
32.7612 0.5 0.5 0 
32.761 0.5 0.5 0 
32.7607 0.5 0.5 0 
32.7604 0.5 0.5 0 
32.76 0.5 0.5 0 
32.7596 0.5 0.5 0 
32.7591 0.5 0.5 0 
32.7586 0.5 0.5 0 
32.758 0.5 0.5 0 
32.7573 0.5 0.5 0 
32.7565 0.5 0.5 0 
32.7556 0.5 0.5 0 
32.7545 0.5 0.5 0 
32.7534 0.5 0.5 0 
32.7521 0.5 0.5 0 
32.7505 0.5 0.5 0 
32.7487 0 0 0 
32.7459 0 0 0 
32.7433 0 0 0 
32.743 0 0 0 
32.7425 0 0 0 
32.7415 0 0 0 
32.7429 0 0 0 
32.744 0 0 0 
32.7447 0 0 0 
32.7485 0 0 0 
32.7503 0.5 0.5 0 
32.7519 0.5 0.5 0 
32.7532 0.5 0.5 0 
32.7544 0.5 0.5 0 
32.7554 0.5 0.5 0 
32.7563 0.5 0.5 0 
32.7571 0.5 0.5 0 
32.7578 0.5 0.5 0 
32.7585 0.5 0.5 0 
32.759 0.5 0.5 0 
32.7595 0.5 0.5 0 
32.7599 0.5 0.5 0 
32.7603 0.5 0.5 0 
32.7606 0.5 0.5 0 
32.7609 0.5 0.5 0 
32.7611 0.5 0.5 0 
32.7613 0.5 0.5 0 
32.7614 0.5 0.5 0 
32.7615 0.5 0.5 0 
32.7615 0.5 0.5 0 
32.7616 0.5 0.5 0 
32.7616 0.5 0.5 0 
32.7615 0.5 0.5 0 
32.7614 0.5 0.5 0 
32.7612 0.5 0.5 0 
32.761 0.5 0.5 0 
32.7608 0.5 0.5 0 
32.7604 0.5 0.5 0 
32.7601 0.5 0.5 0 
32.7597 0.5 0.5 0 
32.7592 0.5 0.5 0 
32.7587 0.5 0.5 0 
32.7581 0.5 0.5 0 
32.7574 0.5 0.5 0 
32.7566 0.5 0.5 0 
32.7558 0.5 0.5 0 
32.7548 0.5 0.5 0 
32.7537 0.5 0.5 0 
32.7525 0.5 0.5 0 
32.751 0.5 0.5 0 
32.7494 0.5 0.5 0 
32.7467 0 0 0 
32.7432 0 0 0 
32.742 0 0 0 
32.7424 0 0 0 
32.7413 0 0 0 
32.7419 0 0 0 
32.7431 0 0 0 
32.7464 0 0 0 
32.7492 0.5 0.5 0 
32.7508 0.5 0.5 0 
32.7523 0.5 0.5 0 
32.7535 0.5 0.5 0 
32.7546 0.5 0.5 0 
32.7556 0.5 0.5 0 
32.7565 0.5 0.5 0 
32.7573 0.5 0.5 0 
32.7579 0.5 0.5 0 
32.7586 0.5 0.5 0 
32.7591 0.5 0.5 0 
32.7596 0.5 0.5 0 
32.76 0.5 0.5 0 
32.7603 0.5 0.5 0 
32.7607 0.5 0.5 0 
32.7609 0.5 0.5 0 
32.7611 0.5 0.5 0 
32.7613 0.5 0.5 0 
32.7614 0.5 0.5 0 
32.7615 0.5 0.5 0 
32.7616 0.5 0.5 0 
32.7617 0.5 0.5 0 
32.7616 0.5 0.5 0 
32.7616 0.5 0.5 0 
32.7614 0.5 0.5 0 
32.7613 0.5 0.5 0 
32.7611 0.5 0.5 0 
32.7608 0.5 0.5 0 
32.7605 0.5 0.5 0 
32.7602 0.5 0.5 0 
32.7598 0.5 0.5 0 
32.7593 0.5 0.5 0 
32.7588 0.5 0.5 0 
32.7582 0.5 0.5 0 
32.7576 0.5 0.5 0 
32.7568 0.5 0.5 0 
32.756 0.5 0.5 0 
32.7551 0.5 0.5 0 
32.7541 0.5 0.5 0 
32.753 0.5 0.5 0 
32.7518 0.5 0.5 0 
32.7504 0.5 0.5 0 
32.7489 0 0 0 
32.7468 0 0 0 
32.7436 0 0 0 
32.744 0 0 0 
32.7429 0 0 0 
32.7434 0 0 0 
32.7463 0 0 0 
32.7486 0 0 0 
32.7502 0.5 0.5 0 
32.7516 0.5 0.5 0 
32.7529 0.5 0.5 0 
32.754 0.5 0.5 0 
32.755 0.5 0.5 0 
32.7559 0.5 0.5 0 
32.7567 0.5 0.5 0 
32.7575 0.5 0.5 0 
32.7581 0.5 0.5 0 
32.7587 0.5 0.5 0 
32.7592 0.5 0.5 0 
32.7597 0.5 0.5 0 
32.7601 0.5 0.5 0 
32.7604 0.5 0.5 0 
32.7607 0.5 0.5 0 
32.761 0.5 0.5 0 
32.7612 0.5 0.5 0 
32.7614 0.5 0.5 0 
32.7615 0.5 0.5 0 
32.7616 0.5 0.5 0 
32.7616 0.5 0.5 0 
32.7617 0.5 0.5 0 
32.7617 0.5 0.5 0 
32.7616 0.5 0.5 0 
32.7615 0.5 0.5 0 
32.7613 0.5 0.5 0 
32.7611 0.5 0.5 0 
32.7609 0.5 0.5 0 
32.7606 0.5 0.5 0 
32.7603 0.5 0.5 0 
32.7599 0.5 0.5 0 
32.7595 0.5 0.5 0 
32.759 0.5 0.5 0 
32.7584 0.5 0.5 0 
32.7578 0.5 0.5 0 
32.7571 0.5 0.5 0 
32.7564 0.5 0.5 0 
32.7556 0.5 0.5 0 
32.7547 0.5 0.5 0 
32.7537 0.5 0.5 0 
32.7527 0.5 0.5 0 
32.7515 0.5 0.5 0 
32.7503 0.5 0.5 0 
32.7492 0.5 0.5 0 
32.7484 0 0 0 
32.748 0 0 0 
32.7479 0 0 0 
32.7482 0 0 0 
32.7491 0.5 0.5 0 
32.7502 0.5 0.5 0 
32.7514 0.5 0.5 0 
32.7525 0.5 0.5 0 
32.7536 0.5 0.5 0 
32.7545 0.5 0.5 0 
32.7554 0.5 0.5 0 
32.7563 0.5 0.5 0 
32.757 0.5 0.5 0 
32.7577 0.5 0.5 0 
32.7583 0.5 0.5 0 
32.7589 0.5 0.5 0 
32.7594 0.5 0.5 0 
32.7598 0.5 0.5 0 
32.7602 0.5 0.5 0 
32.7605 0.5 0.5 0 
32.7608 0.5 0.5 0 
32.7611 0.5 0.5 0 
32.7613 0.5 0.5 0 
32.7614 0.5 0.5 0 
32.7615 0.5 0.5 0 
32.7616 0.5 0.5 0 
32.7617 0.5 0.5 0 
32.7618 0.5 0.5 0 
32.7618 0.5 0.5 0 
32.7617 0.5 0.5 0 
32.7616 0.5 0.5 0 
32.7614 0.5 0.5 0 
32.7612 0.5 0.5 0 
32.761 0.5 0.5 0 
32.7607 0.5 0.5 0 
32.7604 0.5 0.5 0 
32.76 0.5 0.5 0 
32.7596 0.5 0.5 0 
32.7592 0.5 0.5 0 
32.7587 0.5 0.5 0 
32.7581 0.5 0.5 0 
32.7575 0.5 0.5 0 
32.7568 0.5 0.5 0 
32.7561 0.5 0.5 0 
32.7553 0.5 0.5 0 
32.7544 0.5 0.5 0 
32.7535 0.5 0.5 0 
32.7526 0.5 0.5 0 
32.7517 0.5 0.5 0 
32.7508 0.5 0.5 0 
32.7502 0.5 0.5 0 
32.7499 0.5 0.5 0 
32.7498 0.5 0.5 0 
32.7501 0.5 0.5 0 
32.7507 0.5 0.5 0 
32.7516 0.5 0.5 0 
32.7525 0.5 0.5 0 
32.7534 0.5 0.5 0 
32.7543 0.5 0.5 0 
32.7551 0.5 0.5 0 
32.7559 0.5 0.5 0 
32.7567 0.5 0.5 0 
32.7574 0.5 0.5 0 
32.758 0.5 0.5 0 
32.7585 0.5 0.5 0 
32.7591 0.5 0.5 0 
32.7595 0.5 0.5 0 
32.7599 0.5 0.5 0 
32.7603 0.5 0.5 0 
32.7606 0.5 0.5 0 
32.7609 0.5 0.5 0 
32.7611 0.5 0.5 0 
32.7613 0.5 0.5 0 
32.7615 0.5 0.5 0 
32.7616 0.5 0.5 0 
32.7617 0.5 0.5 0 
32.7617 0.5 0.5 0 
32.7619 0.5 0.5 0 
32.7619 0.5 0.5 0 
32.7618 0.5 0.5 0 
32.7617 0.5 0.5 0 
32.7615 0.5 0.5 0 
32.7613 0.5 0.5 0 
32.7611 0.5 0.5 0 
32.7609 0.5 0.5 0 
32.7606 0.5 0.5 0 
32.7602 0.5 0.5 0 
32.7598 0.5 0.5 0 
32.7594 0.5 0.5 0 
32.7589 0.5 0.5 0 
32.7584 0.5 0.5 0 
32.7578 0.5 0.5 0 
32.7572 0.5 0.5 0 
32.7566 0.5 0.5 0 
32.7559 0.5 0.5 0 
32.7551 0.5 0.5 0 
32.7544 0.5 0.5 0 
32.7536 0.5 0.5 0 
32.7529 0.5 0.5 0 
32.7523 0.5 0.5 0 
32.7518 0.5 0.5 0 
32.7515 0.5 0.5 0 
32.7515 0.5 0.5 0 
32.7517 0.5 0.5 0 
32.7522 0.5 0.5 0 
32.7528 0.5 0.5 0 
32.7535 0.5 0.5 0 
32.7543 0.5 0.5 0 
32.755 0.5 0.5 0 
32.7558 0.5 0.5 0 
32.7565 0.5 0.5 0 
32.7571 0.5 0.5 0 
32.7577 0.5 0.5 0 
32.7583 0.5 0.5 0 
32.7588 0.5 0.5 0 
32.7593 0.5 0.5 0 
32.7597 0.5 0.5 0 
32.7601 0.5 0.5 0 
32.7605 0.5 0.5 0 
32.7608 0.5 0.5 0 
32.761 0.5 0.5 0 
32.7613 0.5 0.5 0 
32.7614 0.5 0.5 0 
32.7616 0.5 0.5 0 
32.7617 0.5 0.5 0 
32.7618 0.5 0.5 0 
32.7618 0.5 0.5 0 
32.762 0.5 0.5 0 
32.762 0.5 0.5 0 
32.7619 0.5 0.5 0 
32.7618 0.5 0.5 0 
32.7616 0.5 0.5 0 
32.7615 0.5 0.5 0 
32.7613 0.5 0.5 0 
32.761 0.5 0.5 0 
32.7607 0.5 0.5 0 
32.7604 0.5 0.5 0 
32.76 0.5 0.5 0 
32.7596 0.5 0.5 0 
32.7592 0.5 0.5 0 
32.7587 0.5 0.5 0 
32.7582 0.5 0.5 0 
32.7577 0.5 0.5 0 
32.7571 0.5 0.5 0 
32.7565 0.5 0.5 0 
32.7558 0.5 0.5 0 
32.7552 0.5 0.5 0 
32.7546 0.5 0.5 0 
32.754 0.5 0.5 0 
32.7535 0.5 0.5 0 
32.7531 0.5 0.5 0 
32.7529 0.5 0.5 0 
32.7529 0.5 0.5 0 
32.7531 0.5 0.5 0 
32.7534 0.5 0.5 0 
32.7539 0.5 0.5 0 
32.7545 0.5 0.5 0 
32.7551 0.5 0.5 0 
32.7557 0.5 0.5 0 
32.7564 0.5 0.5 0 
32.757 0.5 0.5 0 
32.7576 0.5 0.5 0 
32.7581 0.5 0.5 0 
32.7586 0.5 0.5 0 
32.7591 0.5 0.5 0 
32.7595 0.5 0.5 0 
32.7599 0.5 0.5 0 
32.7603 0.5 0.5 0 
32.7606 0.5 0.5 0 
32.7609 0.5 0.5 0 
32.7612 0.5 0.5 0 
32.7614 0.5 0.5 0 
32.7616 0.5 0.5 0 
32.7617 0.5 0.5 0 
32.7618 0.5 0.5 0 
32.7619 0.5 0.5 0 
32.7619 0.5 0.5 0 
32.7621 0.5 0.5 0 
32.7621 0.5 0.5 0 
32.762 0.5 0.5 0 
32.7619 0.5 0.5 0 
32.7618 0.5 0.5 0 
32.7616 0.5 0.5 0 
32.7614 0.5 0.5 0 
32.7612 0.5 0.5 0 
32.7609 0.5 0.5 0 
32.7606 0.5 0.5 0 
32.7603 0.5 0.5 0 
32.7599 0.5 0.5 0 
32.7595 0.5 0.5 0 
32.7591 0.5 0.5 0 
32.7586 0.5 0.5 0 
32.7581 0.5 0.5 0 
32.7576 0.5 0.5 0 
32.7571 0.5 0.5 0 
32.7565 0.5 0.5 0 
32.756 0.5 0.5 0 
32.7555 0.5 0.5 0 
32.755 0.5 0.5 0 
32.7546 0.5 0.5 0 
32.7543 0.5 0.5 0 
32.7542 0.5 0.5 0 
32.7541 0.5 0.5 0 
32.7543 0.5 0.5 0 
32.7545 0.5 0.5 0 
32.7549 0.5 0.5 0 
32.7554 0.5 0.5 0 
32.7559 0.5 0.5 0 
32.7564 0.5 0.5 0 
32.757 0.5 0.5 0 
32.7575 0.5 0.5 0 
32.758 0.5 0.5 0 
32.7585 0.5 0.5 0 
32.759 0.5 0.5 0 
32.7594 0.5 0.5 0 
32.7598 0.5 0.5 0 
32.7602 0.5 0.5 0 
32.7605 0.5 0.5 0 
32.7608 0.5 0.5 0 
32.7611 0.5 0.5 0 
32.7613 0.5 0.5 0 
32.7615 0.5 0.5 0 
32.7617 0.5 0.5 0 
32.7618 0.5 0.5 0 
32.7619 0.5 0.5 0 
32.762 0.5 0.5 0 
32.762 0.5 0.5 0 
32.7622 0.5 0.5 0 
32.7622 0.5 0.5 0 
32.7621 0.5 0.5 0 
32.762 0.5 0.5 0 
32.7619 0.5 0.5 0 
32.7617 0.5 0.5 0 
32.7615 0.5 0.5 0 
32.7613 0.5 0.5 0 
32.7611 0.5 0.5 0 
32.7608 0.5 0.5 0 
32.7605 0.5 0.5 0 
32.7602 0.5 0.5 0 
32.7598 0.5 0.5 0 
32.7594 0.5 0.5 0 
32.759 0.5 0.5 0 
32.7585 0.5 0.5 0 
32.7581 0.5 0.5 0 
32.7576 0.5 0.5 0 
32.7572 0.5 0.5 0 
32.7567 0.5 0.5 0 
32.7563 0.5 0.5 0 
32.7559 0.5 0.5 0 
32.7556 0.5 0.5 0 
32.7553 0.5 0.5 0 
32.7552 0.5 0.5 0 
32.7552 0.5 0.5 0 
32.7553 0.5 0.5 0 
32.7555 0.5 0.5 0 
32.7558 0.5 0.5 0 
32.7562 0.5 0.5 0 
32.7566 0.5 0.5 0 
32.7571 0.5 0.5 0 
32.7575 0.5 0.5 0 
32.758 0.5 0.5 0 
32.7585 0.5 0.5 0 
32.7589 0.5 0.5 0 
32.7593 0.5 0.5 0 
32.7597 0.5 0.5 0 
32.7601 0.5 0.5 0 
32.7604 0.5 0.5 0 
32.7607 0.5 0.5 0 
32.761 0.5 0.5 0 
32.7612 0.5 0.5 0 
32.7615 0.5 0.5 0 
32.7616 0.5 0.5 0 
32.7618 0.5 0.5 0 
32.7619 0.5 0.5 0 
32.762 0.5 0.5 0 
32.7621 0.5 0.5 0 
32.7621 0.5 0.5 0 
32.7623 0.5 0.5 0 
32.7623 0.5 0.5 0 
32.7622 0.5 0.5 0 
32.7621 0.5 0.5 0 
32.762 0.5 0.5 0 
32.7619 0.5 0.5 0 
32.7617 0.5 0.5 0 
32.7615 0.5 0.5 0 
32.7613 0.5 0.5 0 
32.761 0.5 0.5 0 
32.7607 0.5 0.5 0 
32.7604 0.5 0.5 0 
32.7601 0.5 0.5 0 
32.7597 0.5 0.5 0 
32.7594 0.5 0.5 0 
32.759 0.5 0.5 0 
32.7586 0.5 0.5 0 
32.7582 0.5 0.5 0 
32.7578 0.5 0.5 0 
32.7574 0.5 0.5 0 
32.757 0.5 0.5 0 
32.7567 0.5 0.5 0 
32.7564 0.5 0.5 0 
32.7563 0.5 0.5 0 
32.7561 0.5 0.5 0 
32.7561 0.5 0.5 0 
32.7562 0.5 0.5 0 
32.7564 0.5 0.5 0 
32.7567 0.5 0.5 0 
32.757 0.5 0.5 0 
32.7573 0.5 0.5 0 
32.7577 0.5 0.5 0 
32.7581 0.5 0.5 0 
32.7585 0.5 0.5 0 
32.7589 0.5 0.5 0 
32.7593 0.5 0.5 0 
32.7596 0.5 0.5 0 
32.76 0.5 0.5 0 
32.7603 0.5 0.5 0 
32.7606 0.5 0.5 0 
32.7609 0.5 0.5 0 
32.7612 0.5 0.5 0 
32.7614 0.5 0.5 0 
32.7616 0.5 0.5 0 
32.7618 0.5 0.5 0 
32.7619 0.5 0.5 0 
32.762 0.5 0.5 0 
32.7621 0.5 0.5 0 
32.7622 0.5 0.5 0 
32.7622 0.5 0.5 0 
32.7624 0.5 0.5 0 
32.7624 0.5 0.5 0 
32.7623 0.5 0.5 0 
32.7623 0.5 0.5 0 
32.7621 0.5 0.5 0 
32.762 0.5 0.5 0 
32.7618 0.5 0.5 0 
32.7617 0.5 0.5 0 
32.7614 0.5 0.5 0 
32.7612 0.5 0.5 0 
32.761 0.5 0.5 0 
32.7607 0.5 0.5 0 
32.7604 0.5 0.5 0 
32.76 0.5 0.5 0 
32.7597 0.5 0.5 0 
32.7594 0.5 0.5 0 
32.759 0.5 0.5 0 
32.7587 0.5 0.5 0 
32.7583 0.5 0.5 0 
32.758 0.5 0.5 0 
32.7577 0.5 0.5 0 
32.7574 0.5 0.5 0 
32.7572 0.5 0.5 0 
32.7571 0.5 0.5 0 
32.757 0.5 0.5 0 
32.757 0.5 0.5 0 
32.757 0.5 0.5 0 
32.7572 0.5 0.5 0 
32.7574 0.5 0.5 0 
32.7576 0.5 0.5 0 
32.7579 0.5 0.5 0 
32.7583 0.5 0.5 0 
32.7586 0.5 0.5 0 
32.7589 0.5 0.5 0 
32.7593 0.5 0.5 0 
32.7596 0.5 0.5 0 
32.76 0.5 0.5 0 
32.7603 0.5 0.5 0 
32.7606 0.5 0.5 0 
32.7609 0.5 0.5 0 
32.7611 0.5 0.5 0 
32.7614 0.5 0.5 0 
32.7616 0.5 0.5 0 
32.7618 0.5 0.5 0 
32.7619 0.5 0.5 0 
32.7621 0.5 0.5 0 
32.7622 0.5 0.5 0 
32.7623 0.5 0.5 0 
32.7623 0.5 0.5 0 
32.7623 0.5 0.5 0 
32.7625 0.5 0.5 0 
32.7625 0.5 0.5 0 
32.7625 0.5 0.5 0 
32.7624 0.5 0.5 0 
32.7623 0.5 0.5 0 
32.7622 0.5 0.5 0 
32.762 0.5 0.5 0 
32.7618 0.5 0.5 0 
32.7616 0.5 0.5 0 
32.7614 0.5 0.5 0 
32.7612 0.5 0.5 0 
32.7609 0.5 0.5 0 
32.7606 0.5 0.5 0 
32.7604 0.5 0.5 0 
32.7601 0.5 0.5 0 
32.7598 0.5 0.5 0 
32.7594 0.5 0.5 0 
32.7591 0.5 0.5 0 
32.7588 0.5 0.5 0 
32.7586 0.5 0.5 0 
32.7583 0.5 0.5 0 
32.7581 0.5 0.5 0 
32.7579 0.5 0.5 0 
32.7578 0.5 0.5 0 
32.7577 0.5 0.5 0 
32.7577 0.5 0.5 0 
32.7577 0.5 0.5 0 
32.7579 0.5 0.5 0 
32.758 0.5 0.5 0 
32.7583 0.5 0.5 0 
32.7585 0.5 0.5 0 
32.7588 0.5 0.5 0 
32.7591 0.5 0.5 0 
32.7594 0.5 0.5 0 
32.7597 0.5 0.5 0 
32.76 0.5 0.5 0 
32.7603 0.5 0.5 0 
32.7606 0.5 0.5 0 
32.7608 0.5 0.5 0 
32.7611 0.5 0.5 0 
32.7613 0.5 0.5 0 
32.7616 0.5 0.5 0 
32.7618 0.5 0.5 0 
32.7619 0.5 0.5 0 
32.7621 0.5 0.5 0 
32.7622 0.5 0.5 0 
32.7623 0.5 0.5 0 
32.7624 0.5 0.5 0 
32.7624 0.5 0.5 0 
32.7625 0.5 0.5 0 
32.7626 0.5 0.5 0 
32.7626 0.5 0.5 0 
32.7626 0.5 0.5 0 
32.7625 0.5 0.5 0 
32.7624 0.5 0.5 0 
32.7623 0.5 0.5 0 
32.7622 0.5 0.5 0 
32.762 0.5 0.5 0 
32.7618 0.5 0.5 0 
32.7616 0.5 0.5 0 
32.7614 0.5 0.5 0 
32.7612 0.5 0.5 0 
32.7609 0.5 0.5 0 
32.7607 0.5 0.5 0 
32.7604 0.5 0.5 0 
32.7601 0.5 0.5 0 
32.7598 0.5 0.5 0 
32.7596 0.5 0.5 0 
32.7593 0.5 0.5 0 
32.7591 0.5 0.5 0 
32.7588 0.5 0.5 0 
32.7587 0.5 0.5 0 
32.7585 0.5 0.5 0 
32.7584 0.5 0.5 0 
32.7583 0.5 0.5 0 
32.7583 0.5 0.5 0 
32.7584 0.5 0.5 0 
32.7585 0.5 0.5 0 
32.7586 0.5 0.5 0 
32.7588 0.5 0.5 0 
32.759 0.5 0.5 0 
32.7593 0.5 0.5 0 
32.7595 0.5 0.5 0 
32.7598 0.5 0.5 0 
32.76 0.5 0.5 0 
32.7603 0.5 0.5 0 
32.7606 0.5 0.5 0 
32.7608 0.5 0.5 0 
32.7611 0.5 0.5 0 
32.7613 0.5 0.5 0 
32.7615 0.5 0.5 0 
32.7617 0.5 0.5 0 
32.7619 0.5 0.5 0 
32.7621 0.5 0.5 0 
32.7622 0.5 0.5 0 
32.7623 0.5 0.5 0 
32.7624 0.5 0.5 0 
32.7625 0.5 0.5 0 
32.7625 0.5 0.5 0 
32.7626 0.5 0.5 0 
32.7628 0.5 0.5 0 
32.7627 0.5 0.5 0 
32.7627 0.5 0.5 0 
32.7626 0.5 0.5 0 
32.7625 0.5 0.5 0 
32.7624 0.5 0.5 0 
32.7623 0.5 0.5 0 
32.7622 0.5 0.5 0 
32.762 0.5 0.5 0 
32.7618 0.5 0.5 0 
32.7616 0.5 0.5 0 
32.7614 0.5 0.5 0 
32.7612 0.5 0.5 0 
32.7609 0.5 0.5 0 
32.7607 0.5 0.5 0 
32.7604 0.5 0.5 0 
32.7602 0.5 0.5 0 
32.76 0.5 0.5 0 
32.7597 0.5 0.5 0 
32.7595 0.5 0.5 0 
32.7593 0.5 0.5 0 
32.7592 0.5 0.5 0 
32.759 0.5 0.5 0 
32.7589 0.5 0.5 0 
32.7589 0.5 0.5 0 
32.7589 0.5 0.5 0 
32.7589 0.5 0.5 0 
32.759 0.5 0.5 0 
32.7591 0.5 0.5 0 
32.7593 0.5 0.5 0 
32.7595 0.5 0.5 0 
32.7597 0.5 0.5 0 
32.7599 0.5 0.5 0 
32.7601 0.5 0.5 0 
32.7604 0.5 0.5 0 
32.7606 0.5 0.5 0 
32.7609 0.5 0.5 0 
32.7611 0.5 0.5 0 
32.7613 0.5 0.5 0 
32.7615 0.5 0.5 0 
32.7617 0.5 0.5 0 
32.7619 0.5 0.5 0 
32.7621 0.5 0.5 0 
32.7622 0.5 0.5 0 
32.7624 0.5 0.5 0 
32.7625 0.5 0.5 0 
32.7625 0.5 0.5 0 
32.7626 0.5 0.5 0 
32.7627 0.5 0.5 0 
32.7627 0.5 0.5 0 
32.7629 0.5 0.5 0 
32.7628 0.5 0.5 0 
32.7628 0.5 0.5 0 
32.7627 0.5 0.5 0 
32.7627 0.5 0.5 0 
32.7626 0.5 0.5 0 
32.7624 0.5 0.5 0 
32.7623 0.5 0.5 0 
32.7621 0.5 0.5 0 
32.762 0.5 0.5 0 
32.7618 0.5 0.5 0 
32.7616 0.5 0.5 0 
32.7614 0.5 0.5 0 
32.7612 0.5 0.5 0 
32.761 0.5 0.5 0 
32.7607 0.5 0.5 0 
32.7605 0.5 0.5 0 
32.7603 0.5 0.5 0 
32.7601 0.5 0.5 0 
32.7599 0.5 0.5 0 
32.7598 0.5 0.5 0 
32.7596 0.5 0.5 0 
32.7595 0.5 0.5 0 
32.7594 0.5 0.5 0 
32.7594 0.5 0.5 0 
32.7594 0.5 0.5 0 
32.7594 0.5 0.5 0 
32.7595 0.5 0.5 0 
32.7596 0.5 0.5 0 
32.7597 0.5 0.5 0 
32.7599 0.5 0.5 0 
32.7601 0.5 0.5 0 
32.7603 0.5 0.5 0 
32.7605 0.5 0.5 0 
32.7607 0.5 0.5 0 
32.7609 0.5 0.5 0 
32.7611 0.5 0.5 0 
32.7613 0.5 0.5 0 
32.7615 0.5 0.5 0 
32.7617 0.5 0.5 0 
32.7619 0.5 0.5 0 
32.7621 0.5 0.5 0 
32.7622 0.5 0.5 0 
32.7624 0.5 0.5 0 
32.7625 0.5 0.5 0 
32.7626 0.5 0.5 0 
32.7627 0.5 0.5 0 
32.7627 0.5 0.5 0 
32.7628 0.5 0.5 0 
32.7628 0.5 0.5 0 
32.763 0.5 0.5 0 
32.7629 0.5 0.5 0 
32.7629 0.5 0.5 0 
32.7628 0.5 0.5 0 
32.7628 0.5 0.5 0 
32.7627 0.5 0.5 0 
32.7626 0.5 0.5 0 
32.7624 0.5 0.5 0 
32.7623 0.5 0.5 0 
32.7621 0.5 0.5 0 
32.762 0.5 0.5 0 
32.7618 0.5 0.5 0 
32.7616 0.5 0.5 0 
32.7614 0.5 0.5 0 
32.7612 0.5 0.5 0 
32.761 0.5 0.5 0 
32.7608 0.5 0.5 0 
32.7606 0.5 0.5 0 
32.7605 0.5 0.5 0 
32.7603 0.5 0.5 0 
32.7601 0.5 0.5 0 
32.76 0.5 0.5 0 
32.7599 0.5 0.5 0 
32.7599 0.5 0.5 0 
32.7598 0.5 0.5 0 
32.7598 0.5 0.5 0 
32.7598 0.5 0.5 0 
32.7599 0.5 0.5 0 
32.76 0.5 0.5 0 
32.7601 0.5 0.5 0 
32.7603 0.5 0.5 0 
32.7604 0.5 0.5 0 
32.7606 0.5 0.5 0 
32.7608 0.5 0.5 0 
32.761 0.5 0.5 0 
32.7612 0.5 0.5 0 
32.7614 0.5 0.5 0 
32.7615 0.5 0.5 0 
32.7617 0.5 0.5 0 
32.7619 0.5 0.5 0 
32.7621 0.5 0.5 0 
32.7622 0.5 0.5 0 
32.7624 0.5 0.5 0 
32.7625 0.5 0.5 0 
32.7626 0.5 0.5 0 
32.7627 0.5 0.5 0 
32.7628 0.5 0.5 0 
32.7628 0.5 0.5 0 
32.7629 0.5 0.5 0 
32.7629 0.5 0.5 0 
32.7631 0.5 0.5 0 
32.763 0.5 0.5 0 
32.763 0.5 0.5 0 
32.7629 0.5 0.5 0 
32.7629 0.5 0.5 0 
32.7628 0.5 0.5 0 
32.7627 0.5 0.5 0 
32.7626 0.5 0.5 0 
32.7624 0.5 0.5 0 
32.7623 0.5 0.5 0 
32.7621 0.5 0.5 0 
32.762 0.5 0.5 0 
32.7618 0.5 0.5 0 
32.7616 0.5 0.5 0 
32.7614 0.5 0.5 0 
32.7613 0.5 0.5 0 
32.7611 0.5 0.5 0 
32.7609 0.5 0.5 0 
32.7608 0.5 0.5 0 
32.7606 0.5 0.5 0 
32.7605 0.5 0.5 0 
32.7604 0.5 0.5 0 
32.7603 0.5 0.5 0 
32.7602 0.5 0.5 0 
32.7602 0.5 0.5 0 
32.7602 0.5 0.5 0 
32.7602 0.5 0.5 0 
32.7603 0.5 0.5 0 
32.7604 0.5 0.5 0 
32.7605 0.5 0.5 0 
32.7606 0.5 0.5 0 
32.7607 0.5 0.5 0 
32.7609 0.5 0.5 0 
32.761 0.5 0.5 0 
32.7612 0.5 0.5 0 
32.7614 0.5 0.5 0 
32.7616 0.5 0.5 0 
32.7617 0.5 0.5 0 
32.7619 0.5 0.5 0 
32.7621 0.5 0.5 0 
32.7622 0.5 0.5 0 
32.7624 0.5 0.5 0 
32.7625 0.5 0.5 0 
32.7626 0.5 0.5 0 
32.7627 0.5 0.5 0 
32.7628 0.5 0.5 0 
32.7629 0.5 0.5 0 
32.7629 0.5 0.5 0 
32.763 0.5 0.5 0 
32.763 0.5 0.5 0 
32.7631 0.5 0.5 0 
32.7631 0.5 0.5 0 
32.7631 0.5 0.5 0 
32.763 0.5 0.5 0 
32.763 0.5 0.5 0 
32.7629 0.5 0.5 0 
32.7628 0.5 0.5 0 
32.7627 0.5 0.5 0 
32.7626 0.5 0.5 0 
32.7624 0.5 0.5 0 
32.7623 0.5 0.5 0 
32.7621 0.5 0.5 0 
32.762 0.5 0.5 0 
32.7618 0.5 0.5 0 
32.7616 0.5 0.5 0 
32.7615 0.5 0.5 0 
32.7613 0.5 0.5 0 
32.7612 0.5 0.5 0 
32.761 0.5 0.5 0 
32.7609 0.5 0.5 0 
32.7608 0.5 0.5 0 
32.7607 0.5 0.5 0 
32.7606 0.5 0.5 0 
32.7605 0.5 0.5 0 
32.7605 0.5 0.5 0 
32.7605 0.5 0.5 0 
32.7605 0.5 0.5 0 
32.7606 0.5 0.5 0 
32.7607 0.5 0.5 0 
32.7607 0.5 0.5 0 
32.7609 0.5 0.5 0 
32.761 0.5 0.5 0 
32.7611 0.5 0.5 0 
32.7613 0.5 0.5 0 
32.7614 0.5 0.5 0 
32.7616 0.5 0.5 0 
32.7617 0.5 0.5 0 
32.7619 0.5 0.5 0 
32.7621 0.5 0.5 0 
32.7622 0.5 0.5 0 
32.7624 0.5 0.5 0 
32.7625 0.5 0.5 0 
32.7626 0.5 0.5 0 
32.7627 0.5 0.5 0 
32.7628 0.5 0.5 0 
32.7629 0.5 0.5 0 
32.763 0.5 0.5 0 
32.763 0.5 0.5 0 
32.763 0.5 0.5 0 
32.7631 0.5 0.5 0 
32.7632 0.5 0.5 0 
32.7632 0.5 0.5 0 
32.7632 0.5 0.5 0 
32.7631 0.5 0.5 0 
32.763 0.5 0.5 0 
32.763 0.5 0.5 0 
32.7629 0.5 0.5 0 
32.7628 0.5 0.5 0 
32.7627 0.5 0.5 0 
32.7625 0.5 0.5 0 
32.7624 0.5 0.5 0 
32.7623 0.5 0.5 0 
32.7621 0.5 0.5 0 
32.762 0.5 0.5 0 
32.7618 0.5 0.5 0 
32.7617 0.5 0.5 0 
32.7615 0.5 0.5 0 
32.7614 0.5 0.5 0 
32.7612 0.5 0.5 0 
32.7611 0.5 0.5 0 
32.761 0.5 0.5 0 
32.7609 0.5 0.5 0 
32.7609 0.5 0.5 0 
32.7608 0.5 0.5 0 
32.7608 0.5 0.5 0 
32.7608 0.5 0.5 0 
32.7608 0.5 0.5 0 
32.7608 0.5 0.5 0 
32.7609 0.5 0.5 0 
32.761 0.5 0.5 0 
32.7611 0.5 0.5 0 
32.7612 0.5 0.5 0 
32.7613 0.5 0.5 0 
32.7615 0.5 0.5 0 
32.7616 0.5 0.5 0 
32.7618 0.5 0.5 0 
32.7619 0.5 0.5 0 
32.7621 0.5 0.5 0 
32.7622 0.5 0.5 0 
32.7623 0.5 0.5 0 
32.7625 0.5 0.5 0 
32.7626 0.5 0.5 0 
32.7627 0.5 0.5 0 
32.7628 0.5 0.5 0 
32.7629 0.5 0.5 0 
32.763 0.5 0.5 0 
32.763 0.5 0.5 0 
32.7631 0.5 0.5 0 
32.7631 0.5 0.5 0 
32.7631 0.5 0.5 0 
32.7633 0.5 0.5 0 
32.7633 0.5 0.5 0 
32.7632 0.5 0.5 0 
32.7632 0.5 0.5 0 
32.7631 0.5 0.5 0 
32.763 0.5 0.5 0 
32.763 0.5 0.5 0 
32.7629 0.5 0.5 0 
32.7628 0.5 0.5 0 
32.7626 0.5 0.5 0 
32.7625 0.5 0.5 0 
32.7624 0.5 0.5 0 
32.7622 0.5 0.5 0 
32.7621 0.5 0.5 0 
32.762 0.5 0.5 0 
32.7618 0.5 0.5 0 
32.7617 0.5 0.5 0 
32.7615 0.5 0.5 0 
32.7614 0.5 0.5 0 
32.7613 0.5 0.5 0 
32.7612 0.5 0.5 0 
32.7611 0.5 0.5 0 
32.7611 0.5 0.5 0 
32.761 0.5 0.5 0 
32.761 0.5 0.5 0 
32.761 0.5 0.5 0 
32.761 0.5 0.5 0 
32.7611 0.5 0.5 0 
32.7611 0.5 0.5 0 
32.7612 0.5 0.5 0 
32.7613 0.5 0.5 0 
32.7614 0.5 0.5 0 
32.7615 0.5 0.5 0 
32.7616 0.5 0.5 0 
32.7618 0.5 0.5 0 
32.7619 0.5 0.5 0 
32.762 0.5 0.5 0 
32.7622 0.5 0.5 0 
32.7623 0.5 0.5 0 
32.7624 0.5 0.5 0 
32.7626 0.5 0.5 0 
32.7627 0.5 0.5 0 
32.7628 0.5 0.5 0 
32.7629 0.5 0.5 0 
32.763 0.5 0.5 0 
32.7631 0.5 0.5 0 
32.7631 0.5 0.5 0 
32.7632 0.5 0.5 0 
32.7632 0.5 0.5 0 
32.7632 0.5 0.5 0 
32.7633 0.5 0.5 0 
32.7633 0.5 0.5 0 
32.7633 0.5 0.5 0 
32.7632 0.5 0.5 0 
32.7632 0.5 0.5 0 
32.7631 0.5 0.5 0 
32.763 0.5 0.5 0 
32.7629 0.5 0.5 0 
32.7628 0.5 0.5 0 
32.7627 0.5 0.5 0 
32.7626 0.5 0.5 0 
32.7625 0.5 0.5 0 
32.7623 0.5 0.5 0 
32.7622 0.5 0.5 0 
32.7621 0.5 0.5 0 
32.7619 0.5 0.5 0 
32.7618 0.5 0.5 0 
32.7617 0.5 0.5 0 
32.7616 0.5 0.5 0 
32.7615 0.5 0.5 0 
32.7614 0.5 0.5 0 
32.7613 0.5 0.5 0 
32.7612 0.5 0.5 0 
32.7612 0.5 0.5 0 
32.7612 0.5 0.5 0 
32.7612 0.5 0.5 0 
32.7612 0.5 0.5 0 
32.7612 0.5 0.5 0 
32.7613 0.5 0.5 0 
32.7614 0.5 0.5 0 
32.7614 0.5 0.5 0 
32.7615 0.5 0.5 0 
32.7616 0.5 0.5 0 
32.7618 0.5 0.5 0 
32.7619 0.5 0.5 0 
32.762 0.5 0.5 0 
32.7621 0.5 0.5 0 
32.7623 0.5 0.5 0 
32.7624 0.5 0.5 0 
32.7625 0.5 0.5 0 
32.7627 0.5 0.5 0 
32.7628 0.5 0.5 0 
32.7629 0.5 0.5 0 
32.763 0.5 0.5 0 
32.763 0.5 0.5 0 
32.7631 0.5 0.5 0 
32.7632 0.5 0.5 0 
32.7632 0.5 0.5 0 
32.7632 0.5 0.5 0 
32.7633 0.5 0.5 0 
32.7634 0.5 0.5 0 
32.7633 0.5 0.5 0 
32.7633 0.5 0.5 0 
32.7633 0.5 0.5 0 
32.7632 0.5 0.5 0 
32.7632 0.5 0.5 0 
32.7631 0.5 0.5 0 
32.763 0.5 0.5 0 
32.7629 0.5 0.5 0 
32.7628 0.5 0.5 0 
32.7627 0.5 0.5 0 
32.7625 0.5 0.5 0 
32.7624 0.5 0.5 0 
32.7623 0.5 0.5 0 
32.7622 0.5 0.5 0 
32.762 0.5 0.5 0 
32.7619 0.5 0.5 0 
32.7618 0.5 0.5 0 
32.7617 0.5 0.5 0 
32.7616 0.5 0.5 0 
32.7615 0.5 0.5 0 
32.7614 0.5 0.5 0 
32.7614 0.5 0.5 0 
32.7613 0.5 0.5 0 
32.7613 0.5 0.5 0 
32.7613 0.5 0.5 0 
32.7613 0.5 0.5 0 
32.7614 0.5 0.5 0 
32.7614 0.5 0.5 0 
32.7615 0.5 0.5 0 
32.7616 0.5 0.5 0 
32.7617 0.5 0.5 0 
32.7618 0.5 0.5 0 
32.7619 0.5 0.5 0 
32.762 0.5 0.5 0 
32.7621 0.5 0.5 0 
32.7622 0.5 0.5 0 
32.7624 0.5 0.5 0 
32.7625 0.5 0.5 0 
32.7626 0.5 0.5 0 
32.7627 0.5 0.5 0 
32.7628 0.5 0.5 0 
32.7629 0.5 0.5 0 
32.763 0.5 0.5 0 
32.7631 0.5 0.5 0 
32.7632 0.5 0.5 0 
32.7632 0.5 0.5 0 
32.7632 0.5 0.5 0 
32.7633 0.5 0.5 0 
32.7633 0.5 0.5 0 
32.7634 0.5 0.5 0 
32.7634 0.5 0.5 0 
32.7633 0.5 0.5 0 
32.7633 0.5 0.5 0 
32.7632 0.5 0.5 0 
32.7632 0.5 0.5 0 
32.7631 0.5 0.5 0 
32.763 0.5 0.5 0 
32.7629 0.5 0.5 0 
32.7628 0.5 0.5 0 
32.7627 0.5 0.5 0 
32.7626 0.5 0.5 0 
32.7625 0.5 0.5 0 
32.7623 0.5 0.5 0 
32.7622 0.5 0.5 0 
32.7621 0.5 0.5 0 
32.762 0.5 0.5 0 
32.7619 0.5 0.5 0 
32.7618 0.5 0.5 0 
32.7617 0.5 0.5 0 
32.7616 0.5 0.5 0 
32.7615 0.5 0.5 0 
32.7615 0.5 0.5 0 
32.7614 0.5 0.5 0 
32.7614 0.5 0.5 0 
32.7614 0.5 0.5 0 
32.7614 0.5 0.5 0 
32.7614 0.5 0.5 0 
32.7615 0.5 0.5 0 
32.7616 0.5 0.5 0 
32.7616 0.5 0.5 0 
32.7617 0.5 0.5 0 
32.7618 0.5 0.5 0 
32.7619 0.5 0.5 0 
32.762 0.5 0.5 0 
32.7622 0.5 0.5 0 
32.7623 0.5 0.5 0 
32.7624 0.5 0.5 0 
32.7625 0.5 0.5 0 
32.7626 0.5 0.5 0 
32.7628 0.5 0.5 0 
32.7629 0.5 0.5 0 
32.763 0.5 0.5 0 
32.763 0.5 0.5 0 
32.7631 0.5 0.5 0 
32.7632 0.5 0.5 0 
32.7632 0.5 0.5 0 
32.7633 0.5 0.5 0 
32.7633 0.5 0.5 0 
32.7633 0.5 0.5 0 
32.7634 0.5 0.5 0 
32.7634 0.5 0.5 0 
32.7634 0.5 0.5 0 
32.7633 0.5 0.5 0 
32.7633 0.5 0.5 0 
32.7632 0.5 0.5 0 
32.7631 0.5 0.5 0 
32.763 0.5 0.5 0 
32.7629 0.5 0.5 0 
32.7628 0.5 0.5 0 
32.7627 0.5 0.5 0 
32.7626 0.5 0.5 0 
32.7625 0.5 0.5 0 
32.7624 0.5 0.5 0 
32.7622 0.5 0.5 0 
32.7621 0.5 0.5 0 
32.762 0.5 0.5 0 
32.7619 0.5 0.5 0 
32.7618 0.5 0.5 0 
32.7617 0.5 0.5 0 
32.7616 0.5 0.5 0 
32.7616 0.5 0.5 0 
32.7615 0.5 0.5 0 
32.7615 0.5 0.5 0 
32.7614 0.5 0.5 0 
32.7614 0.5 0.5 0 
32.7615 0.5 0.5 0 
32.7615 0.5 0.5 0 
32.7615 0.5 0.5 0 
32.7616 0.5 0.5 0 
32.7617 0.5 0.5 0 
32.7618 0.5 0.5 0 
32.7619 0.5 0.5 0 
32.762 0.5 0.5 0 
32.7621 0.5 0.5 0 
32.7622 0.5 0.5 0 
32.7623 0.5 0.5 0 
32.7624 0.5 0.5 0 
32.7625 0.5 0.5 0 
32.7627 0.5 0.5 0 
32.7628 0.5 0.5 0 
32.7629 0.5 0.5 0 
32.763 0.5 0.5 0 
32.7631 0.5 0.5 0 
32.7631 0.5 0.5 0 
32.7632 0.5 0.5 0 
32.7633 0.5 0.5 0 
32.7633 0.5 0.5 0 
32.7633 0.5 0.5 0 
32.7633 0.5 0.5 0 

centers of voxels: 
-490 -490 0 
-470 -490 0 
-450 -490 0 
-430 -490 0 
-410 -490 0 
-390 -490 0 
-370 -490 0 
-350 -490 0 
-330 -490 0 
-310 -490 0 
-290 -490 0 
-270 -490 0 
-250 -490 0 
-230 -490 0 
-210 -490 0 
-190 -490 0 
-170 -490 0 
-150 -490 0 
-130 -490 0 
-110 -490 0 
-90 -490 0 
-70 -490 0 
-50 -490 0 
-30 -490 0 
-10 -490 0 
10 -490 0 
30 -490 0 
50 -490 0 
70 -490 0 
90 -490 0 
110 -490 0 
130 -490 0 
150 -490 0 
170 -490 0 
190 -490 0 
210 -490 0 
230 -490 0 
250 -490 0 
270 -490 0 
290 -490 0 
310 -490 0 
330 -490 0 
350 -490 0 
370 -490 0 
390 -490 0 
410 -490 0 
430 -490 0 
450 -490 0 
470 -490 0 
490 -490 0 
-490 -470 0 
-470 -470 0 
-450 -470 0 
-430 -470 0 
-410 -470 0 
-390 -470 0 
-370 -470 0 
-350 -470 0 
-330 -470 0 
-310 -470 0 
-290 -470 0 
-270 -470 0 
-250 -470 0 
-230 -470 0 
-210 -470 0 
-190 -470 0 
-170 -470 0 
-150 -470 0 
-130 -470 0 
-110 -470 0 
-90 -470 0 
-70 -470 0 
-50 -470 0 
-30 -470 0 
-10 -470 0 
10 -470 0 
30 -470 0 
50 -470 0 
70 -470 0 
90 -470 0 
110 -470 0 
130 -470 0 
150 -470 0 
170 -470 0 
190 -470 0 
210 -470 0 
230 -470 0 
250 -470 0 
270 -470 0 
290 -470 0 
310 -470 0 
330 -470 0 
350 -470 0 
370 -470 0 
390 -470 0 
410 -470 0 
430 -470 0 
450 -470 0 
470 -470 0 
490 -470 0 
-490 -450 0 
-470 -450 0 
-450 -450 0 
-430 -450 0 
-410 -450 0 
-390 -450 0 
-370 -450 0 
-350 -450 0 
-330 -450 0 
-310 -450 0 
-290 -450 0 
-270 -450 0 
-250 -450 0 
-230 -450 0 
-210 -450 0 
-190 -450 0 
-170 -450 0 
-150 -450 0 
-130 -450 0 
-110 -450 0 
-90 -450 0 
-70 -450 0 
-50 -450 0 
-30 -450 0 
-10 -450 0 
10 -450 0 
30 -450 0 
50 -450 0 
70 -450 0 
90 -450 0 
110 -450 0 
130 -450 0 
150 -450 0 
170 -450 0 
190 -450 0 
210 -450 0 
230 -450 0 
250 -450 0 
270 -450 0 
290 -450 0 
310 -450 0 
330 -450 0 
350 -450 0 
370 -450 0 
390 -450 0 
410 -450 0 
430 -450 0 
450 -450 0 
470 -450 0 
490 -450 0 
-490 -430 0 
-470 -430 0 
-450 -430 0 
-430 -430 0 
-410 -430 0 
-390 -430 0 
-370 -430 0 
-350 -430 0 
-330 -430 0 
-310 -430 0 
-290 -430 0 
-270 -430 0 
-250 -430 0 
-230 -430 0 
-210 -430 0 
-190 -430 0 
-170 -430 0 
-150 -430 0 
-130 -430 0 
-110 -430 0 
-90 -430 0 
-70 -430 0 
-50 -430 0 
-30 -430 0 
-10 -430 0 
10 -430 0 
30 -430 0 
50 -430 0 
70 -430 0 
90 -430 0 
110 -430 0 
130 -430 0 
150 -430 0 
170 -430 0 
190 -430 0 
210 -430 0 
230 -430 0 
250 -430 0 
270 -430 0 
290 -430 0 
310 -430 0 
330 -430 0 
350 -430 0 
370 -430 0 
390 -430 0 
410 -430 0 
430 -430 0 
450 -430 0 
470 -430 0 
490 -430 0 
-490 -410 0 
-470 -410 0 
-450 -410 0 
-430 -410 0 
-410 -410 0 
-390 -410 0 
-370 -410 0 
-350 -410 0 
-330 -410 0 
-310 -410 0 
-290 -410 0 
-270 -410 0 
-250 -410 0 
-230 -410 0 
-210 -410 0 
-190 -410 0 
-170 -410 0 
-150 -410 0 
-130 -410 0 
-110 -410 0 
-90 -410 0 
-70 -410 0 
-50 -410 0 
-30 -410 0 
-10 -410 0 
10 -410 0 
30 -410 0 
50 -410 0 
70 -410 0 
90 -410 0 
110 -410 0 
130 -410 0 
150 -410 0 
170 -410 0 
190 -410 0 
210 -410 0 
230 -410 0 
250 -410 0 
270 -410 0 
290 -410 0 
310 -410 0 
330 -410 0 
350 -410 0 
370 -410 0 
390 -410 0 
410 -410 0 
430 -410 0 
450 -410 0 
470 -410 0 
490 -410 0 
-490 -390 0 
-470 -390 0 
-450 -390 0 
-430 -390 0 
-410 -390 0 
-390 -390 0 
-370 -390 0 
-350 -390 0 
-330 -390 0 
-310 -390 0 
-290 -390 0 
-270 -390 0 
-250 -390 0 
-230 -390 0 
-210 -390 0 
-190 -390 0 
-170 -390 0 
-150 -390 0 
-130 -390 0 
-110 -390 0 
-90 -390 0 
-70 -390 0 
-50 -390 0 
-30 -390 0 
-10 -390 0 
10 -390 0 
30 -390 0 
50 -390 0 
70 -390 0 
90 -390 0 
110 -390 0 
130 -390 0 
150 -390 0 
170 -390 0 
190 -390 0 
210 -390 0 
230 -390 0 
250 -390 0 
270 -390 0 
290 -390 0 
310 -390 0 
330 -390 0 
350 -390 0 
370 -390 0 
390 -390 0 
410 -390 0 
430 -390 0 
450 -390 0 
470 -390 0 
490 -390 0 
-490 -370 0 
-470 -370 0 
-450 -370 0 
-430 -370 0 
-410 -370 0 
-390 -370 0 
-370 -370 0 
-350 -370 0 
-330 -370 0 
-310 -370 0 
-290 -370 0 
-270 -370 0 
-250 -370 0 
-230 -370 0 
-210 -370 0 
-190 -370 0 
-170 -370 0 
-150 -370 0 
-130 -370 0 
-110 -370 0 
-90 -370 0 
-70 -370 0 
-50 -370 0 
-30 -370 0 
-10 -370 0 
10 -370 0 
30 -370 0 
50 -370 0 
70 -370 0 
90 -370 0 
110 -370 0 
130 -370 0 
150 -370 0 
170 -370 0 
190 -370 0 
210 -370 0 
230 -370 0 
250 -370 0 
270 -370 0 
290 -370 0 
310 -370 0 
330 -370 0 
350 -370 0 
370 -370 0 
390 -370 0 
410 -370 0 
430 -370 0 
450 -370 0 
470 -370 0 
490 -370 0 
-490 -350 0 
-470 -350 0 
-450 -350 0 
-430 -350 0 
-410 -350 0 
-390 -350 0 
-370 -350 0 
-350 -350 0 
-330 -350 0 
-310 -350 0 
-290 -350 0 
-270 -350 0 
-250 -350 0 
-230 -350 0 
-210 -350 0 
-190 -350 0 
-170 -350 0 
-150 -350 0 
-130 -350 0 
-110 -350 0 
-90 -350 0 
-70 -350 0 
-50 -350 0 
-30 -350 0 
-10 -350 0 
10 -350 0 
30 -350 0 
50 -350 0 
70 -350 0 
90 -350 0 
110 -350 0 
130 -350 0 
150 -350 0 
170 -350 0 
190 -350 0 
210 -350 0 
230 -350 0 
250 -350 0 
270 -350 0 
290 -350 0 
310 -350 0 
330 -350 0 
350 -350 0 
370 -350 0 
390 -350 0 
410 -350 0 
430 -350 0 
450 -350 0 
470 -350 0 
490 -350 0 
-490 -330 0 
-470 -330 0 
-450 -330 0 
-430 -330 0 
-410 -330 0 
-390 -330 0 
-370 -330 0 
-350 -330 0 
-330 -330 0 
-310 -330 0 
-290 -330 0 
-270 -330 0 
-250 -330 0 
-230 -330 0 
-210 -330 0 
-190 -330 0 
-170 -330 0 
-150 -330 0 
-130 -330 0 
-110 -330 0 
-90 -330 0 
-70 -330 0 
-50 -330 0 
-30 -330 0 
-10 -330 0 
10 -330 0 
30 -330 0 
50 -330 0 
70 -330 0 
90 -330 0 
110 -330 0 
130 -330 0 
150 -330 0 
170 -330 0 
190 -330 0 
210 -330 0 
230 -330 0 
250 -330 0 
270 -330 0 
290 -330 0 
310 -330 0 
330 -330 0 
350 -330 0 
370 -330 0 
390 -330 0 
410 -330 0 
430 -330 0 
450 -330 0 
470 -330 0 
490 -330 0 
-490 -310 0 
-470 -310 0 
-450 -310 0 
-430 -310 0 
-410 -310 0 
-390 -310 0 
-370 -310 0 
-350 -310 0 
-330 -310 0 
-310 -310 0 
-290 -310 0 
-270 -310 0 
-250 -310 0 
-230 -310 0 
-210 -310 0 
-190 -310 0 
-170 -310 0 
-150 -310 0 
-130 -310 0 
-110 -310 0 
-90 -310 0 
-70 -310 0 
-50 -310 0 
-30 -310 0 
-10 -310 0 
10 -310 0 
30 -310 0 
50 -310 0 
70 -310 0 
90 -310 0 
110 -310 0 
130 -310 0 
150 -310 0 
170 -310 0 
190 -310 0 
210 -310 0 
230 -310 0 
250 -310 0 
270 -310 0 
290 -310 0 
310 -310 0 
330 -310 0 
350 -310 0 
370 -310 0 
390 -310 0 
410 -310 0 
430 -310 0 
450 -310 0 
470 -310 0 
490 -310 0 
-490 -290 0 
-470 -290 0 
-450 -290 0 
-430 -290 0 
-410 -290 0 
-390 -290 0 
-370 -290 0 
-350 -290 0 
-330 -290 0 
-310 -290 0 
-290 -290 0 
-270 -290 0 
-250 -290 0 
-230 -290 0 
-210 -290 0 
-190 -290 0 
-170 -290 0 
-150 -290 0 
-130 -290 0 
-110 -290 0 
-90 -290 0 
-70 -290 0 
-50 -290 0 
-30 -290 0 
-10 -290 0 
10 -290 0 
30 -290 0 
50 -290 0 
70 -290 0 
90 -290 0 
110 -290 0 
130 -290 0 
150 -290 0 
170 -290 0 
190 -290 0 
210 -290 0 
230 -290 0 
250 -290 0 
270 -290 0 
290 -290 0 
310 -290 0 
330 -290 0 
350 -290 0 
370 -290 0 
390 -290 0 
410 -290 0 
430 -290 0 
450 -290 0 
470 -290 0 
490 -290 0 
-490 -270 0 
-470 -270 0 
-450 -270 0 
-430 -270 0 
-410 -270 0 
-390 -270 0 
-370 -270 0 
-350 -270 0 
-330 -270 0 
-310 -270 0 
-290 -270 0 
-270 -270 0 
-250 -270 0 
-230 -270 0 
-210 -270 0 
-190 -270 0 
-170 -270 0 
-150 -270 0 
-130 -270 0 
-110 -270 0 
-90 -270 0 
-70 -270 0 
-50 -270 0 
-30 -270 0 
-10 -270 0 
10 -270 0 
30 -270 0 
50 -270 0 
70 -270 0 
90 -270 0 
110 -270 0 
130 -270 0 
150 -270 0 
170 -270 0 
190 -270 0 
210 -270 0 
230 -270 0 
250 -270 0 
270 -270 0 
290 -270 0 
310 -270 0 
330 -270 0 
350 -270 0 
370 -270 0 
390 -270 0 
410 -270 0 
430 -270 0 
450 -270 0 
470 -270 0 
490 -270 0 
-490 -250 0 
-470 -250 0 
-450 -250 0 
-430 -250 0 
-410 -250 0 
-390 -250 0 
-370 -250 0 
-350 -250 0 
-330 -250 0 
-310 -250 0 
-290 -250 0 
-270 -250 0 
-250 -250 0 
-230 -250 0 
-210 -250 0 
-190 -250 0 
-170 -250 0 
-150 -250 0 
-130 -250 0 
-110 -250 0 
-90 -250 0 
-70 -250 0 
-50 -250 0 
-30 -250 0 
-10 -250 0 
10 -250 0 
30 -250 0 
50 -250 0 
70 -250 0 
90 -250 0 
110 -250 0 
130 -250 0 
150 -250 0 
170 -250 0 
190 -250 0 
210 -250 0 
230 -250 0 
250 -250 0 
270 -250 0 
290 -250 0 
310 -250 0 
330 -250 0 
350 -250 0 
370 -250 0 
390 -250 0 
410 -250 0 
430 -250 0 
450 -250 0 
470 -250 0 
490 -250 0 
-490 -230 0 
-470 -230 0 
-450 -230 0 
-430 -230 0 
-410 -230 0 
-390 -230 0 
-370 -230 0 
-350 -230 0 
-330 -230 0 
-310 -230 0 
-290 -230 0 
-270 -230 0 
-250 -230 0 
-230 -230 0 
-210 -230 0 
-190 -230 0 
-170 -230 0 
-150 -230 0 
-130 -230 0 
-110 -230 0 
-90 -230 0 
-70 -230 0 
-50 -230 0 
-30 -230 0 
-10 -230 0 
10 -230 0 
30 -230 0 
50 -230 0 
70 -230 0 
90 -230 0 
110 -230 0 
130 -230 0 
150 -230 0 
170 -230 0 
190 -230 0 
210 -230 0 
230 -230 0 
250 -230 0 
270 -230 0 
290 -230 0 
310 -230 0 
330 -230 0 
350 -230 0 
370 -230 0 
390 -230 0 
410 -230 0 
430 -230 0 
450 -230 0 
470 -230 0 
490 -230 0 
-490 -210 0 
-470 -210 0 
-450 -210 0 
-430 -210 0 
-410 -210 0 
-390 -210 0 
-370 -210 0 
-350 -210 0 
-330 -210 0 
-310 -210 0 
-290 -210 0 
-270 -210 0 
-250 -210 0 
-230 -210 0 
-210 -210 0 
-190 -210 0 
-170 -210 0 
-150 -210 0 
-130 -210 0 
-110 -210 0 
-90 -210 0 
-70 -210 0 
-50 -210 0 
-30 -210 0 
-10 -210 0 
10 -210 0 
30 -210 0 
50 -210 0 
70 -210 0 
90 -210 0 
110 -210 0 
130 -210 0 
150 -210 0 
170 -210 0 
190 -210 0 
210 -210 0 
230 -210 0 
250 -210 0 
270 -210 0 
290 -210 0 
310 -210 0 
330 -210 0 
350 -210 0 
370 -210 0 
390 -210 0 
410 -210 0 
430 -210 0 
450 -210 0 
470 -210 0 
490 -210 0 
-490 -190 0 
-470 -190 0 
-450 -190 0 
-430 -190 0 
-410 -190 0 
-390 -190 0 
-370 -190 0 
-350 -190 0 
-330 -190 0 
-310 -190 0 
-290 -190 0 
-270 -190 0 
-250 -190 0 
-230 -190 0 
-210 -190 0 
-190 -190 0 
-170 -190 0 
-150 -190 0 
-130 -190 0 
-110 -190 0 
-90 -190 0 
-70 -190 0 
-50 -190 0 
-30 -190 0 
-10 -190 0 
10 -190 0 
30 -190 0 
50 -190 0 
70 -190 0 
90 -190 0 
110 -190 0 
130 -190 0 
150 -190 0 
170 -190 0 
190 -190 0 
210 -190 0 
230 -190 0 
250 -190 0 
270 -190 0 
290 -190 0 
310 -190 0 
330 -190 0 
350 -190 0 
370 -190 0 
390 -190 0 
410 -190 0 
430 -190 0 
450 -190 0 
470 -190 0 
490 -190 0 
-490 -170 0 
-470 -170 0 
-450 -170 0 
-430 -170 0 
-410 -170 0 
-390 -170 0 
-370 -170 0 
-350 -170 0 
-330 -170 0 
-310 -170 0 
-290 -170 0 
-270 -170 0 
-250 -170 0 
-230 -170 0 
-210 -170 0 
-190 -170 0 
-170 -170 0 
-150 -170 0 
-130 -170 0 
-110 -170 0 
-90 -170 0 
-70 -170 0 
-50 -170 0 
-30 -170 0 
-10 -170 0 
10 -170 0 
30 -170 0 
50 -170 0 
70 -170 0 
90 -170 0 
110 -170 0 
130 -170 0 
150 -170 0 
170 -170 0 
190 -170 0 
210 -170 0 
230 -170 0 
250 -170 0 
270 -170 0 
290 -170 0 
310 -170 0 
330 -170 0 
350 -170 0 
370 -170 0 
390 -170 0 
410 -170 0 
430 -170 0 
450 -170 0 
470 -170 0 
490 -170 0 
-490 -150 0 
-470 -150 0 
-450 -150 0 
-430 -150 0 
-410 -150 0 
-390 -150 0 
-370 -150 0 
-350 -150 0 
-330 -150 0 
-310 -150 0 
-290 -150 0 
-270 -150 0 
-250 -150 0 
-230 -150 0 
-210 -150 0 
-190 -150 0 
-170 -150 0 
-150 -150 0 
-130 -150 0 
-110 -150 0 
-90 -150 0 
-70 -150 0 
-50 -150 0 
-30 -150 0 
-10 -150 0 
10 -150 0 
30 -150 0 
50 -150 0 
70 -150 0 
90 -150 0 
110 -150 0 
130 -150 0 
150 -150 0 
170 -150 0 
190 -150 0 
210 -150 0 
230 -150 0 
250 -150 0 
270 -150 0 
290 -150 0 
310 -150 0 
330 -150 0 
350 -150 0 
370 -150 0 
390 -150 0 
410 -150 0 
430 -150 0 
450 -150 0 
470 -150 0 
490 -150 0 
-490 -130 0 
-470 -130 0 
-450 -130 0 
-430 -130 0 
-410 -130 0 
-390 -130 0 
-370 -130 0 
-350 -130 0 
-330 -130 0 
-310 -130 0 
-290 -130 0 
-270 -130 0 
-250 -130 0 
-230 -130 0 
-210 -130 0 
-190 -130 0 
-170 -130 0 
-150 -130 0 
-130 -130 0 
-110 -130 0 
-90 -130 0 
-70 -130 0 
-50 -130 0 
-30 -130 0 
-10 -130 0 
10 -130 0 
30 -130 0 
50 -130 0 
70 -130 0 
90 -130 0 
110 -130 0 
130 -130 0 
150 -130 0 
170 -130 0 
190 -130 0 
210 -130 0 
230 -130 0 
250 -130 0 
270 -130 0 
290 -130 0 
310 -130 0 
330 -130 0 
350 -130 0 
370 -130 0 
390 -130 0 
410 -130 0 
430 -130 0 
450 -130 0 
470 -130 0 
490 -130 0 
-490 -110 0 
-470 -110 0 
-450 -110 0 
-430 -110 0 
-410 -110 0 
-390 -110 0 
-370 -110 0 
-350 -110 0 
-330 -110 0 
-310 -110 0 
-290 -110 0 
-270 -110 0 
-250 -110 0 
-230 -110 0 
-210 -110 0 
-190 -110 0 
-170 -110 0 
-150 -110 0 
-130 -110 0 
-110 -110 0 
-90 -110 0 
-70 -110 0 
-50 -110 0 
-30 -110 0 
-10 -110 0 
10 -110 0 
30 -110 0 
50 -110 0 
70 -110 0 
90 -110 0 
110 -110 0 
130 -110 0 
150 -110 0 
170 -110 0 
190 -110 0 
210 -110 0 
230 -110 0 
250 -110 0 
270 -110 0 
290 -110 0 
310 -110 0 
330 -110 0 
350 -110 0 
370 -110 0 
390 -110 0 
410 -110 0 
430 -110 0 
450 -110 0 
470 -110 0 
490 -110 0 
-490 -90 0 
-470 -90 0 
-450 -90 0 
-430 -90 0 
-410 -90 0 
-390 -90 0 
-370 -90 0 
-350 -90 0 
-330 -90 0 
-310 -90 0 
-290 -90 0 
-270 -90 0 
-250 -90 0 
-230 -90 0 
-210 -90 0 
-190 -90 0 
-170 -90 0 
-150 -90 0 
-130 -90 0 
-110 -90 0 
-90 -90 0 
-70 -90 0 
-50 -90 0 
-30 -90 0 
-10 -90 0 
10 -90 0 
30 -90 0 
50 -90 0 
70 -90 0 
90 -90 0 
110 -90 0 
130 -90 0 
150 -90 0 
170 -90 0 
190 -90 0 
210 -90 0 
230 -90 0 
250 -90 0 
270 -90 0 
290 -90 0 
310 -90 0 
330 -90 0 
350 -90 0 
370 -90 0 
390 -90 0 
410 -90 0 
430 -90 0 
450 -90 0 
470 -90 0 
490 -90 0 
-490 -70 0 
-470 -70 0 
-450 -70 0 
-430 -70 0 
-410 -70 0 
-390 -70 0 
-370 -70 0 
-350 -70 0 
-330 -70 0 
-310 -70 0 
-290 -70 0 
-270 -70 0 
-250 -70 0 
-230 -70 0 
-210 -70 0 
-190 -70 0 
-170 -70 0 
-150 -70 0 
-130 -70 0 
-110 -70 0 
-90 -70 0 
-70 -70 0 
-50 -70 0 
-30 -70 0 
-10 -70 0 
10 -70 0 
30 -70 0 
50 -70 0 
70 -70 0 
90 -70 0 
110 -70 0 
130 -70 0 
150 -70 0 
170 -70 0 
190 -70 0 
210 -70 0 
230 -70 0 
250 -70 0 
270 -70 0 
290 -70 0 
310 -70 0 
330 -70 0 
350 -70 0 
370 -70 0 
390 -70 0 
410 -70 0 
430 -70 0 
450 -70 0 
470 -70 0 
490 -70 0 
-490 -50 0 
-470 -50 0 
-450 -50 0 
-430 -50 0 
-410 -50 0 
-390 -50 0 
-370 -50 0 
-350 -50 0 
-330 -50 0 
-310 -50 0 
-290 -50 0 
-270 -50 0 
-250 -50 0 
-230 -50 0 
-210 -50 0 
-190 -50 0 
-170 -50 0 
-150 -50 0 
-130 -50 0 
-110 -50 0 
-90 -50 0 
-70 -50 0 
-50 -50 0 
-30 -50 0 
-10 -50 0 
10 -50 0 
30 -50 0 
50 -50 0 
70 -50 0 
90 -50 0 
110 -50 0 
130 -50 0 
150 -50 0 
170 -50 0 
190 -50 0 
210 -50 0 
230 -50 0 
250 -50 0 
270 -50 0 
290 -50 0 
310 -50 0 
330 -50 0 
350 -50 0 
370 -50 0 
390 -50 0 
410 -50 0 
430 -50 0 
450 -50 0 
470 -50 0 
490 -50 0 
-490 -30 0 
-470 -30 0 
-450 -30 0 
-430 -30 0 
-410 -30 0 
-390 -30 0 
-370 -30 0 
-350 -30 0 
-330 -30 0 
-310 -30 0 
-290 -30 0 
-270 -30 0 
-250 -30 0 
-230 -30 0 
-210 -30 0 
-190 -30 0 
-170 -30 0 
-150 -30 0 
-130 -30 0 
-110 -30 0 
-90 -30 0 
-70 -30 0 
-50 -30 0 
-30 -30 0 
-10 -30 0 
10 -30 0 
30 -30 0 
50 -30 0 
70 -30 0 
90 -30 0 
110 -30 0 
130 -30 0 
150 -30 0 
170 -30 0 
190 -30 0 
210 -30 0 
230 -30 0 
250 -30 0 
270 -30 0 
290 -30 0 
310 -30 0 
330 -30 0 
350 -30 0 
370 -30 0 
390 -30 0 
410 -30 0 
430 -30 0 
450 -30 0 
470 -30 0 
490 -30 0 
-490 -10 0 
-470 -10 0 
-450 -10 0 
-430 -10 0 
-410 -10 0 
-390 -10 0 
-370 -10 0 
-350 -10 0 
-330 -10 0 
-310 -10 0 
-290 -10 0 
-270 -10 0 
-250 -10 0 
-230 -10 0 
-210 -10 0 
-190 -10 0 
-170 -10 0 
-150 -10 0 
-130 -10 0 
-110 -10 0 
-90 -10 0 
-70 -10 0 
-50 -10 0 
-30 -10 0 
-10 -10 0 
10 -10 0 
30 -10 0 
50 -10 0 
70 -10 0 
90 -10 0 
110 -10 0 
130 -10 0 
150 -10 0 
170 -10 0 
190 -10 0 
210 -10 0 
230 -10 0 
250 -10 0 
270 -10 0 
290 -10 0 
310 -10 0 
330 -10 0 
350 -10 0 
370 -10 0 
390 -10 0 
410 -10 0 
430 -10 0 
450 -10 0 
470 -10 0 
490 -10 0 
-490 10 0 
-470 10 0 
-450 10 0 
-430 10 0 
-410 10 0 
-390 10 0 
-370 10 0 
-350 10 0 
-330 10 0 
-310 10 0 
-290 10 0 
-270 10 0 
-250 10 0 
-230 10 0 
-210 10 0 
-190 10 0 
-170 10 0 
-150 10 0 
-130 10 0 
-110 10 0 
-90 10 0 
-70 10 0 
-50 10 0 
-30 10 0 
-10 10 0 
10 10 0 
30 10 0 
50 10 0 
70 10 0 
90 10 0 
110 10 0 
130 10 0 
150 10 0 
170 10 0 
190 10 0 
210 10 0 
230 10 0 
250 10 0 
270 10 0 
290 10 0 
310 10 0 
330 10 0 
350 10 0 
370 10 0 
390 10 0 
410 10 0 
430 10 0 
450 10 0 
470 10 0 
490 10 0 
-490 30 0 
-470 30 0 
-450 30 0 
-430 30 0 
-410 30 0 
-390 30 0 
-370 30 0 
-350 30 0 
-330 30 0 
-310 30 0 
-290 30 0 
-270 30 0 
-250 30 0 
-230 30 0 
-210 30 0 
-190 30 0 
-170 30 0 
-150 30 0 
-130 30 0 
-110 30 0 
-90 30 0 
-70 30 0 
-50 30 0 
-30 30 0 
-10 30 0 
10 30 0 
30 30 0 
50 30 0 
70 30 0 
90 30 0 
110 30 0 
130 30 0 
150 30 0 
170 30 0 
190 30 0 
210 30 0 
230 30 0 
250 30 0 
270 30 0 
290 30 0 
310 30 0 
330 30 0 
350 30 0 
370 30 0 
390 30 0 
410 30 0 
430 30 0 
450 30 0 
470 30 0 
490 30 0 
-490 50 0 
-470 50 0 
-450 50 0 
-430 50 0 
-410 50 0 
-390 50 0 
-370 50 0 
-350 50 0 
-330 50 0 
-310 50 0 
-290 50 0 
-270 50 0 
-250 50 0 
-230 50 0 
-210 50 0 
-190 50 0 
-170 50 0 
-150 50 0 
-130 50 0 
-110 50 0 
-90 50 0 
-70 50 0 
-50 50 0 
-30 50 0 
-10 50 0 
10 50 0 
30 50 0 
50 50 0 
70 50 0 
90 50 0 
110 50 0 
130 50 0 
150 50 0 
170 50 0 
190 50 0 
210 50 0 
230 50 0 
250 50 0 
270 50 0 
290 50 0 
310 50 0 
330 50 0 
350 50 0 
370 50 0 
390 50 0 
410 50 0 
430 50 0 
450 50 0 
470 50 0 
490 50 0 
-490 70 0 
-470 70 0 
-450 70 0 
-430 70 0 
-410 70 0 
-390 70 0 
-370 70 0 
-350 70 0 
-330 70 0 
-310 70 0 
-290 70 0 
-270 70 0 
-250 70 0 
-230 70 0 
-210 70 0 
-190 70 0 
-170 70 0 
-150 70 0 
-130 70 0 
-110 70 0 
-90 70 0 
-70 70 0 
-50 70 0 
-30 70 0 
-10 70 0 
10 70 0 
30 70 0 
50 70 0 
70 70 0 
90 70 0 
110 70 0 
130 70 0 
150 70 0 
170 70 0 
190 70 0 
210 70 0 
230 70 0 
250 70 0 
270 70 0 
290 70 0 
310 70 0 
330 70 0 
350 70 0 
370 70 0 
390 70 0 
410 70 0 
430 70 0 
450 70 0 
470 70 0 
490 70 0 
-490 90 0 
-470 90 0 
-450 90 0 
-430 90 0 
-410 90 0 
-390 90 0 
-370 90 0 
-350 90 0 
-330 90 0 
-310 90 0 
-290 90 0 
-270 90 0 
-250 90 0 
-230 90 0 
-210 90 0 
-190 90 0 
-170 90 0 
-150 90 0 
-130 90 0 
-110 90 0 
-90 90 0 
-70 90 0 
-50 90 0 
-30 90 0 
-10 90 0 
10 90 0 
30 90 0 
50 90 0 
70 90 0 
90 90 0 
110 90 0 
130 90 0 
150 90 0 
170 90 0 
190 90 0 
210 90 0 
230 90 0 
250 90 0 
270 90 0 
290 90 0 
310 90 0 
330 90 0 
350 90 0 
370 90 0 
390 90 0 
410 90 0 
430 90 0 
450 90 0 
470 90 0 
490 90 0 
-490 110 0 
-470 110 0 
-450 110 0 
-430 110 0 
-410 110 0 
-390 110 0 
-370 110 0 
-350 110 0 
-330 110 0 
-310 110 0 
-290 110 0 
-270 110 0 
-250 110 0 
-230 110 0 
-210 110 0 
-190 110 0 
-170 110 0 
-150 110 0 
-130 110 0 
-110 110 0 
-90 110 0 
-70 110 0 
-50 110 0 
-30 110 0 
-10 110 0 
10 110 0 
30 110 0 
50 110 0 
70 110 0 
90 110 0 
110 110 0 
130 110 0 
150 110 0 
170 110 0 
190 110 0 
210 110 0 
230 110 0 
250 110 0 
270 110 0 
290 110 0 
310 110 0 
330 110 0 
350 110 0 
370 110 0 
390 110 0 
410 110 0 
430 110 0 
450 110 0 
470 110 0 
490 110 0 
-490 130 0 
-470 130 0 
-450 130 0 
-430 130 0 
-410 130 0 
-390 130 0 
-370 130 0 
-350 130 0 
-330 130 0 
-310 130 0 
-290 130 0 
-270 130 0 
-250 130 0 
-230 130 0 
-210 130 0 
-190 130 0 
-170 130 0 
-150 130 0 
-130 130 0 
-110 130 0 
-90 130 0 
-70 130 0 
-50 130 0 
-30 130 0 
-10 130 0 
10 130 0 
30 130 0 
50 130 0 
70 130 0 
90 130 0 
110 130 0 
130 130 0 
150 130 0 
170 130 0 
190 130 0 
210 130 0 
230 130 0 
250 130 0 
270 130 0 
290 130 0 
310 130 0 
330 130 0 
350 130 0 
370 130 0 
390 130 0 
410 130 0 
430 130 0 
450 130 0 
470 130 0 
490 130 0 
-490 150 0 
-470 150 0 
-450 150 0 
-430 150 0 
-410 150 0 
-390 150 0 
-370 150 0 
-350 150 0 
-330 150 0 
-310 150 0 
-290 150 0 
-270 150 0 
-250 150 0 
-230 150 0 
-210 150 0 
-190 150 0 
-170 150 0 
-150 150 0 
-130 150 0 
-110 150 0 
-90 150 0 
-70 150 0 
-50 150 0 
-30 150 0 
-10 150 0 
10 150 0 
30 150 0 
50 150 0 
70 150 0 
90 150 0 
110 150 0 
130 150 0 
150 150 0 
170 150 0 
190 150 0 
210 150 0 
230 150 0 
250 150 0 
270 150 0 
290 150 0 
310 150 0 
330 150 0 
350 150 0 
370 150 0 
390 150 0 
410 150 0 
430 150 0 
450 150 0 
470 150 0 
490 150 0 
-490 170 0 
-470 170 0 
-450 170 0 
-430 170 0 
-410 170 0 
-390 170 0 
-370 170 0 
-350 170 0 
-330 170 0 
-310 170 0 
-290 170 0 
-270 170 0 
-250 170 0 
-230 170 0 
-210 170 0 
-190 170 0 
-170 170 0 
-150 170 0 
-130 170 0 
-110 170 0 
-90 170 0 
-70 170 0 
-50 170 0 
-30 170 0 
-10 170 0 
10 170 0 
30 170 0 
50 170 0 
70 170 0 
90 170 0 
110 170 0 
130 170 0 
150 170 0 
170 170 0 
190 170 0 
210 170 0 
230 170 0 
250 170 0 
270 170 0 
290 170 0 
310 170 0 
330 170 0 
350 170 0 
370 170 0 
390 170 0 
410 170 0 
430 170 0 
450 170 0 
470 170 0 
490 170 0 
-490 190 0 
-470 190 0 
-450 190 0 
-430 190 0 
-410 190 0 
-390 190 0 
-370 190 0 
-350 190 0 
-330 190 0 
-310 190 0 
-290 190 0 
-270 190 0 
-250 190 0 
-230 190 0 
-210 190 0 
-190 190 0 
-170 190 0 
-150 190 0 
-130 190 0 
-110 190 0 
-90 190 0 
-70 190 0 
-50 190 0 
-30 190 0 
-10 190 0 
10 190 0 
30 190 0 
50 190 0 
70 190 0 
90 190 0 
110 190 0 
130 190 0 
150 190 0 
170 190 0 
190 190 0 
210 190 0 
230 190 0 
250 190 0 
270 190 0 
290 190 0 
310 190 0 
330 190 0 
350 190 0 
370 190 0 
390 190 0 
410 190 0 
430 190 0 
450 190 0 
470 190 0 
490 190 0 
-490 210 0 
-470 210 0 
-450 210 0 
-430 210 0 
-410 210 0 
-390 210 0 
-370 210 0 
-350 210 0 
-330 210 0 
-310 210 0 
-290 210 0 
-270 210 0 
-250 210 0 
-230 210 0 
-210 210 0 
-190 210 0 
-170 210 0 
-150 210 0 
-130 210 0 
-110 210 0 
-90 210 0 
-70 210 0 
-50 210 0 
-30 210 0 
-10 210 0 
10 210 0 
30 210 0 
50 210 0 
70 210 0 
90 210 0 
110 210 0 
130 210 0 
150 210 0 
170 210 0 
190 210 0 
210 210 0 
230 210 0 
250 210 0 
270 210 0 
290 210 0 
310 210 0 
330 210 0 
350 210 0 
370 210 0 
390 210 0 
410 210 0 
430 210 0 
450 210 0 
470 210 0 
490 210 0 
-490 230 0 
-470 230 0 
-450 230 0 
-430 230 0 
-410 230 0 
-390 230 0 
-370 230 0 
-350 230 0 
-330 230 0 
-310 230 0 
-290 230 0 
-270 230 0 
-250 230 0 
-230 230 0 
-210 230 0 
-190 230 0 
-170 230 0 
-150 230 0 
-130 230 0 
-110 230 0 
-90 230 0 
-70 230 0 
-50 230 0 
-30 230 0 
-10 230 0 
10 230 0 
30 230 0 
50 230 0 
70 230 0 
90 230 0 
110 230 0 
130 230 0 
150 230 0 
170 230 0 
190 230 0 
210 230 0 
230 230 0 
250 230 0 
270 230 0 
290 230 0 
310 230 0 
330 230 0 
350 230 0 
370 230 0 
390 230 0 
410 230 0 
430 230 0 
450 230 0 
470 230 0 
490 230 0 
-490 250 0 
-470 250 0 
-450 250 0 
-430 250 0 
-410 250 0 
-390 250 0 
-370 250 0 
-350 250 0 
-330 250 0 
-310 250 0 
-290 250 0 
-270 250 0 
-250 250 0 
-230 250 0 
-210 250 0 
-190 250 0 
-170 250 0 
-150 250 0 
-130 250 0 
-110 250 0 
-90 250 0 
-70 250 0 
-50 250 0 
-30 250 0 
-10 250 0 
10 250 0 
30 250 0 
50 250 0 
70 250 0 
90 250 0 
110 250 0 
130 250 0 
150 250 0 
170 250 0 
190 250 0 
210 250 0 
230 250 0 
250 250 0 
270 250 0 
290 250 0 
310 250 0 
330 250 0 
350 250 0 
370 250 0 
390 250 0 
410 250 0 
430 250 0 
450 250 0 
470 250 0 
490 250 0 
-490 270 0 
-470 270 0 
-450 270 0 
-430 270 0 
-410 270 0 
-390 270 0 
-370 270 0 
-350 270 0 
-330 270 0 
-310 270 0 
-290 270 0 
-270 270 0 
-250 270 0 
-230 270 0 
-210 270 0 
-190 270 0 
-170 270 0 
-150 270 0 
-130 270 0 
-110 270 0 
-90 270 0 
-70 270 0 
-50 270 0 
-30 270 0 
-10 270 0 
10 270 0 
30 270 0 
50 270 0 
70 270 0 
90 270 0 
110 270 0 
130 270 0 
150 270 0 
170 270 0 
190 270 0 
210 270 0 
230 270 0 
250 270 0 
270 270 0 
290 270 0 
310 270 0 
330 270 0 
350 270 0 
370 270 0 
390 270 0 
410 270 0 
430 270 0 
450 270 0 
470 270 0 
490 270 0 
-490 290 0 
-470 290 0 
-450 290 0 
-430 290 0 
-410 290 0 
-390 290 0 
-370 290 0 
-350 290 0 
-330 290 0 
-310 290 0 
-290 290 0 
-270 290 0 
-250 290 0 
-230 290 0 
-210 290 0 
-190 290 0 
-170 290 0 
-150 290 0 
-130 290 0 
-110 290 0 
-90 290 0 
-70 290 0 
-50 290 0 
-30 290 0 
-10 290 0 
10 290 0 
30 290 0 
50 290 0 
70 290 0 
90 290 0 
110 290 0 
130 290 0 
150 290 0 
170 290 0 
190 290 0 
210 290 0 
230 290 0 
250 290 0 
270 290 0 
290 290 0 
310 290 0 
330 290 0 
350 290 0 
370 290 0 
390 290 0 
410 290 0 
430 290 0 
450 290 0 
470 290 0 
490 290 0 
-490 310 0 
-470 310 0 
-450 310 0 
-430 310 0 
-410 310 0 
-390 310 0 
-370 310 0 
-350 310 0 
-330 310 0 
-310 310 0 
-290 310 0 
-270 310 0 
-250 310 0 
-230 310 0 
-210 310 0 
-190 310 0 
-170 310 0 
-150 310 0 
-130 310 0 
-110 310 0 
-90 310 0 
-70 310 0 
-50 310 0 
-30 310 0 
-10 310 0 
10 310 0 
30 310 0 
50 310 0 
70 310 0 
90 310 0 
110 310 0 
130 310 0 
150 310 0 
170 310 0 
190 310 0 
210 310 0 
230 310 0 
250 310 0 
270 310 0 
290 310 0 
310 310 0 
330 310 0 
350 310 0 
370 310 0 
390 310 0 
410 310 0 
430 310 0 
450 310 0 
470 310 0 
490 310 0 
-490 330 0 
-470 330 0 
-450 330 0 
-430 330 0 
-410 330 0 
-390 330 0 
-370 330 0 
-350 330 0 
-330 330 0 
-310 330 0 
-290 330 0 
-270 330 0 
-250 330 0 
-230 330 0 
-210 330 0 
-190 330 0 
-170 330 0 
-150 330 0 
-130 330 0 
-110 330 0 
-90 330 0 
-70 330 0 
-50 330 0 
-30 330 0 
-10 330 0 
10 330 0 
30 330 0 
50 330 0 
70 330 0 
90 330 0 
110 330 0 
130 330 0 
150 330 0 
170 330 0 
190 330 0 
210 330 0 
230 330 0 
250 330 0 
270 330 0 
290 330 0 
310 330 0 
330 330 0 
350 330 0 
370 330 0 
390 330 0 
410 330 0 
430 330 0 
450 330 0 
470 330 0 
490 330 0 
-490 350 0 
-470 350 0 
-450 350 0 
-430 350 0 
-410 350 0 
-390 350 0 
-370 350 0 
-350 350 0 
-330 350 0 
-310 350 0 
-290 350 0 
-270 350 0 
-250 350 0 
-230 350 0 
-210 350 0 
-190 350 0 
-170 350 0 
-150 350 0 
-130 350 0 
-110 350 0 
-90 350 0 
-70 350 0 
-50 350 0 
-30 350 0 
-10 350 0 
10 350 0 
30 350 0 
50 350 0 
70 350 0 
90 350 0 
110 350 0 
130 350 0 
150 350 0 
170 350 0 
190 350 0 
210 350 0 
230 350 0 
250 350 0 
270 350 0 
290 350 0 
310 350 0 
330 350 0 
350 350 0 
370 350 0 
390 350 0 
410 350 0 
430 350 0 
450 350 0 
470 350 0 
490 350 0 
-490 370 0 
-470 370 0 
-450 370 0 
-430 370 0 
-410 370 0 
-390 370 0 
-370 370 0 
-350 370 0 
-330 370 0 
-310 370 0 
-290 370 0 
-270 370 0 
-250 370 0 
-230 370 0 
-210 370 0 
-190 370 0 
-170 370 0 
-150 370 0 
-130 370 0 
-110 370 0 
-90 370 0 
-70 370 0 
-50 370 0 
-30 370 0 
-10 370 0 
10 370 0 
30 370 0 
50 370 0 
70 370 0 
90 370 0 
110 370 0 
130 370 0 
150 370 0 
170 370 0 
190 370 0 
210 370 0 
230 370 0 
250 370 0 
270 370 0 
290 370 0 
310 370 0 
330 370 0 
350 370 0 
370 370 0 
390 370 0 
410 370 0 
430 370 0 
450 370 0 
470 370 0 
490 370 0 
-490 390 0 
-470 390 0 
-450 390 0 
-430 390 0 
-410 390 0 
-390 390 0 
-370 390 0 
-350 390 0 
-330 390 0 
-310 390 0 
-290 390 0 
-270 390 0 
-250 390 0 
-230 390 0 
-210 390 0 
-190 390 0 
-170 390 0 
-150 390 0 
-130 390 0 
-110 390 0 
-90 390 0 
-70 390 0 
-50 390 0 
-30 390 0 
-10 390 0 
10 390 0 
30 390 0 
50 390 0 
70 390 0 
90 390 0 
110 390 0 
130 390 0 
150 390 0 
170 390 0 
190 390 0 
210 390 0 
230 390 0 
250 390 0 
270 390 0 
290 390 0 
310 390 0 
330 390 0 
350 390 0 
370 390 0 
390 390 0 
410 390 0 
430 390 0 
450 390 0 
470 390 0 
490 390 0 
-490 410 0 
-470 410 0 
-450 410 0 
-430 410 0 
-410 410 0 
-390 410 0 
-370 410 0 
-350 410 0 
-330 410 0 
-310 410 0 
-290 410 0 
-270 410 0 
-250 410 0 
-230 410 0 
-210 410 0 
-190 410 0 
-170 410 0 
-150 410 0 
-130 410 0 
-110 410 0 
-90 410 0 
-70 410 0 
-50 410 0 
-30 410 0 
-10 410 0 
10 410 0 
30 410 0 
50 410 0 
70 410 0 
90 410 0 
110 410 0 
130 410 0 
150 410 0 
170 410 0 
190 410 0 
210 410 0 
230 410 0 
250 410 0 
270 410 0 
290 410 0 
310 410 0 
330 410 0 
350 410 0 
370 410 0 
390 410 0 
410 410 0 
430 410 0 
450 410 0 
470 410 0 
490 410 0 
-490 430 0 
-470 430 0 
-450 430 0 
-430 430 0 
-410 430 0 
-390 430 0 
-370 430 0 
-350 430 0 
-330 430 0 
-310 430 0 
-290 430 0 
-270 430 0 
-250 430 0 
-230 430 0 
-210 430 0 
-190 430 0 
-170 430 0 
-150 430 0 
-130 430 0 
-110 430 0 
-90 430 0 
-70 430 0 
-50 430 0 
-30 430 0 
-10 430 0 
10 430 0 
30 430 0 
50 430 0 
70 430 0 
90 430 0 
110 430 0 
130 430 0 
150 430 0 
170 430 0 
190 430 0 
210 430 0 
230 430 0 
250 430 0 
270 430 0 
290 430 0 
310 430 0 
330 430 0 
350 430 0 
370 430 0 
390 430 0 
410 430 0 
430 430 0 
450 430 0 
470 430 0 
490 430 0 
-490 450 0 
-470 450 0 
-450 450 0 
-430 450 0 
-410 450 0 
-390 450 0 
-370 450 0 
-350 450 0 
-330 450 0 
-310 450 0 
-290 450 0 
-270 450 0 
-250 450 0 
-230 450 0 
-210 450 0 
-190 450 0 
-170 450 0 
-150 450 0 
-130 450 0 
-110 450 0 
-90 450 0 
-70 450 0 
-50 450 0 
-30 450 0 
-10 450 0 
10 450 0 
30 450 0 
50 450 0 
70 450 0 
90 450 0 
110 450 0 
130 450 0 
150 450 0 
170 450 0 
190 450 0 
210 450 0 
230 450 0 
250 450 0 
270 450 0 
290 450 0 
310 450 0 
330 450 0 
350 450 0 
370 450 0 
390 450 0 
410 450 0 
430 450 0 
450 450 0 
470 450 0 
490 450 0 
-490 470 0 
-470 470 0 
-450 470 0 
-430 470 0 
-410 470 0 
-390 470 0 
-370 470 0 
-350 470 0 
-330 470 0 
-310 470 0 
-290 470 0 
-270 470 0 
-250 470 0 
-230 470 0 
-210 470 0 
-190 470 0 
-170 470 0 
-150 470 0 
-130 470 0 
-110 470 0 
-90 470 0 
-70 470 0 
-50 470 0 
-30 470 0 
-10 470 0 
10 470 0 
30 470 0 
50 470 0 
70 470 0 
90 470 0 
110 470 0 
130 470 0 
150 470 0 
170 470 0 
190 470 0 
210 470 0 
230 470 0 
250 470 0 
270 470 0 
290 470 0 
310 470 0 
330 470 0 
350 470 0 
370 470 0 
390 470 0 
410 470 0 
430 470 0 
450 470 0 
470 470 0 
490 470 0 
-490 490 0 
-470 490 0 
-450 490 0 
-430 490 0 
-410 490 0 
-390 490 0 
-370 490 0 
-350 490 0 
-330 490 0 
-310 490 0 
-290 490 0 
-270 490 0 
-250 490 0 
-230 490 0 
-210 490 0 
-190 490 0 
-170 490 0 
-150 490 0 
-130 490 0 
-110 490 0 
-90 490 0 
-70 490 0 
-50 490 0 
-30 490 0 
-10 490 0 
10 490 0 
30 490 0 
50 490 0 
70 490 0 
90 490 0 
110 490 0 
130 490 0 
150 490 0 
170 490 0 
190 490 0 
210 490 0 
230 490 0 
250 490 0 
270 490 0 
290 490 0 
310 490 0 
330 490 0 
350 490 0 
370 490 0 
390 490 0 
410 490 0 
430 490 0 
450 490 0 
470 490 0 
490 490 0 

